,tSNE1,tSNE2,Cluster
AAACATACAACCAC-1,-15.953093,-24.378658,7
AAACATTGAGCTAC-1,-21.18108,37.57855,6
AAACATTGATCAGC-1,-34.530632,8.787741,1
AAACCGTGCTTCCG-1,39.581852,4.8336697,3
AAACCGTGTATGCG-1,9.362831,-44.136494,5
AAACGCACTGGTAC-1,-13.288632,-14.971139,1
AAACGCTGACCAGT-1,-9.644022,-28.72418,7
AAACGCTGGTTCTT-1,-12.978961,-28.52274,7
AAACGCTGTAGCCA-1,0.9920746,-23.72403,8
AAACGCTGTTTCTG-1,22.09542,17.717678,9
AAACTTGAAAAACG-1,-20.347551,38.339497,6
AAACTTGATCCAGA-1,-6.389101,-0.52526283,1
AAAGAGACGAGATA-1,-20.9923,-6.700405,1
AAAGAGACGCGAGA-1,42.187782,12.2886505,3
AAAGAGACGGACTT-1,1.1578349,-24.795542,8
AAAGAGACGGCATT-1,7.622669,-17.901693,8
AAAGATCTGGGCAA-1,27.758068,24.204193,9
AAAGCAGAAGCCAT-1,-0.68388635,-27.108597,8
AAAGCAGATATCGG-1,46.258553,0.10443834,0
AAAGCCTGTATGCG-1,-36.70893,-2.5565615,1
AAAGGCCTGTCTAG-1,-21.861757,36.221985,1
AAAGTTTGATCACG-1,-3.578111,47.10338,6
AAAGTTTGGGGTGA-1,-18.953894,37.72129,6
AAAGTTTGTAGAGA-1,6.579843,-16.755018,8
AAAGTTTGTAGCGT-1,40.094086,22.06673,9
AAATCAACAATGCC-1,-14.980816,38.974632,6
AAATCAACACCAGT-1,4.64146,-13.911684,8
AAATCAACCAGGAG-1,0.779295,9.15586,1
AAATCAACCCTATT-1,41.076084,-1.2369499,0
AAATCAACGGAAGC-1,-15.191776,8.852136,1
AAATCAACTCGCAA-1,-23.193752,2.0114455,1
AAATCATGACCACA-1,39.119102,-8.765873,0
AAATCCCTCCACAA-1,2.52786,-25.455465,8
AAATCCCTGCTATG-1,-0.11656647,50.08096,6
AAATGTTGAACGAA-1,40.588013,13.421748,3
AAATGTTGCCACAA-1,-12.864617,-15.000771,1
AAATGTTGTGGCAT-1,44.407207,7.856121,3
AAATTCGAAGGTTC-1,-9.159059,-14.115594,1
AAATTCGAATCACG-1,38.74499,20.29601,9
AAATTCGAGCTGAT-1,39.560295,-1.8227121,0
AAATTCGAGGAGTG-1,-4.8586254,10.321366,1
AAATTCGATTCTCA-1,4.8876677,-47.316753,5
AAATTGACACGACT-1,-14.473117,-30.221302,7
AAATTGACTCGCTC-1,-31.503025,-3.9834962,1
AACAAACTCATTTC-1,-7.4870744,-2.1323605,1
AACAAACTTTCGTT-1,-16.384539,1.0570434,1
AACAATACGACGAG-1,-5.2795134,8.588911,1
AACACGTGCAGAGG-1,-19.827684,-12.345642,1
AACACGTGGAAAGT-1,-8.364544,-4.761499,1
AACACGTGGAACCT-1,39.883446,17.24729,3
AACACGTGGCTACA-1,-2.1697135,9.110335,1
AACACGTGTACGAC-1,38.865803,-6.2300725,0
AACAGCACAAGAGT-1,21.549109,22.181042,8
AACATTGATGGGAG-1,42.734554,-6.439058,0
AACCAGTGATACCG-1,40.14087,-3.3915899,0
AACCCAGATCGCTC-1,-8.384982,-1.4933381,1
AACCGATGCTCCCA-1,-13.410512,-2.1886432,1
AACCGATGGTCATG-1,-20.424376,41.82268,6
AACCGATGTTCTAC-1,38.354176,17.564795,9
AACCGCCTAGCGTT-1,-32.159584,5.56717,1
AACCGCCTCTACGA-1,46.82527,6.8988914,3
AACCTACTGTGAGG-1,48.987366,3.126515,0
AACCTACTGTGTTG-1,-4.4247856,11.590467,1
AACCTTACGAGACG-1,-4.870597,6.940472,1
AACCTTACGCGAGA-1,9.029672,-46.31293,5
AACCTTACTAACGC-1,35.314384,0.1533174,9
AACCTTTGGACGGA-1,-6.9810047,-2.0083323,1
AACCTTTGTACGCA-1,43.448185,-10.472649,0
AACGCAACAAGTAG-1,-21.786701,-10.804905,1
AACGCATGACCCAA-1,-23.515038,-2.381361,1
AACGCATGCCTTCG-1,-4.556397,11.70298,1
AACGCATGTACTTC-1,-31.806065,-0.8961871,1
AACGCCCTCGGGAA-1,-27.058947,-8.275819,1
AACGCCCTCGTACA-1,14.153,-51.852875,5
AACGCCCTGCTTAG-1,-0.7214305,46.90014,6
AACGCCCTGGCATT-1,-6.8957944,-14.260447,8
AACGTCGAGTATCG-1,10.088072,-53.29363,5
AACGTGTGAAAGCA-1,-21.850563,4.410148,1
AACGTGTGGCGGAA-1,-10.487434,39.089428,6
AACGTGTGTCCAAG-1,-2.7957685,-14.045057,8
AACGTGTGTGCTTT-1,-17.026657,-13.986444,1
AACTACCTTAGAGA-1,-9.193293,11.722713,1
AACTCACTCAAGCT-1,39.44822,14.585741,3
AACTCACTTGGAGG-1,36.686268,18.407265,9
AACTCGGAAAGTGA-1,-13.552863,-30.558401,7
AACTCGGAAGGTCT-1,26.07882,18.490498,9
AACTCTTGCAGGAG-1,-21.805382,-11.618414,1
AACTGTCTCCCTTG-1,39.81955,16.298414,9
AACTTGCTACGCTA-1,-15.835935,35.98641,6
AACTTGCTGGGACA-1,-1.8399612,2.2674596,8
AAGAACGAGTGTTG-1,5.826575,-17.517792,8
AAGAAGACGTAGGG-1,-8.42959,47.58504,6
AAGACAGAAGTCTG-1,-7.0871487,48.866127,6
AAGACAGAGGATCT-1,5.0023756,1.1050036,1
AAGACAGATTACCT-1,38.025005,18.366247,9
AAGAGATGGGTAGG-1,-3.4504356,44.799805,6
AAGATGGAAAACAG-1,-1.2016966,47.40965,6
AAGATGGAGAACTC-1,41.392242,10.158508,3
AAGATGGAGATAAG-1,45.325497,10.288571,3
AAGATTACAACCTG-1,1.8506339,-7.762467,8
AAGATTACAGATCC-1,42.015087,4.483798,3
AAGATTACCCGTTC-1,41.979465,13.382891,3
AAGATTACCGCCTT-1,30.691446,7.837707,3
AAGATTACCTCAAG-1,14.326169,-52.57201,5
AAGATTACTCCTCG-1,20.92641,22.136171,8
AAGCAAGAGCGAGA-1,-21.432741,-23.4969,1
AAGCAAGAGCTTAG-1,-2.780364,-43.09614,5
AAGCAAGAGGTGTT-1,11.369918,-47.258812,5
AAGCACTGAGCAAA-1,-15.74388,54.75693,6
AAGCACTGCATACG-1,4.0633025,-24.954187,8
AAGCACTGGTTCTT-1,-22.611992,38.244843,2
AAGCCAACGTGTTG-1,-6.4264145,5.846251,1
AAGCCATGAACTGC-1,27.696484,5.208089,2
AAGCCATGACACGT-1,28.752855,17.918945,9
AAGCCATGCGTGAT-1,-11.758512,-1.8823152,1
AAGCCATGTCTCGC-1,2.8373559,-24.569328,8
AAGCCTGACATGCA-1,-12.035658,-15.192127,1
AAGCCTGACCGAAT-1,23.511505,21.124083,9
AAGCGACTCCTCAC-1,34.71515,1.1269181,9
AAGCGACTGTGTCA-1,-7.2194614,11.619214,1
AAGCGACTTACAGC-1,-12.576136,46.82353,6
AAGCGACTTTGACG-1,42.104618,-4.1004376,0
AAGCGTACGTCTTT-1,1.862987,-2.616389,8
AAGGCTTGCGAACT-1,-4.6416616,-39.089527,7
AAGGTCACGGTTAC-1,29.770487,17.611723,9
AAGGTCACTGTTTC-1,-11.64581,45.63329,6
AAGGTCACTTCCCG-1,-15.980882,-33.097355,7
AAGGTCTGACAGTC-1,-17.214334,-5.523996,1
AAGGTCTGCAGATC-1,6.3408823,-17.048302,8
AAGGTCTGGTATGC-1,22.294523,23.523645,9
AAGTAACTCTGAAC-1,35.731476,18.354122,9
AAGTAACTGAGATA-1,-0.5048507,47.35645,8
AAGTAGGATACAGC-1,12.851754,-49.325382,5
AAGTATACCGAACT-1,-26.15883,2.5806475,1
AAGTCCGACTTGTT-1,-1.5458689,-6.229157,8
AAGTCCGATAGAAG-1,-0.91764814,13.639834,1
AAGTCTCTAGTCGT-1,-15.641193,7.2483554,1
AAGTCTCTCGGAGA-1,-3.5063858,-35.959755,7
AAGTGGCTTGGAGG-1,-12.687709,51.725624,6
AAGTTCCTCATTCT-1,36.00464,1.5824248,9
AAGTTCCTTCTTAC-1,-21.820765,-21.640875,1
AATAAGCTCGAATC-1,-16.841063,6.6202106,1
AATAAGCTCGTTGA-1,2.6459358,-9.607411,8
AATACCCTGGACGA-1,-12.745952,48.422405,6
AATACCCTGGCATT-1,-18.455229,11.779161,1
AATACTGAAAGGGC-1,7.354106,-44.95832,7
AATACTGAATTGGC-1,10.577489,-51.07674,5
AATAGGGAACCCTC-1,-20.0294,39.883785,6
AATAGGGAGAATGA-1,-3.7460985,-38.250034,7
AATCAAACTATCGG-1,-2.5498137,-34.028564,7
AATCCGGAATGCTG-1,-22.67884,39.840347,6
AATCCTACCGGTAT-1,-9.2429695,-2.967187,1
AATCCTTGACGGGA-1,36.548363,7.712484,9
AATCCTTGGTGAGG-1,11.629361,-50.47286,5
AATCGGTGGAACTC-1,2.5314913,-44.02888,7
AATCGGTGTGCTTT-1,3.1320202,-0.8866479,1
AATCTAGAAAAGTG-1,-30.875496,-8.42324,1
AATCTAGAATCGGT-1,-4.2302165,13.300815,1
AATCTCACAGCCTA-1,47.84764,8.342943,3
AATCTCACTCTAGG-1,-12.5378,-2.0946007,1
AATCTCTGAACAGA-1,-4.016568,-0.30565584,1
AATCTCTGCTTTAC-1,9.89365,-48.16589,5
AATGATACACCAAC-1,-3.0118945,-39.11529,7
AATGATACGGTCAT-1,48.699352,12.259772,3
AATGCGTGACACCA-1,-17.07549,37.78424,6
AATGCGTGGACGGA-1,30.233316,6.9103837,2
AATGCGTGGCTATG-1,-17.667719,43.783024,6
AATGGAGAATCGTG-1,39.963192,21.390255,9
AATGGAGATCCTTA-1,-14.139348,-29.706549,7
AATGGCTGACACCA-1,-19.292261,38.755287,6
AATGGCTGCGTGAT-1,-19.628551,-8.051674,1
AATGGCTGTAAAGG-1,-1.5786734,-26.456093,8
AATGGCTGTACTCT-1,-3.4040287,-28.76101,8
AATGGCTGTGAAGA-1,-9.966498,2.021029,1
AATGTAACGGTGGA-1,-19.069036,6.2085266,1
AATGTAACGTTTGG-1,-0.067140274,-24.824356,8
AATGTCCTCTTCTA-1,-26.698732,-1.2266247,1
AATGTTGACAGTCA-1,-32.732487,0.847839,1
AATGTTGAGTTGAC-1,46.175858,17.585146,3
AATGTTGATCTACT-1,-23.815285,1.1045454,1
AATTACGAATTCCT-1,30.217464,6.5943513,3
AATTACGACTTCTA-1,-6.0122023,2.3508866,1
AATTACGAGTAGCT-1,-18.505726,-33.26399,7
AATTACGAGTGAGG-1,-34.891403,-0.45938787,1
AATTACGATTGGCA-1,-13.923264,46.200874,6
AATTCCTGCTCAGA-1,-16.611814,47.06683,6
AATTGATGTCGCAA-1,38.262314,-9.280312,0
AATTGTGACTTGGA-1,-11.07227,43.925888,6
ACAAAGGAGGGTGA-1,2.5452058,-8.626909,8
ACAAATTGATTCTC-1,41.291145,-2.8466895,0
ACAAATTGCTCAGA-1,26.700024,24.396738,9
ACAAATTGTTGCGA-1,6.9308023,-49.85048,5
ACAACCGAGGGATG-1,5.324758,-47.890686,5
ACAACCGAGTTACG-1,-18.393707,-8.832127,1
ACAAGAGAAGTCGT-1,49.10784,7.615306,3
ACAAGAGACTTATC-1,6.1217933,-18.437109,8
ACAAGAGAGTTGAC-1,-10.182758,47.31498,6
ACAATCCTAACCGT-1,-21.27909,1.0492421,1
ACAATCCTTAGCGT-1,-18.397102,45.34414,6
ACAATTGACTGACA-1,-4.512715,-37.76744,7
ACAATTGATGACTG-1,9.480591,-49.461098,5
ACACAGACACCTGA-1,21.97813,23.928207,8
ACACAGACCATACG-1,-5.703832,-37.29903,7
ACACCAGAGGGCAA-1,-9.238341,-31.410374,7
ACACCCTGGTGTTG-1,9.681473,-50.51011,5
ACACGAACAGTTCG-1,-2.1909356,-17.862614,8
ACACGATGACGCAT-1,-17.736727,-30.146908,7
ACACGATGATGTGC-1,38.526257,14.712403,3
ACACGATGTCGTAG-1,-21.536674,-32.575127,7
ACACGATGTGGTCA-1,-8.456084,-38.18946,7
ACAGACACGGCATT-1,-16.226135,-24.647116,7
ACAGACACGTTGTG-1,-13.608874,-13.843251,1
ACAGCAACACCTAG-1,23.356506,20.288736,9
ACAGCAACCTCAAG-1,39.40194,-10.135603,0
ACAGGTACCCCACT-1,-10.643931,8.047793,1
ACAGGTACGCTGTA-1,-14.793134,-28.775652,7
ACAGGTACTGGTGT-1,10.578095,-53.146576,5
ACAGTCGACCCAAA-1,1.993533,-23.501806,8
ACAGTCGACCGATA-1,-11.441936,-33.36222,7
ACAGTGACTCACCC-1,-16.68527,-26.658072,7
ACAGTGACTCTATC-1,-16.986946,-30.921312,7
ACAGTGTGGTCACA-1,5.9005413,-16.676123,8
ACAGTGTGTTGCGA-1,42.373363,21.081211,9
ACATCACTCTACTT-1,38.65966,13.000942,3
ACATGGTGAAGCCT-1,0.16430427,8.6103115,1
ACATGGTGCAACCA-1,-13.189659,37.220093,6
ACATGGTGCGAGTT-1,-2.9452543,2.4027147,1
ACATGGTGCGTTGA-1,-10.154803,-29.316175,7
ACATTCTGGCATAC-1,-25.728365,6.0487742,1
ACATTCTGGGAACG-1,44.28589,18.071577,3
ACCAACGACATGCA-1,-4.223668,-14.580113,8
ACCACAGAAAGTAG-1,-1.8250676,-14.332824,8
ACCACAGAGTTGGT-1,-5.535488,4.6590095,1
ACCACCTGTGTGCA-1,3.1744843,-14.732322,8
ACCACGCTACAGCT-1,-8.102988,8.500141,1
ACCACGCTACCCAA-1,-6.8507543,-33.115482,7
ACCACGCTGCGAGA-1,-12.237398,-8.798136,1
ACCACGCTGCTGTA-1,-9.417133,-21.071598,8
ACCAGCCTGACAGG-1,-27.253944,1.1815995,1
ACCAGTGAACGGTT-1,-12.121486,42.315437,6
ACCAGTGAATACCG-1,39.382217,-5.201351,0
ACCAGTGAGGGATG-1,-0.9681682,10.596517,1
ACCAGTGATGACTG-1,28.235312,24.622272,9
ACCATTACCTTCTA-1,-25.13158,2.422992,1
ACCATTACGAGATA-1,-26.646826,11.613486,1
ACCATTTGTCATTC-1,-3.8756998,-10.848548,8
ACCCAAGAACTGTG-1,-5.0597343,-36.785007,7
ACCCAAGAATTCCT-1,38.214737,-5.9349723,0
ACCCAAGAGGACAG-1,-30.885494,-0.26150313,1
ACCCAAGATTCACT-1,-11.728923,44.7419,6
ACCCACTGCGCCTT-1,23.893679,20.354616,9
ACCCACTGGACAGG-1,5.849543,-15.769855,8
ACCCACTGGTTCAG-1,15.098651,-21.929619,8
ACCCACTGTCGTAG-1,48.24494,11.731727,3
ACCCAGCTCAGAAA-1,-22.051758,-9.79707,1
ACCCAGCTGTTAGC-1,49.253345,14.189818,3
ACCCAGCTTGCTTT-1,-27.72455,-4.9107184,1
ACCCGTTGATGACC-1,-7.7912164,44.47605,6
ACCCGTTGCTGCAA-1,3.8993819,4.8407583,1
ACCCGTTGCTTCTA-1,-23.35365,30.20891,2
ACCCTCGACCTATT-1,-12.89694,-19.08771,7
ACCCTCGACGGTAT-1,-1.7945806,46.142353,6
ACCCTCGATAAGGA-1,41.21005,6.085924,3
ACCCTCGATCAAGC-1,22.210276,17.63241,9
ACCGTGCTACCAGT-1,-22.11835,-0.78792584,1
ACCGTGCTGGAACG-1,-14.47486,38.86778,6
ACCTATTGCTGAGT-1,-11.699487,54.94321,6
ACCTATTGTGCCCT-1,39.426315,-6.6719136,0
ACCTCCGAGTCCTC-1,-16.12489,1.1332968,1
ACCTCCGATATGCG-1,-9.069591,-13.471964,1
ACCTCCGATGCTGA-1,-2.1789505,-14.895854,8
ACCTCGTGAACCAC-1,-14.013377,-29.574339,7
ACCTGAGATATCGG-1,24.185719,12.706594,9
ACCTGGCTAAGTAG-1,8.569052,-52.392334,5
ACCTGGCTGTCTTT-1,20.658697,20.397385,8
ACCTTTGACTCCCA-1,46.979378,8.409725,3
ACCTTTGAGGAACG-1,47.21737,4.2996264,3
ACCTTTGAGGAAGC-1,40.98057,1.6969662,3
ACGAACACCTTGTT-1,-0.70668656,-41.0283,5
ACGAACTGGCTATG-1,41.54399,-12.506271,0
ACGAAGCTCTCCAC-1,7.9472537,-17.127647,8
ACGAAGCTCTGAGT-1,-22.03723,37.564316,2
ACGACCCTATCTCT-1,40.97111,1.3420701,0
ACGACCCTGATGAA-1,-7.6935964,-21.161932,8
ACGACCCTTGACAC-1,-17.062986,41.726345,6
ACGACCCTTGACCA-1,-1.7398717,-2.4074118,1
ACGAGGGACAGGAG-1,27.788881,4.5610976,2
ACGAGGGACGAACT-1,-9.810923,5.077713,1
ACGAGGGATGTAGC-1,-28.231026,1.6058362,1
ACGAGTACCCTAAG-1,-6.59797,49.277752,6
ACGAGTACGAATCC-1,-22.231915,35.250256,1
ACGATCGAGGACTT-1,5.840648,-44.974476,7
ACGATCGAGTCACA-1,46.696934,13.204213,3
ACGATGACAATGCC-1,-20.468597,-7.8766456,1
ACGATGACTGGTCA-1,-23.773071,0.93580794,1
ACGATTCTACGGGA-1,-6.9144983,-30.92803,8
ACGCAATGGTTCAG-1,8.463124,-45.41047,5
ACGCACCTGTTAGC-1,-12.177078,44.08527,6
ACGCCACTGAACTC-1,20.684477,21.36757,8
ACGCCGGAAACCAC-1,37.26609,13.724521,9
ACGCCGGAAAGCCT-1,-5.702347,-5.4881167,1
ACGCCGGAAATGCC-1,-0.4681363,-16.449821,8
ACGCCTTGCTCCCA-1,38.00478,-4.6133676,0
ACGCGGTGGCGAGA-1,-15.254892,-4.39744,1
ACGCGGTGTGTGGT-1,-16.434576,38.49636,6
ACGCGGTGTTTGCT-1,-3.8442254,-41.193104,7
ACGCTCACAGTACC-1,-5.0402713,2.5644462,1
ACGCTCACCCTTGC-1,-6.5961237,-1.0730262,1
ACGCTGCTGTTCTT-1,10.968857,-54.794422,5
ACGGAACTCAGATC-1,10.921464,-53.855278,5
ACGGAACTGTCGTA-1,34.954136,0.8891487,9
ACGGAGGACTCTTA-1,40.636536,14.826834,3
ACGGATTGGGAGGT-1,-11.783404,48.587765,6
ACGGATTGGTTAGC-1,-32.816975,4.46086,1
ACGGCTCTGAGCAG-1,-29.716074,-5.2002344,1
ACGGCTCTTGCACA-1,-12.328059,-4.992998,1
ACGGTAACCGCTAA-1,-14.8545065,-16.85789,7
ACGGTAACCTTCGC-1,-6.0829153,-39.851227,7
ACGGTAACGGTGGA-1,7.3752265,-18.325642,8
ACGGTAACTCGCAA-1,1.5646812,-27.641829,8
ACGGTATGAGTCGT-1,34.901207,18.853346,9
ACGGTATGGGTATC-1,-17.346117,42.675007,6
ACGGTATGGTTGTG-1,-12.471454,43.155792,6
ACGGTCCTAACGGG-1,-26.303066,-5.7271214,1
ACGGTCCTCGGGAA-1,-17.803522,-11.85627,1
ACGTAGACAACCAC-1,-17.471087,-4.321723,1
ACGTAGACTACAGC-1,-17.669424,45.845413,6
ACGTCAGAAACGAA-1,-22.75331,-8.739664,1
ACGTCAGAGAGCTT-1,35.8846,10.230485,9
ACGTCAGAGGGATG-1,-1.2574687,-11.888123,8
ACGTCCTGATAAGG-1,38.068832,18.938723,9
ACGTCCTGTGAACC-1,45.25775,1.5384374,3
ACGTCGCTCCTGAA-1,11.263365,-57.227215,5
ACGTCGCTCTATTC-1,27.119982,15.215893,9
ACGTCGCTTCTCAT-1,-8.766851,43.459457,6
ACGTGATGCCATGA-1,30.075865,5.641015,2
ACGTGATGGGTCTA-1,-1.1335377,9.282797,1
ACGTGATGTAACCG-1,38.703724,-1.6193761,0
ACGTGATGTGACAC-1,8.634574,-51.69981,5
ACGTGCCTCCGTAA-1,-30.216694,-10.77788,1
ACGTGCCTTCTATC-1,-0.76146436,-35.12511,8
ACGTTACTTTCCAT-1,-21.99647,1.5530025,1
ACGTTGGAAAAGCA-1,5.071222,-6.6418667,8
ACGTTGGAAACCTG-1,-7.2284245,-39.942932,7
ACGTTGGACCGTAA-1,28.16153,19.677402,9
ACGTTGGAGCCAAT-1,11.103161,-51.591877,5
ACGTTGGATATGGC-1,-1.4817092,46.423626,6
ACGTTGGATCAGGT-1,45.052094,7.620511,3
ACGTTTACATCAGC-1,-3.4679136,8.298633,1
ACTAAAACCCACAA-1,-0.66671383,-23.934797,8
ACTAAAACTCGACA-1,40.644165,20.44425,9
ACTACGGAATTTCC-1,-21.910149,-9.829204,1
ACTACGGACCTATT-1,-3.2329068,-6.3519125,8
ACTACGGATCGCTC-1,-8.968476,9.812199,1
ACTACTACTAAGGA-1,-1.0320107,5.7579055,1
ACTAGGTGGAACCT-1,-14.514012,-19.700523,7
ACTAGGTGGAACTC-1,-28.761728,4.3685846,1
ACTATCACCTTGGA-1,-8.358036,-37.998035,7
ACTATCACTGCCAA-1,-6.305577,1.0068451,1
ACTCAGGACTGAAC-1,-6.3701077,9.554581,1
ACTCAGGATCTATC-1,-14.119352,42.70971,6
ACTCAGGATTCGTT-1,24.968187,23.338612,9
ACTCCTCTCAACTG-1,-34.480015,-5.6404934,1
ACTCGCACGAAAGT-1,33.626156,12.679699,9
ACTCGCACTACGAC-1,33.15715,16.760288,9
ACTCTCCTGACACT-1,4.8544183,-15.002567,8
ACTCTCCTGCATAC-1,-33.03554,12.711895,2
ACTCTCCTGTTTGG-1,-14.593474,8.724098,1
ACTGAGACAACCAC-1,-15.59587,-29.917593,7
ACTGAGACCCATAG-1,40.47209,-4.1352763,0
ACTGAGACGTTGGT-1,-19.626791,37.469055,6
ACTGCCACACACGT-1,-16.39908,-34.73743,7
ACTGCCACTCCGTC-1,11.50458,-49.200783,5
ACTGGCCTTCAGTG-1,8.43244,-52.13846,5
ACTGTGGACGTGTA-1,-4.581123,-45.177925,5
ACTGTGGATCTAGG-1,-20.603075,35.80494,1
ACTGTTACCCACAA-1,28.885973,21.695486,9
ACTGTTACTGCAGT-1,5.3622117,-9.282605,8
ACTTAAGAACCACA-1,-3.3116796,2.3642738,1
ACTTAAGACCACAA-1,-10.709962,-24.08141,8
ACTTAAGATTACTC-1,30.335682,8.68932,3
ACTTAGCTGCGTAT-1,37.969448,-5.5392113,0
ACTTAGCTGGGAGT-1,-21.162197,0.95943695,1
ACTTCAACAAGCAA-1,-38.484207,9.53466,2
ACTTCAACGTAGGG-1,9.746401,-47.25634,5
ACTTCCCTTTCCGC-1,-3.083874,-1.8262631,8
ACTTCTGACATGCA-1,-8.455381,45.9869,6
ACTTGACTCCACAA-1,-16.982855,40.430973,6
ACTTGGGAGAAAGT-1,46.2314,9.727905,3
ACTTGGGAGGTTTG-1,-13.209819,-20.807716,7
ACTTGGGATGTGAC-1,20.294628,20.50517,8
ACTTGGGATTGACG-1,41.469486,11.088794,3
ACTTGTACCCGAAT-1,-6.5674434,7.418977,1
ACTTGTACCTGTCC-1,5.585077,-14.977577,8
ACTTTGTGCGATAC-1,8.136325,-20.18264,8
ACTTTGTGGAAAGT-1,-2.7713761,-0.33256635,1
ACTTTGTGGATAGA-1,50.10331,10.046856,3
AGAAACGAAAGTAG-1,-4.634199,44.02624,6
AGAAAGTGCGCAAT-1,-19.357054,3.3497934,1
AGAAAGTGGGGATG-1,34.309658,17.956081,9
AGAACAGAAATGCC-1,7.761924,-50.701473,5
AGAACAGACGACTA-1,-1.8857859,46.388012,6
AGAACAGAGACAAA-1,-29.739119,-5.3413553,1
AGAACGCTTTGCTT-1,2.7274606,-7.696737,8
AGAAGATGTGACTG-1,-31.603315,6.95713,1
AGAATGGAAGAAGT-1,-4.812409,-39.66828,7
AGAATTTGTAACCG-1,-24.990122,9.261065,1
AGAATTTGTAGAGA-1,6.58206,-15.442682,8
AGACACACTGTAGC-1,-3.727032,2.9788015,1
AGACACTGTCAAGC-1,38.66195,22.334469,9
AGACCTGAAGTAGA-1,42.831665,16.304655,3
AGACCTGACCAACA-1,-21.927887,6.569785,1
AGACCTGAGGAAGC-1,-18.292866,-32.143166,7
AGACGTACAGAGGC-1,-22.038347,1.5507178,1
AGACGTACCCCTAC-1,-9.104518,44.54535,6
AGACGTACCTCTTA-1,32.95106,9.702786,3
AGACGTACTCGTGA-1,36.17408,1.1426742,9
AGACTGACCATCAG-1,-8.679673,-33.352383,7
AGACTGACCCTTTA-1,-5.8043585,11.151521,1
AGACTTCTCATGCA-1,-4.584724,46.7524,6
AGAGATGACAGTCA-1,-4.9940557,47.364418,6
AGAGATGACTGAAC-1,0.72721267,-2.6617694,8
AGAGATGAGGTTTG-1,37.323257,14.167892,9
AGAGATGATCTCGC-1,-17.939423,37.189186,6
AGAGATGATTGTGG-1,-8.99777,9.574393,1
AGAGCGGAGGCAAG-1,47.741558,2.153455,3
AGAGGTCTACAGCT-1,-39.213127,10.985271,4
AGAGTCTGGTCGTA-1,42.05318,-8.763621,0
AGAGTGCTCAGCTA-1,-6.082327,-13.016179,8
AGAGTGCTCGAATC-1,-14.914997,5.8571534,1
AGAGTGCTGTCATG-1,-28.172075,-1.0570352,1
AGAGTGCTGTCCTC-1,-15.08714,-31.773287,7
AGAGTGCTGTGTTG-1,-13.540758,50.729343,6
AGATATACCCGTAA-1,6.9223523,-54.306602,5
AGATATACGATGAA-1,-26.855452,-12.976359,1
AGATATACTGTTCT-1,-15.36731,37.135914,6
AGATATTGCCTACC-1,-11.223659,-32.53848,7
AGATATTGGCCAAT-1,47.868103,4.7457404,3
AGATCGTGTCTGGA-1,40.49869,7.846431,3
AGATCGTGTTTGTC-1,-14.088515,44.432938,6
AGATCTCTATCACG-1,-8.283879,45.726555,6
AGATTAACGTTCTT-1,40.711346,-2.5586114,0
AGATTCCTATCGTG-1,-16.339094,3.7728543,1
AGATTCCTCACTTT-1,38.091568,16.827469,9
AGATTCCTGACGAG-1,43.05032,12.88605,3
AGATTCCTGTTCAG-1,13.171096,-52.318695,5
AGCAAAGATATGCG-1,-13.670454,9.127489,1
AGCACAACAGTCTG-1,0.56155425,-20.235733,8
AGCACTGAGGGAGT-1,-11.82114,2.3895988,1
AGCACTGATATGCG-1,-17.8751,-14.28917,1
AGCACTGATGCTTT-1,28.469376,5.3851132,2
AGCACTGATTGCGA-1,-6.007418,3.6835964,1
AGCATCGAAGATCC-1,-15.658731,-12.946913,1
AGCATCGAAGGGTG-1,-10.018973,39.56301,6
AGCATCGAGCTTCC-1,42.757504,21.3371,3
AGCATCGAGTGAGG-1,-31.391926,-1.8458098,1
AGCATCGATAACCG-1,44.05578,12.982966,3
AGCATGACGATGAA-1,-8.339558,-33.063923,7
AGCCAATGGGGAGT-1,34.974895,-0.014471022,9
AGCCAATGTATCTC-1,-15.304733,5.906034,1
AGCCACCTGGATCT-1,-7.930467,-38.08142,7
AGCCGGTGCCAATG-1,-36.564816,2.5332673,1
AGCCGGTGTGTTTC-1,-8.72961,-6.3022513,1
AGCCGTCTCAATCG-1,-4.0943365,13.16562,1
AGCCGTCTGAGAGC-1,-27.291819,1.1875049,1
AGCCTCACGTTCGA-1,-1.2769058,0.9574234,8
AGCCTCACTGTCAG-1,46.3332,-0.29353878,0
AGCCTCTGCAGTTG-1,-5.018479,45.978844,6
AGCCTCTGCCAATG-1,8.25261,-47.780533,5
AGCGAACTGGATCT-1,-6.96536,12.578662,1
AGCGAACTTACTGG-1,-13.370852,-5.371301,1
AGCGATACGGAGCA-1,4.271199,-10.607368,8
AGCGATTGAGATCC-1,8.131691,-54.147957,5
AGCGCCGAATCTCT-1,-0.8458929,-14.522139,8
AGCGCCGACAGAGG-1,-32.170906,6.2900815,1
AGCGCTCTACCTTT-1,-5.088794,-4.753869,1
AGCGGCACCGGGAA-1,2.7875512,-1.3370116,8
AGCGGCTGATGTGC-1,-7.523168,6.4297447,1
AGCGGGCTTGCCAA-1,-14.604718,-2.4281564,1
AGCGTAACATGCTG-1,-29.667692,-8.237527,1
AGCGTAACTGAGAA-1,46.008053,4.8168077,3
AGCTCGCTACTGGT-1,-4.351577,0.591207,1
AGCTCGCTCTGCTC-1,-1.6888348,9.516161,1
AGCTGAACCATACG-1,39.653194,-3.8150342,0
AGCTGAACCTCTCG-1,-13.162679,-2.7333431,1
AGCTGCCTTGGGAG-1,24.995764,18.120953,9
AGCTGCCTTTCATC-1,-37.465233,7.9261646,2
AGCTGCCTTTCTGT-1,-23.751585,-8.8099165,1
AGCTGTGATCCAAG-1,0.113948725,-21.473602,8
AGCTTTACAAGTAG-1,-6.30308,-0.3863226,1
AGCTTTACACCAAC-1,-14.885006,-29.772203,7
AGCTTTACTCTCAT-1,-15.290737,38.829166,6
AGGAAATGAGGAGC-1,-17.196272,-21.138653,1
AGGAACCTCTTAGG-1,40.555027,-5.3258243,0
AGGAACCTTGCCTC-1,-9.807162,-37.974293,7
AGGAATGATAACGC-1,-9.54204,-21.023256,1
AGGAATGATTTGTC-1,-27.621029,7.959173,1
AGGAGTCTGGTTTG-1,-13.887302,3.847638,1
AGGAGTCTTGTCAG-1,-6.0152802,0.5864528,1
AGGATAGACATTTC-1,-34.15798,2.510659,1
AGGATAGAGGATTC-1,-1.4423859,-41.695786,5
AGGATGCTACTAGC-1,-13.289402,46.901363,6
AGGATGCTTTAGGC-1,10.5933,-48.93169,5
AGGCAACTGAAGGC-1,-19.22457,-0.18727568,1
AGGCAGGAGTACCA-1,-14.656692,-31.05276,7
AGGCCTCTAGTCGT-1,-7.8380036,1.702236,1
AGGCCTCTCGGAGA-1,-16.459028,11.181228,1
AGGCCTCTCGTAAC-1,5.3429346,-16.559656,8
AGGGACGACGTTGA-1,1.3333172,-4.5823765,8
AGGGACGAGTCAAC-1,12.50805,-51.14734,5
AGGGACGAGTTGTG-1,-13.018755,7.103093,1
AGGGACGATAGAGA-1,-11.182272,-28.681463,7
AGGGACGATGCATG-1,-7.14899,-37.56687,7
AGGGAGTGAGCCTA-1,3.2671063,-16.706764,8
AGGGCCACCATACG-1,-6.680927,3.9578633,1
AGGGCGCTAACCAC-1,38.647564,15.4631605,3
AGGGCGCTATGGTC-1,-10.994818,-8.488136,1
AGGGTGGACAGTCA-1,-13.354352,40.09358,6
AGGGTGGACTCAAG-1,36.968636,7.4765162,9
AGGGTGGAGTTGCA-1,-10.581177,-34.179005,7
AGGGTTTGTTCATC-1,27.919636,16.338013,9
AGGTCATGAGTGTC-1,-2.394108,47.826073,6
AGGTCATGCTTATC-1,-10.489035,-29.683445,7
AGGTCTGATTCTCA-1,37.61456,-0.23666476,3
AGGTGGGAAGAATG-1,-11.279669,-11.557051,1
AGGTGGGAAGTTCG-1,-11.272991,6.092499,1
AGGTGTTGGTTACG-1,-12.950837,40.836464,6
AGGTTCGAACCTCC-1,28.563686,20.885237,9
AGGTTCGAACGTAC-1,29.017466,19.198603,9
AGGTTCGAGGGTGA-1,5.228254,-16.064756,8
AGTAAGGAGTTTGG-1,-16.701681,-12.139865,1
AGTAAGGATTCTTG-1,-32.72435,-3.888894,1
AGTAATACATCACG-1,8.087495,-47.991463,5
AGTAATACCGAACT-1,-2.6397688,48.207405,6
AGTAATTGTCCCAC-1,-15.304384,-11.519937,1
AGTACGTGAGGGTG-1,-10.225069,-0.26678777,1
AGTACGTGCTGCAA-1,-23.812729,6.8427434,1
AGTACGTGCTTGGA-1,-30.542665,-6.3921947,1
AGTACTCTACGTGT-1,-10.37937,49.539055,6
AGTACTCTCAACCA-1,-5.418326,-36.278465,7
AGTACTCTCGGTAT-1,-23.662786,-14.853671,1
AGTAGGCTTGCCTC-1,40.117428,-3.01144,0
AGTATAACTTGTCT-1,43.273617,-7.7626977,0
AGTATCCTAGAACA-1,2.174519,-7.8730164,8
AGTCACGATGAGCT-1,9.392893,-56.514664,5
AGTCAGACGAATAG-1,-34.823776,1.195537,1
AGTCAGACGCTTAG-1,2.5120382,-22.682556,8
AGTCAGACTAGAGA-1,-15.844046,-29.212185,7
AGTCAGACTGCACA-1,-28.161142,0.34563637,1
AGTCCAGATATCTC-1,4.486442,-11.293575,8
AGTCCAGATTTCAC-1,-14.533346,-3.8030753,1
AGTCGAACCAACCA-1,2.6534011,-11.837079,8
AGTCGCCTCCGTAA-1,-22.675468,2.2557132,1
AGTCTACTAGGGTG-1,27.47725,18.694803,9
AGTCTACTTGCATG-1,45.4033,-5.718357,0
AGTCTTACACCACA-1,-3.0226414,8.334792,1
AGTCTTACTTCGCC-1,-13.163944,-33.54305,7
AGTCTTACTTCGGA-1,15.078941,-21.932085,8
AGTGACTGCAACTG-1,42.600723,-6.3627524,0
AGTGTTCTAACCTG-1,-24.595417,-4.630664,1
AGTGTTCTATAAGG-1,1.0880754,-18.910147,8
AGTGTTCTCACTTT-1,42.93145,14.811457,3
AGTTAAACCACTTT-1,-30.87369,-0.68750286,1
AGTTATGAACAGTC-1,47.683712,18.028008,3
AGTTATGACTGAGT-1,-30.417364,8.560129,1
AGTTATGAGTTCAG-1,-25.31346,-2.5823224,1
AGTTCTACCAGCTA-1,32.100143,24.980488,9
AGTTCTTGAAGCCT-1,-1.0354308,-34.073307,7
AGTTGTCTACTACG-1,-6.15029,2.8949852,1
AGTTTAGATGGTCA-1,0.7976228,-18.680676,8
AGTTTCACGGTCTA-1,-9.949582,-39.34821,7
AGTTTGCTACAGTC-1,5.62337,-8.292359,8
AGTTTGCTACTGGT-1,5.4211497,-45.5674,7
AGTTTGCTCCAAGT-1,-8.959315,-7.9230623,1
ATAAACACAGTGCT-1,-17.9652,36.107357,6
ATAAACACCACCAA-1,-5.669379,13.505918,1
ATAACAACATGCTG-1,42.135696,19.44455,3
ATAACAACGTCTAG-1,-4.542733,-13.344611,8
ATAACAACTTTGTC-1,-21.967037,8.745587,1
ATAACATGTACTCT-1,-31.26017,-3.9279335,1
ATAACCCTGTTGGT-1,-0.77981114,-25.063726,8
ATAACCCTTGGTAC-1,-30.284971,5.011463,1
ATAAGTACGAATGA-1,-12.565583,54.859325,6
ATAAGTTGGTACGT-1,22.103918,17.89609,9
ATAAGTTGTCTAGG-1,-18.55814,-8.3805275,1
ATAATCGAGCTGAT-1,-7.846064,48.941685,6
ATAATCGATGGTTG-1,-6.8968105,0.8292691,1
ATAATGACCTACTT-1,-15.508645,2.4534304,1
ATAATGACTCGTGA-1,30.558474,15.953466,9
ATACAATGTTAGGC-1,-13.104804,-2.2483726,1
ATACCACTCGTACA-1,42.04487,15.70869,3
ATACCACTCTAAGC-1,30.12116,7.902504,2
ATACCACTGCCAAT-1,5.9682364,-44.989872,7
ATACCGGAATGCTG-1,28.663126,4.822739,2
ATACCGGACATTTC-1,39.39913,8.856264,3
ATACCGGACTTCGC-1,-30.396378,0.41661617,1
ATACCGGAGGTGTT-1,36.006165,19.15528,9
ATACCGGATCTCGC-1,-5.672284,-16.427763,8
ATACCTACGCATCA-1,-21.029747,-1.6352124,1
ATACCTTGGGGCAA-1,-2.756501,14.679895,1
ATACGGACAGACTC-1,25.071203,23.218433,9
ATACGGACCTACTT-1,27.2433,23.682278,9
ATACGGACGAGGTG-1,-8.952019,50.87881,6
ATACGGACTATGCG-1,-6.3365245,46.60273,6
ATACGGACTCTGGA-1,29.450705,22.812326,9
ATACGTCTTAACGC-1,35.661415,21.612083,9
ATACTCTGCTTCGC-1,46.06665,1.0113075,3
ATACTCTGGTATGC-1,10.176709,-49.367207,5
ATAGATACCATGGT-1,-16.50514,-10.912214,1
ATAGATACGACGAG-1,-0.44050413,-3.1808875,8
ATAGATTGGTGTAC-1,-12.435245,39.130146,6
ATAGCCGAACGGAG-1,1.0543648,-0.6491899,8
ATAGCGTGCAGATC-1,-16.0473,-0.5120481,1
ATAGCGTGCCCTTG-1,44.177227,16.093908,3
ATAGCGTGGTATCG-1,24.342892,22.750395,9
ATAGCGTGTCTCTA-1,-23.325188,-10.521704,1
ATAGCTCTCTGATG-1,2.7692726,-13.746012,8
ATAGCTCTGAGGTG-1,-4.5432935,-3.5397367,8
ATAGGAGAAACAGA-1,43.947536,1.8443887,3
ATAGGCTGTCAGAC-1,-4.4157295,-2.0660563,1
ATAGTCCTAGTGTC-1,38.968906,12.524064,3
ATAGTCCTTGCATG-1,-8.391842,-29.784994,7
ATAGTCCTTGTCGA-1,-8.489681,7.644365,1
ATAGTTGACAACTG-1,-8.349787,-3.037612,1
ATAGTTGACCCTCA-1,42.13667,-7.474427,0
ATAGTTGAGACGTT-1,-2.119346,-16.02317,8
ATAGTTGATAAGCC-1,1.1703768,-9.267763,8
ATATACGAAGCCAT-1,-13.03665,2.705283,1
ATATACGAATTGGC-1,-36.279827,2.2591045,1
ATATAGTGGAATGA-1,26.3017,23.678621,9
ATATGCCTAGATCC-1,33.049816,14.944818,9
ATATGCCTGGACAG-1,-4.2586517,14.822757,1
ATATGCCTTCTCTA-1,0.044821873,-15.526917,8
ATATGCCTTGGTAC-1,-5.639257,-2.0491214,8
ATCAAATGAGCCTA-1,37.65758,10.789199,3
ATCAAATGGGTAAA-1,42.262047,-3.9192078,0
ATCAACCTAAACGA-1,-25.161798,4.950528,1
ATCAACCTGAGGAC-1,-8.128126,3.3674245,1
ATCAACCTTCTCTA-1,-18.91866,-31.116205,7
ATCAACCTTTGTCT-1,-15.428038,-30.595507,7
ATCACACTTTGTCT-1,-18.951876,3.3200788,1
ATCACGGATTGCTT-1,26.011772,24.12473,9
ATCACGGATTTCGT-1,-12.732891,43.541855,6
ATCATCTGACACCA-1,15.190894,-21.924343,8
ATCATGCTAGAGTA-1,4.7004466,-25.791708,8
ATCATGCTGAACCT-1,-18.871382,37.90923,6
ATCCAGGACGCTAA-1,40.492138,-6.595355,0
ATCCAGGATGGAAA-1,-14.386615,-12.677369,1
ATCCATACTCCTTA-1,29.613401,17.66404,9
ATCCATACTTCATC-1,38.68436,-8.022929,0
ATCCCGTGCAGTCA-1,13.013424,-50.388344,5
ATCCCGTGCATGCA-1,-0.26408455,47.694042,6
ATCCCGTGGCTGAT-1,-18.397316,44.578754,6
ATCCGCACGCATCA-1,-11.822608,39.648026,6
ATCCTAACGACGGA-1,-13.637127,45.916447,6
ATCCTAACGCTACA-1,-8.068541,-29.384,7
ATCGACGAAACTGC-1,48.02124,10.18069,3
ATCGACGAATGACC-1,-4.350627,12.234283,1
ATCGAGTGGACGTT-1,-3.8556986,-39.88477,7
ATCGCAGAATCTCT-1,43.246613,-10.581141,0
ATCGCAGAGTGTCA-1,-13.741931,41.44274,6
ATCGCCACTGAGGG-1,-5.251461,-35.984177,7
ATCGCCTGGGTCAT-1,-22.893724,-3.5315394,1
ATCGCCTGTGGCAT-1,1.0141467,47.099762,8
ATCGCGCTCAGAGG-1,34.58927,21.678253,9
ATCGCGCTGGGATG-1,-19.026875,-6.462189,1
ATCGCGCTTTTCGT-1,-14.18707,44.923866,6
ATCGGAACCAGTCA-1,-0.32896727,-15.571424,8
ATCGGTGAGTCAAC-1,-4.1525126,-4.5619273,8
ATCGGTGATTGCAG-1,-26.715265,0.41066328,1
ATCGTTTGCCTACC-1,46.497948,8.800538,3
ATCGTTTGGGTACT-1,34.905647,20.55099,9
ATCGTTTGTGCCAA-1,21.722006,22.577715,8
ATCTACACCCGCTT-1,22.683903,24.722435,9
ATCTACACCGGGAA-1,-27.010847,-6.5284724,1
ATCTCAACAGGAGC-1,-15.4758625,46.17176,6
ATCTCAACCTCGAA-1,8.453466,-18.947248,8
ATCTCAACCTTGTT-1,38.122364,21.513811,9
ATCTGGGAAACCAC-1,48.35642,12.523855,3
ATCTGGGAAGTGTC-1,43.310116,3.5217943,3
ATCTGGGATTCCGC-1,-17.438446,-33.807995,7
ATCTGTTGAACGGG-1,-25.016588,-9.520874,1
ATCTGTTGACCTCC-1,-20.852283,5.114371,1
ATCTGTTGCCTTCG-1,41.034706,1.0355879,0
ATCTGTTGGTTGCA-1,-28.875542,-10.186951,1
ATCTTGACACCAAC-1,-25.983335,0.31080255,1
ATCTTGACCTCCCA-1,26.196665,17.825647,9
ATCTTTCTGCATCA-1,3.709134,-24.97163,8
ATCTTTCTGTTTCT-1,-18.458344,-26.680742,7
ATCTTTCTTGTCCC-1,11.640775,-53.08487,5
ATGAAACTCTGTGA-1,-19.30754,-24.094824,1
ATGAAACTGAGGCA-1,-0.526371,-1.1749327,8
ATGAAGGAACAGCT-1,-8.02564,-31.008183,7
ATGAAGGACCTGTC-1,-15.406451,39.588577,6
ATGAAGGACCTTAT-1,-0.94487214,47.038097,6
ATGAAGGACTAGTG-1,0.2645379,47.061428,8
ATGAAGGACTTGCC-1,11.272155,-52.61851,5
ATGACGTGACGACT-1,-13.146961,54.84821,6
ATGACGTGATCGGT-1,44.94085,0.43407148,0
ATGAGAGAAAGTGA-1,-30.532188,-2.894221,1
ATGAGAGAACGCAT-1,-10.697517,-6.6466823,1
ATGAGAGAAGTAGA-1,-11.940489,51.574154,6
ATGAGCACACAGCT-1,-5.8559065,15.69686,1
ATGAGCACATCTTC-1,-16.227839,1.1131585,1
ATGATAACTTCACT-1,10.512249,-47.13826,5
ATGATATGAAACAG-1,-36.052948,6.897685,1
ATGATATGACTGGT-1,-6.738693,3.2929316,1
ATGATATGAGCACT-1,-4.407664,-1.3255379,1
ATGATATGGTCATG-1,2.3206918,-5.376854,8
ATGATATGGTGCTA-1,13.818183,-50.369595,5
ATGATATGTTGTCT-1,42.26358,6.744112,3
ATGCACGAATGTCG-1,-6.241749,45.216385,6
ATGCACGACTGTAG-1,-6.050043,-11.867586,8
ATGCACGAGAACCT-1,-15.911922,36.448685,6
ATGCACGAGTTCGA-1,-1.945141,-1.4933275,1
ATGCACGATTGGTG-1,48.911865,3.0650363,0
ATGCAGTGTTACCT-1,-9.740668,48.0165,6
ATGCAGTGTTCTAC-1,-25.181377,-12.353306,1
ATGCCAGAACGACT-1,-17.506409,-5.5224533,1
ATGCCAGACAGTCA-1,29.703466,20.39701,9
ATGCCGCTTGAACC-1,40.42025,10.89597,3
ATGCGATGCTATGG-1,42.630695,9.255815,3
ATGCGATGCTGAGT-1,-16.487814,-4.727297,1
ATGCGATGGTTACG-1,-14.827635,37.014107,6
ATGCGCCTTCATTC-1,-4.9146852,3.2536774,1
ATGCTTTGCGAATC-1,-18.695505,4.7310076,1
ATGCTTTGGGCGAA-1,1.0121057,-26.769127,8
ATGCTTTGTAGTCG-1,-12.064148,44.219437,6
ATGGACACATCGGT-1,-24.224545,1.2378775,1
ATGGACACGCATCA-1,9.154302,-45.378407,5
ATGGGTACAACCTG-1,-8.426144,46.695244,6
ATGGGTACATCGGT-1,8.071546,-53.76815,5
ATGGGTACTATTCC-1,-21.095247,-6.609819,1
ATGGGTACTGGGAG-1,-27.77028,-8.869464,1
ATGTAAACACCTCC-1,-11.792267,-4.328037,1
ATGTAAACCCGCTT-1,-19.808418,5.6990995,1
ATGTAAACGGGATG-1,30.577566,6.586069,3
ATGTAAACTCTCCG-1,-38.81819,6.109814,1
ATGTAAACTTCACT-1,41.48415,8.795389,3
ATGTACCTCAGTCA-1,-3.8921657,-14.666452,8
ATGTACCTTAGTCG-1,-28.167376,-6.4667377,1
ATGTACCTTTATCC-1,30.381407,21.663082,9
ATGTACCTTTCACT-1,-1.9108715,-44.02769,7
ATGTCACTAATGCC-1,46.833286,14.959604,3
ATGTCACTCTGCTC-1,0.34477192,-15.354723,8
ATGTCGGAGGTGAG-1,-26.064106,5.646485,1
ATGTTCACAGTCTG-1,34.691193,12.700507,9
ATGTTCACCGTAGT-1,-28.80207,-9.828725,1
ATGTTGCTTTCAGG-1,-15.721298,-13.369277,1
ATTAACGATGAGAA-1,8.65999,-45.372044,5
ATTAACGATGCAAC-1,-3.8742929,-42.318184,7
ATTAAGACTGCAGT-1,-34.192913,2.3469563,1
ATTACCTGCCTTAT-1,45.041122,15.017629,3
ATTACCTGGAGGAC-1,42.312763,-2.7407916,0
ATTACCTGGGCATT-1,-1.7531755,48.55602,6
ATTAGATGTTTCAC-1,0.49066636,-10.122815,8
ATTATGGAATCTCT-1,-27.328968,4.4215884,1
ATTCAAGAACGGGA-1,-3.2805092,12.068672,1
ATTCAAGACCTTTA-1,-15.606418,-12.589283,1
ATTCAGCTCATTGG-1,15.201363,-21.924404,8
ATTCCAACCATTGG-1,47.79524,16.34915,3
ATTCCAACTTAGGC-1,11.298204,-46.045273,5
ATTCGACTCACTAG-1,-14.278676,-22.197975,7
ATTCGACTGAATAG-1,38.715027,16.463526,9
ATTCGACTTTTGTC-1,36.289032,-4.3437266,0
ATTCGGGAAAGGCG-1,41.44682,16.14334,3
ATTCGGGATTAGGC-1,-21.805796,2.751227,1
ATTCTTCTGATACC-1,-0.5528367,-25.853788,8
ATTGAATGGACGGA-1,-6.197272,-14.023082,8
ATTGATGAAGGTTC-1,-2.7715719,-0.17996918,1
ATTGATGACTGAGT-1,-26.157064,-1.241024,1
ATTGATGAGCGAAG-1,-19.94588,-6.176522,1
ATTGATGATCTATC-1,-11.59654,0.76698697,1
ATTGCACTGACGGA-1,-8.126017,12.596511,1
ATTGCACTGAGAGC-1,38.118134,-2.2637165,3
ATTGCACTGGAGCA-1,33.024734,14.865345,9
ATTGCACTTAGCCA-1,-28.134336,-10.020579,1
ATTGCACTTGCTTT-1,43.69413,-10.047606,0
ATTGCTTGTTACTC-1,-16.29298,38.28854,6
ATTGGTCTGACTAC-1,-17.907427,39.023525,6
ATTGGTCTTGTCTT-1,-0.82986164,47.367477,6
ATTGTAGATTCCCG-1,29.937922,5.184189,2
ATTGTAGATTGCAG-1,-19.76064,-18.160393,1
ATTGTCTGCGTACA-1,-23.664522,-4.534447,1
ATTTAGGAACCATG-1,45.406555,-6.094478,0
ATTTAGGACAGAGG-1,-28.76381,0.8038556,1
ATTTCCGAGATGAA-1,-27.684141,-10.638053,1
ATTTCCGAGTGCTA-1,-18.30074,-9.252985,1
ATTTCGTGTATGGC-1,2.316941,-44.00951,7
ATTTCTCTACTTTC-1,42.678757,-4.8463426,0
ATTTCTCTAGCAAA-1,-32.303875,-9.288866,1
ATTTCTCTCACTTT-1,43.006073,0.41951466,3
ATTTCTCTTCCCAC-1,0.31424785,-5.937762,8
ATTTGCACAAGATG-1,30.321789,22.98253,9
CAAAGCACAGCTCA-1,-17.955807,-2.14842,1
CAAAGCACCGTAAC-1,-16.568888,39.33182,6
CAAAGCACGGTAAA-1,-5.163916,-43.84589,5
CAAAGCTGAAAGTG-1,0.9322602,-22.146557,8
CAAAGCTGTTGCTT-1,37.251095,18.087627,9
CAAATATGTGACAC-1,-1.106501,1.7195684,1
CAAATTGAGGGCAA-1,-7.7139497,-16.667778,8
CAAATTGATGGAGG-1,23.822393,23.228045,9
CAACCAGAAAAGTG-1,-1.5992118,8.932307,1
CAACCAGAAGTGCT-1,-35.081924,-3.2248275,1
CAACCAGAGTTCAG-1,45.74792,10.878245,3
CAACCAGATAGAAG-1,22.86353,23.095192,9
CAACCGCTGTTCAG-1,-1.9900669,0.49966475,8
CAACCGCTTTGAGC-1,-10.702044,-14.129766,1
CAACGATGCGCAAT-1,44.905952,-2.6257386,0
CAACGTGACTCCAC-1,43.921947,7.1181483,3
CAACGTGAGCCATA-1,-3.9668238,-41.27272,7
CAACGTGATCAAGC-1,36.023724,6.7016764,3
CAAGAAGACCACAA-1,-9.225795,-26.687546,7
CAAGAAGACGTCTC-1,31.184027,6.51398,3
CAAGAAGATTCTAC-1,-9.2175045,8.702228,1
CAAGACTGACCTGA-1,-8.193184,49.32159,6
CAAGACTGAGTAGA-1,-19.745356,43.60164,6
CAAGCTGACCATAG-1,36.740414,-7.2950535,0
CAAGCTGATCTATC-1,-1.4634731,-42.823093,5
CAAGGACTGTTCAG-1,-5.194507,14.179305,1
CAAGGACTTCTTTG-1,-12.803734,-29.51429,7
CAAGGTTGCTCCAC-1,-13.423453,-14.958029,1
CAAGGTTGTCATTC-1,-10.950519,43.5061,6
CAAGGTTGTCTGGA-1,13.055538,-52.720737,5
CAAGTCGAAACAGA-1,-14.300143,50.78075,6
CAAGTCGATAGCGT-1,34.040276,22.419483,9
CAATAAACGCCATA-1,22.945644,22.027342,9
CAATAATGAACTGC-1,37.64831,19.589233,9
CAATATGACATGGT-1,-25.58361,7.160606,1
CAATATGACCTTCG-1,0.42106035,-42.070972,5
CAATATGACGTTAG-1,0.21371177,-6.908162,8
CAATATGAGGAGCA-1,-28.315601,-3.8613498,1
CAATCGGAGAAACA-1,-19.960653,-1.1652414,1
CAATCTACTGACTG-1,9.4099,-55.601204,5
CAATTCACCCAACA-1,-2.2585127,-40.231117,7
CAATTCACGATAGA-1,-22.188618,-8.720508,1
CAATTCACTTGTGG-1,6.905136,-17.45002,8
CAATTCTGCTTGTT-1,41.073097,4.6314816,3
CAATTCTGGCGTAT-1,34.846325,1.4598308,9
CACAACGATACGAC-1,-0.7521088,7.5992284,1
CACAATCTTGTTCT-1,-10.941009,-25.29151,7
CACAATCTTTCCAT-1,-20.636017,-32.25624,1
CACACCTGCTTGAG-1,-2.0281878,-5.6147103,8
CACACCTGTATGGC-1,2.3561676,-8.966049,8
CACAGAACCCTTGC-1,-12.544286,35.204422,6
CACAGAACCTGATG-1,-27.341465,-1.9948727,1
CACAGATGGGATTC-1,-21.985209,-21.7226,1
CACAGATGGTTTCT-1,24.756771,12.687526,9
CACAGCCTGATACC-1,-29.768936,-5.3708215,1
CACAGCCTTGCCAA-1,36.656094,-1.2641264,3
CACAGCCTTGTAGC-1,-27.569473,7.913817,1
CACAGTGATGAAGA-1,43.89985,13.578666,3
CACATACTACAGCT-1,-5.6635876,-34.364536,7
CACATGGAACACGT-1,-16.175552,8.999972,1
CACATGGAAGTCGT-1,-4.1388373,-0.19940013,1
CACCACTGCCAACA-1,1.6954663,1.1127964,1
CACCACTGGCGAAG-1,5.2695236,-46.023506,7
CACCCATGTTCTGT-1,8.202125,-20.609419,8
CACCGGGAATCGAC-1,-33.106033,-1.5160631,1
CACCGGGACGAGAG-1,-6.058181,-38.33394,7
CACCGGGACGTGTA-1,-17.244274,7.2975864,1
CACCGGGACTTCTA-1,-36.81545,9.443768,2
CACCGGGACTTGCC-1,-3.6816578,-39.4386,7
CACCGGGATTCGGA-1,-1.2182493,-42.857132,7
CACCGTACTAAGGA-1,-9.721787,46.141655,6
CACCGTACTAGCGT-1,-12.271605,11.0614395,1
CACCTGACACCCAA-1,-7.0570993,-39.508606,7
CACCTGACCAGAAA-1,-8.626063,-12.996798,8
CACCTGACCTCAAG-1,-5.9911675,-38.86129,7
CACCTGACGAAAGT-1,-7.748968,42.277927,6
CACCTGACTCGTAG-1,-6.5774126,-3.2476969,1
CACGAAACTTCCGC-1,-14.524713,49.708958,6
CACGACCTCGATAC-1,-6.906301,43.55206,6
CACGCTACAGAAGT-1,4.362498,-18.802177,8
CACGCTACTGTTCT-1,-10.891301,47.878902,6
CACGCTACTTGACG-1,23.781612,21.35014,9
CACGGGACAGAGTA-1,-18.306574,7.8553085,1
CACGGGACATAAGG-1,0.11944437,1.6186632,1
CACGGGACGTAGGG-1,-23.466763,7.628175,1
CACGGGTGCTTCGC-1,-2.6467505,-38.890648,7
CACGGGTGGAGGAC-1,7.0122194,-44.8542,5
CACGGGTGTGTTTC-1,6.0601196,-17.625872,8
CACTAACTCCTAAG-1,-8.930606,41.690838,6
CACTAACTGAAAGT-1,-7.8486495,-0.35774052,1
CACTAGGATGATGC-1,-4.9521213,44.988182,6
CACTATACCCCGTT-1,-15.598697,54.58404,6
CACTATACGTTTGG-1,-4.149598,-40.003212,7
CACTGAGACAGTCA-1,22.885134,23.863667,9
CACTGCACTTCATC-1,-18.25071,-10.421629,1
CACTGCTGAGACTC-1,39.313396,-3.9761107,0
CACTGCTGGAAAGT-1,-27.761267,-0.5297501,1
CACTTAACCGAATC-1,-29.266,-9.172919,1
CACTTAACCGTACA-1,-8.820616,45.44693,6
CACTTTGACTCTAT-1,-4.4035935,-32.432934,7
CACTTTGAGCTGTA-1,1.9370492,-24.401098,8
CAGAAGCTCTCAAG-1,0.62185144,6.914556,8
CAGACATGAACGGG-1,-5.4866624,-1.2590048,1
CAGACATGTCGACA-1,-23.742538,-7.3364515,1
CAGACCCTAAGGTA-1,41.150085,-4.1177354,0
CAGACCCTAATGCC-1,-22.466146,6.404384,1
CAGACCCTAGGAGC-1,-7.4218397,9.696653,1
CAGACTGAGTATGC-1,-17.942154,1.0287136,1
CAGATCGAATGTCG-1,-17.063583,48.43475,6
CAGATCGACCTGAA-1,2.7374847,-26.248476,8
CAGATCGATATGGC-1,-16.004013,-3.2517803,1
CAGATGACATTCTC-1,7.781477,-53.068066,5
CAGCAATGCCTTCG-1,-13.3450575,5.5842156,1
CAGCAATGGAGGGT-1,7.7120185,-48.362926,5
CAGCAATGGTGCTA-1,-13.253987,6.931081,1
CAGCAATGTCTACT-1,37.357826,16.379992,9
CAGCAATGTGACCA-1,-9.341528,-11.681405,1
CAGCAATGTGAGGG-1,24.934675,22.094706,9
CAGCACCTAAGCCT-1,-5.085467,-15.056004,8
CAGCACCTAGGCGA-1,2.1638565,-13.621079,8
CAGCACCTGTAGGG-1,49.411545,13.138902,3
CAGCATGACAACCA-1,43.081642,14.366468,3
CAGCATGAGACGTT-1,-17.234728,-17.84011,1
CAGCCTACCCAACA-1,-27.144463,-7.882778,1
CAGCCTTGCTACCC-1,33.35894,21.326956,9
CAGCCTTGGGGACA-1,-31.790174,0.46607375,1
CAGCGGACACCCTC-1,-6.439966,-2.6483731,8
CAGCGGACCTTTAC-1,12.69884,-50.969746,5
CAGCGTCTAAAGCA-1,-23.00179,0.49336874,1
CAGCGTCTTATCGG-1,-21.048496,-7.861268,1
CAGCTAGATGTGAC-1,26.241861,19.926935,9
CAGCTCTGAGGCGA-1,-21.854092,-11.5345335,1
CAGCTCTGCAAGCT-1,-3.6548657,-37.17498,7
CAGCTCTGTCGTAG-1,43.729992,10.769439,3
CAGCTCTGTGTGGT-1,11.932274,-55.44076,5
CAGGAACTAACTGC-1,-16.283918,-26.814455,7
CAGGAACTCTCAGA-1,35.817307,22.693172,9
CAGGCCGAACACCA-1,-14.180128,4.1075563,1
CAGGCCGAACACGT-1,-36.609146,3.0242481,1
CAGGCCGAACGACT-1,-0.40417853,-14.915423,8
CAGGCCGAATCTCT-1,35.76229,0.52924013,9
CAGGCCGACTAGCA-1,-14.6345415,54.44413,6
CAGGGCACCATACG-1,-5.4100285,49.45362,6
CAGGGCACCCAACA-1,-7.899187,2.7479131,1
CAGGGCACTCCCGT-1,-26.131693,-7.173552,1
CAGGTAACAGACTC-1,37.656975,4.5872965,3
CAGGTATGAGTCGT-1,-15.397246,-7.4421096,1
CAGGTATGTGCTTT-1,-29.08807,9.476368,1
CAGGTTGAGGATCT-1,-22.284674,37.562965,2
CAGTGATGGACGGA-1,-10.085773,51.86807,6
CAGTGATGGCTAAC-1,0.20143352,-42.19981,7
CAGTGATGGGACAG-1,-23.287111,7.734193,1
CAGTGATGTAAGGA-1,-19.228224,43.195946,6
CAGTGATGTACGCA-1,1.9655263,47.054802,8
CAGTGTGAACACGT-1,8.43183,-20.654291,8
CAGTGTGATGTCAG-1,1.6283251,-6.8072357,8
CAGTTACTAAGGTA-1,-19.258928,38.5547,6
CAGTTACTGATAGA-1,-18.044224,-8.22617,1
CAGTTGGAAAGAGT-1,44.755135,3.158431,3
CAGTTGGACATACG-1,-6.138944,5.344176,1
CAGTTTACACACGT-1,8.616853,-57.544937,5
CAGTTTACCCCAAA-1,0.5773932,-3.3230014,8
CATAAAACGGAGCA-1,37.923218,20.49596,9
CATAAATGAACTGC-1,-1.6589453,-0.23055564,8
CATAACCTTCTCCG-1,-28.83458,4.152217,1
CATACTACCTCGAA-1,-0.528442,-4.47731,8
CATACTACCTGAAC-1,-5.381269,-3.3753073,1
CATACTACGTACCA-1,26.84709,17.70033,9
CATACTTGGGTTAC-1,42.03943,-10.866661,0
CATAGTCTAATCGC-1,-19.942839,-2.1467857,1
CATAGTCTCACTTT-1,-20.616476,3.505337,1
CATATAGACTAAGC-1,30.3205,8.749231,3
CATATAGATCAGGT-1,-13.834089,53.802986,6
CATCAACTAGAAGT-1,-29.299564,0.27884406,1
CATCAACTCCCTCA-1,-33.243893,1.6964573,1
CATCAGGACTTCCG-1,8.88327,-48.182575,5
CATCAGGATAGCCA-1,10.949739,-48.040936,5
CATCAGGATCCTAT-1,39.552837,-10.456646,0
CATCAGGATGCACA-1,39.737095,0.70395863,3
CATCAGGATTTCGT-1,27.57848,21.09635,9
CATCATACCGCATA-1,45.947094,4.6555176,3
CATCATACGGAGCA-1,-9.58444,45.679417,6
CATCATACTCAAGC-1,0.94149643,10.76494,1
CATCGCTGGGATCT-1,-31.963898,-2.1423934,1
CATCGCTGTGGCAT-1,-12.342363,45.944927,6
CATCGGCTATGCTG-1,-19.195284,6.643978,1
CATCGGCTTTGGCA-1,-16.65944,-8.638906,1
CATCTCCTATGTGC-1,-17.243713,44.881268,6
CATCTCCTCGAACT-1,36.24953,5.895173,9
CATGAGACACGGGA-1,-0.88575274,47.568455,6
CATGAGACGTTGAC-1,10.890781,-51.492332,5
CATGAGACTCGCCT-1,1.5265175,-14.793354,8
CATGCCACGGGTGA-1,-7.27015,-20.923365,1
CATGCCACTGCCAA-1,-27.29513,-2.5355935,1
CATGCGCTAGTCAC-1,41.259205,-9.883393,0
CATGCGCTCAGATC-1,36.763233,17.202044,9
CATGCGCTTTGCAG-1,40.535614,-10.40104,0
CATGGCCTAGGGTG-1,28.893898,21.666298,9
CATGGCCTGTGCAT-1,-10.607874,10.728788,1
CATGTACTATCGTG-1,-2.6333528,-38.586533,7
CATGTTACAGTCGT-1,-13.528472,-35.533474,7
CATGTTACCTGAGT-1,-10.255178,-19.49251,1
CATGTTTGGGGATG-1,36.081936,14.915055,9
CATTACACACGGAG-1,-7.2449355,45.371834,6
CATTACACCAACTG-1,11.880098,-53.8778,5
CATTACACGGAGTG-1,-17.173899,9.127591,1
CATTACACTACTCT-1,-2.004211,5.7646375,1
CATTAGCTCCACAA-1,43.77692,11.472412,3
CATTGACTAGCGGA-1,36.069,18.673523,9
CATTGGGACTCGAA-1,-3.7014086,-16.42962,8
CATTGTACAGCGTT-1,-1.0947874,6.5001316,1
CATTGTACTCGATG-1,-16.190834,41.42042,6
CATTGTACTTATCC-1,-4.8465543,-15.058334,8
CATTGTACTTTGCT-1,42.948948,-5.1827626,0
CATTGTTGCTAGTG-1,-3.3285937,-4.298148,1
CATTTCGACTCTAT-1,-11.715788,-31.36733,7
CATTTCGAGATACC-1,10.3980255,-55.393326,5
CATTTGACCACACA-1,-8.010153,-34.07343,7
CATTTGACCCTGAA-1,-9.919595,-31.452307,7
CATTTGTGACGACT-1,-15.37681,39.560265,6
CATTTGTGCATTGG-1,-11.116746,11.043872,1
CATTTGTGCGGAGA-1,-0.41421026,8.613191,1
CATTTGTGGGATCT-1,-19.972124,40.680405,6
CCAAAGTGCTACGA-1,44.74013,11.835072,3
CCAAAGTGTGAGAA-1,24.457779,18.986744,9
CCAACCTGAAGTAG-1,-5.4545555,-42.53784,7
CCAACCTGACGTAC-1,40.8409,18.261768,9
CCAACCTGTTCGCC-1,37.39803,18.214275,9
CCAAGAACCCAATG-1,-7.131343,-16.02549,8
CCAAGAACGTAGCT-1,-30.003756,-1.3607996,1
CCAAGAACGTGTCA-1,-14.988131,-8.834925,1
CCAAGAACTACTGG-1,-4.990405,-40.83146,7
CCAAGAACTCCTAT-1,0.44838107,46.543438,8
CCAAGATGTCATTC-1,-5.9221873,-8.990695,8
CCAAGATGTTTCAC-1,-17.692385,-13.823759,1
CCAAGTGAGGAACG-1,-4.0290937,9.693666,1
CCAAGTGATCAAGC-1,-19.909399,8.186936,1
CCAATGGAACAGCT-1,27.246422,20.882704,9
CCAATTTGAACGTC-1,41.29391,12.162708,3
CCACCATGAACGTC-1,2.9176936,3.1857646,1
CCACCATGATCGGT-1,-2.8095324,3.926919,1
CCACCATGGACGAG-1,44.04872,-6.738808,0
CCACCATGGGGAGT-1,-4.375086,-4.851969,1
CCACCATGTCCTGC-1,-4.943691,-43.50665,7
CCACTGACCCGCTT-1,36.58627,22.458408,9
CCACTGTGGGAAGC-1,26.024618,25.024967,9
CCACTGTGTGTAGC-1,-15.288019,-9.567028,1
CCACTTCTCGGGAA-1,41.00553,4.107891,3
CCAGAAACCCTGTC-1,-5.1586823,47.891125,6
CCAGAAACGAACTC-1,-24.235737,6.133626,1
CCAGAAACGGTCTA-1,-12.827337,7.7476625,1
CCAGACCTCTGAGT-1,20.385006,23.100536,8
CCAGACCTTGTGGT-1,-1.4144595,-14.471432,8
CCAGCACTGCGATT-1,43.929146,-3.7286956,0
CCAGCGGAAAGGCG-1,30.596905,22.150225,9
CCAGCGGACGACTA-1,39.129814,15.905162,9
CCAGCGGATGGGAG-1,-34.26963,3.5741935,1
CCAGCTACACAGTC-1,-3.8771029,-5.741317,8
CCAGCTACCAGCTA-1,-5.1116257,48.436092,6
CCAGGTCTACACCA-1,-9.9647455,51.7857,6
CCAGGTCTAGCATC-1,34.376736,14.536357,9
CCAGGTCTATGGTC-1,-24.344378,-0.88653964,1
CCAGTCACACTGGT-1,41.688957,17.257227,3
CCAGTCACACTGTG-1,-17.84361,47.37439,6
CCAGTCACGTTGTG-1,-4.3533564,5.5755763,1
CCAGTCTGCGGAGA-1,-39.3231,11.209189,4
CCAGTGCTAACCAC-1,-37.482685,3.2335992,1
CCAGTGCTCGTAGT-1,-25.823483,-11.798282,1
CCATCCGAAAGCAA-1,-21.49843,-18.80017,1
CCATCCGAACGACT-1,3.1184995,-23.44612,8
CCATCCGAAGGTTC-1,-15.187235,46.02487,6
CCATCCGATTCGCC-1,29.748257,24.475136,9
CCATCGTGAACGGG-1,-22.161581,-5.3520308,1
CCATCGTGCTAGAC-1,36.9739,1.5399029,3
CCCAACACCTCGCT-1,-19.682869,40.11854,6
CCCAACACGCATCA-1,4.995684,1.0857718,1
CCCAACACTTTGTC-1,49.172226,11.354501,3
CCCAACTGCAATCG-1,22.82307,21.266716,9
CCCAGACTGCCTTC-1,47.354305,1.3478086,0
CCCAGACTGGTTTG-1,-17.871819,38.17958,6
CCCAGACTTTCGCC-1,44.344566,-3.8891497,0
CCCAGTTGCAGTTG-1,44.69555,5.6139436,3
CCCAGTTGGGTACT-1,-14.044645,-22.276184,1
CCCAGTTGTCTATC-1,-13.786628,48.282608,6
CCCGATTGTGTTTC-1,-14.522371,-24.130718,1
CCCGGAGAAGGGTG-1,26.093678,22.275774,9
CCCTACGAATTGGC-1,40.841,19.9963,9
CCCTAGTGCAAAGA-1,-24.801033,3.3519104,1
CCCTCAGACACTTT-1,-15.810602,46.089756,6
CCCTCAGACGAGAG-1,-20.667423,6.754997,1
CCCTCAGAGGTCAT-1,-0.3968863,-3.2740157,8
CCCTGAACTAAAGG-1,-7.597875,44.535114,6
CCCTGATGCAACCA-1,-16.972275,3.0300252,1
CCCTGATGCAAGCT-1,-15.516177,44.562088,6
CCCTTACTAACCAC-1,47.310417,11.513156,3
CCCTTACTGCAGTT-1,1.783173,-25.837551,8
CCGAAAACCTTGTT-1,46.466125,-3.3571591,0
CCGACACTGGTTTG-1,-33.45936,5.1927056,1
CCGACTACCCAGTA-1,48.4085,10.904512,3
CCGACTACCGTGTA-1,2.6005454,-12.6249275,8
CCGACTACTGAGGG-1,-19.497896,-20.456858,7
CCGATAGACCTAAG-1,3.3803732,-11.031615,8
CCGATAGAGTTGGT-1,40.585896,4.197638,3
CCGCGAGACACACA-1,40.534832,18.55032,9
CCGCGAGAGGTTCA-1,-15.277275,-31.933567,7
CCGCTATGGGACGA-1,-17.118757,45.218575,6
CCGCTATGTGCAAC-1,40.411377,9.390611,3
CCGCTATGTGCACA-1,46.46527,16.507137,3
CCGGTACTGTCCTC-1,-6.72918,10.92243,1
CCGTACACAAGCAA-1,-7.150941,-5.617642,1
CCGTACACAGCGTT-1,-14.374614,40.726475,6
CCGTACACGTCATG-1,-4.4548655,-40.433517,7
CCGTACACGTTGGT-1,48.443634,11.387524,3
CCGTACACTAACGC-1,-15.360995,-28.648943,7
CCTAAACTTTCGTT-1,-9.565887,3.293509,1
CCTAAGGACCCAAA-1,-4.151575,-2.9302938,8
CCTAAGGACTAGCA-1,29.916092,21.626377,9
CCTAAGGAGGGCAA-1,1.8838177,-26.104063,8
CCTAAGGATGATGC-1,-16.71446,-3.8436902,1
CCTAAGGATGTCAG-1,-13.670873,8.599105,1
CCTACCGACTCTTA-1,-2.3660505,-8.555695,8
CCTACCGAGGGATG-1,-11.105689,39.567055,6
CCTAGAGAGGTGAG-1,-5.733995,46.070374,6
CCTATAACCAAAGA-1,-2.6413758,7.3598757,1
CCTATAACGAGACG-1,22.459549,17.336006,9
CCTATAACTCAGAC-1,-9.291537,6.8352017,1
CCTATAACTGCATG-1,22.30864,16.896826,9
CCTCGAACACTTTC-1,9.045807,-52.477455,5
CCTCGAACCCGTAA-1,36.30142,5.697183,9
CCTCGAACGTATCG-1,-3.610512,-6.7647123,8
CCTCGAACTTACTC-1,-27.165615,-0.5185357,1
CCTCTACTCTTCGC-1,45.656036,10.457997,3
CCTCTACTGGCATT-1,-2.535518,-2.1845164,8
CCTGACTGAAGTAG-1,-15.858036,-31.605247,7
CCTGACTGGGGAGT-1,-0.88907367,9.742938,1
CCTGACTGTGTCTT-1,-14.165391,46.43994,6
CCTGCAACACGTTG-1,34.543983,15.678841,9
CCTGGACTCGTGAT-1,-4.142789,-11.425891,8
CCTTAATGCCCAAA-1,-14.627717,46.534977,6
CCTTAATGTTCTAC-1,43.847256,-0.7279373,0
CCTTCACTACGACT-1,-8.45825,3.5817988,1
CCTTCACTCAGTCA-1,-13.059789,53.75257,6
CCTTCACTGGAGTG-1,31.225435,24.163357,9
CCTTTAGATTCATC-1,46.281013,14.166278,3
CGAACATGCCCTAC-1,37.291092,6.6554008,9
CGAACATGTCAGAC-1,-21.296635,-12.725593,1
CGAAGACTGGAACG-1,-17.063545,-31.586954,7
CGAAGACTGTTACG-1,-10.141069,-13.046677,8
CGAAGGGAAACCTG-1,-8.0767355,-39.27728,7
CGAAGGGATCCGAA-1,-12.9447155,37.91118,6
CGAAGTACCAACTG-1,-5.628528,44.917366,6
CGAATCGAGGAGCA-1,21.439497,23.791985,8
CGAATCGAGGAGGT-1,-14.717169,6.1023526,1
CGACAAACCCATAG-1,-25.051197,-15.218951,1
CGACAAACCGACAT-1,-16.552856,39.85723,6
CGACCACTAAAGTG-1,9.666463,-51.48529,5
CGACCACTGCCAAT-1,8.171892,-52.790623,5
CGACCGGAAGGTCT-1,-13.347578,8.643898,1
CGACCGGATGGAAA-1,-29.996655,-1.9463695,1
CGACCTTGCTAGTG-1,-10.557451,-12.861848,1
CGACCTTGGCAAGG-1,7.625555,-18.963652,8
CGACGTCTATCGTG-1,-12.00956,-27.251968,7
CGACGTCTCGTGTA-1,-6.9341674,-15.854509,8
CGACGTCTGAGGCA-1,5.3834224,-17.82757,8
CGACTCACGTCGTA-1,-12.162195,-0.5604066,1
CGACTCACGTTGCA-1,2.551188,-22.442858,8
CGACTCTGTGTGAC-1,-35.987415,0.34307936,1
CGACTGCTTCCTCG-1,36.056858,14.069923,9
CGAGAACTAAGGCG-1,-2.172786,-37.79351,7
CGAGAACTACGTTG-1,-0.74715143,-1.2419845,8
CGAGAACTTGTTCT-1,43.58506,20.451618,3
CGAGATTGGACACT-1,-3.3955042,-40.33668,7
CGAGATTGGCCATA-1,-0.27634948,-35.070568,8
CGAGCCGAACACCA-1,-13.97949,-8.472032,1
CGAGCCGACGACAT-1,-1.0361842,-27.08842,7
CGAGCCGAGGCGAA-1,-12.807274,-9.594341,1
CGAGCGTGCTCCAC-1,-22.53698,-22.408472,1
CGAGCGTGGATACC-1,-33.962166,-3.3038754,1
CGAGCGTGTATGCG-1,26.43946,19.802618,9
CGAGGAGACCTCCA-1,-13.30431,51.80248,6
CGAGGAGATGTCGA-1,5.094739,-16.831635,8
CGAGGCACCTATGG-1,-3.4332027,-38.766495,7
CGAGGCACTATGCG-1,47.285995,7.2187324,3
CGAGGCACTCTTCA-1,-12.392937,-26.752342,7
CGAGGCTGACGCTA-1,9.474829,-46.792244,5
CGAGGCTGGCAGTT-1,36.894745,11.7603445,3
CGAGGGCTACGACT-1,-6.590267,45.561005,6
CGAGGGCTCGAATC-1,2.6192756,-23.493702,8
CGAGTATGTCACCC-1,36.618237,-1.7548516,3
CGATACGAACAGTC-1,42.967377,7.416077,3
CGATACGACAGGAG-1,-37.40135,9.965282,4
CGATACGATTCACT-1,-13.46176,55.467373,6
CGATAGACCCGTAA-1,25.641706,17.902021,9
CGATAGACCGTACA-1,-24.949945,-9.557553,1
CGATAGACGTAGGG-1,36.352657,17.368475,9
CGATAGACTGTTCT-1,-3.0495489,-13.602412,8
CGATCAGAAGAACA-1,-7.945597,-38.9086,7
CGATCAGAGAGGGT-1,-26.948017,-7.1153584,1
CGATCAGAGGTACT-1,-36.26241,5.1036773,1
CGATCAGATGTGAC-1,26.582699,4.2856164,2
CGATCCACCGGGAA-1,-20.115494,-32.73061,7
CGATCCACTTCCAT-1,0.14505965,47.14324,8
CGCAAATGCTCGAA-1,6.862416,-18.222946,8
CGCAACCTCCTTGC-1,-19.415817,-7.424323,1
CGCAACCTGGACGA-1,-9.68165,-2.65328,1
CGCACGGAGGACGA-1,-6.853316,48.270058,6
CGCACGGATCTTTG-1,4.8219028,-10.761505,8
CGCACTACAGAATG-1,-5.444454,-9.405184,8
CGCACTACAGCCAT-1,-34.7259,-0.5079698,1
CGCACTACATTGGC-1,-10.976563,-13.569689,1
CGCACTACTCGCCT-1,-11.247481,51.28455,6
CGCACTACTCGTGA-1,-14.288061,-25.178764,7
CGCACTTGTCACGA-1,43.88113,14.193636,3
CGCAGGACAGATCC-1,-16.126835,-27.5066,7
CGCAGGACCTACTT-1,6.037204,-15.133927,8
CGCAGGACTTGTCT-1,46.825603,-1.701283,0
CGCAGGTGCACTGA-1,-23.287546,-8.563891,1
CGCAGGTGCCATAG-1,41.021553,-1.6321077,0
CGCAGGTGGGAACG-1,-30.506102,-9.593518,1
CGCATAGATCACGA-1,26.494019,24.502197,9
CGCCATACTGCAAC-1,-31.396976,3.727046,1
CGCCATTGAGAGGC-1,-7.718027,6.6415296,1
CGCCATTGCTATGG-1,-12.903411,-11.430971,1
CGCCATTGGAGACG-1,-19.13934,-7.1819024,1
CGCCATTGGAGCAG-1,-16.164206,40.547348,6
CGCCATTGTACTGG-1,-7.5836883,40.20195,6
CGCCGAGAGCTTAG-1,8.036477,-49.57213,5
CGCCTAACGAATGA-1,31.206326,5.270535,3
CGCCTAACTGCTCC-1,-29.761826,-0.41970983,1
CGCGAGACACAGCT-1,-16.171124,-27.032362,7
CGCGAGACAGGTCT-1,-20.30052,39.202446,6
CGCGAGACGCTACA-1,-12.570189,-8.549719,1
CGCGATCTCAGTCA-1,39.54817,7.7966685,3
CGCGATCTGTTGAC-1,35.10518,21.942024,9
CGCGATCTTTCTTG-1,-13.326676,38.65716,6
CGCGGATGGCCAAT-1,-22.874283,-7.484665,1
CGCTAAGAATGTCG-1,-22.643953,4.4941335,1
CGCTAAGACAACTG-1,-12.240934,4.2381263,1
CGCTAAGACCCTTG-1,-20.669273,-5.2594934,1
CGCTACTGAACAGA-1,47.16094,10.142987,3
CGCTACTGAGAACA-1,-16.591988,-0.57716525,1
CGCTACTGTGAGCT-1,-4.5898404,-6.943237,8
CGCTACTGTTCCCG-1,-2.1722825,-36.118145,7
CGCTCATGCATTTC-1,31.04158,21.073748,9
CGGAATTGCACTAG-1,6.273442,-17.748978,8
CGGAATTGGTTTGG-1,-10.375655,-13.4657135,8
CGGAATTGTGGAGG-1,-22.58698,2.4801652,8
CGGACCGATGCGTA-1,-3.979289,-39.09526,7
CGGACCGATGGGAG-1,5.524522,-17.214367,8
CGGACTCTAAACAG-1,-7.179843,50.246014,6
CGGACTCTCCAATG-1,-26.455618,-12.958089,1
CGGACTCTCCTCGT-1,-2.2289379,-42.54684,7
CGGAGGCTATTCCT-1,5.7904477,-19.214788,8
CGGAGGCTTGGATC-1,2.696307,5.281701,1
CGGATAACAACGAA-1,41.300575,12.175674,3
CGGATAACAGCTCA-1,-24.071455,-10.711494,1
CGGATAACTCAGTG-1,26.046497,22.752142,9
CGGCACGAACTCAG-1,-15.075617,-31.746746,7
CGGCACGAAGGGTG-1,-15.8388405,-2.2904453,1
CGGCACGACTACGA-1,37.392807,-4.2539897,0
CGGCATCTTAGAAG-1,-14.239936,-22.483398,7
CGGCATCTTCGTAG-1,47.603012,18.398115,3
CGGCCAGAAAGGTA-1,-6.2788877,-9.539588,1
CGGCCAGAGAGGCA-1,-5.5990562,-42.52086,7
CGGCGAACCAGTCA-1,43.01236,2.2212293,3
CGGCGAACGACAAA-1,8.851348,-48.17526,5
CGGCGAACGGTCTA-1,-21.652685,-4.394132,1
CGGCGAACTACTTC-1,10.414977,-50.09526,5
CGGGACTGCGTGTA-1,-20.434578,10.67865,1
CGGGACTGGAATAG-1,-3.0786917,-40.780552,7
CGGGCATGACCCAA-1,5.4877496,-25.480356,8
CGGGCATGTCTCTA-1,5.2022696,-47.881886,5
CGGGCATGTTGTGG-1,-5.446201,-0.23046471,1
CGGTAAACTCGCAA-1,-22.027311,-23.678524,1
CGGTCACTGTTTGG-1,-22.994545,-11.047307,1
CGGTCACTTACTTC-1,-36.057343,0.38147894,1
CGTAACGAATCAGC-1,3.6707096,-18.995878,8
CGTAACGATCGCCT-1,-25.394573,7.505011,1
CGTACCACACACAC-1,-20.528336,-3.3806646,1
CGTACCACACGTTG-1,-2.6646037,-2.5877655,1
CGTACCACCTCATT-1,-4.2474704,1.9612186,1
CGTACCACGCTACA-1,2.9845822,-26.436556,8
CGTACCACGGAGCA-1,-9.428574,-3.4621928,1
CGTACCTGGACGAG-1,20.146017,20.290537,8
CGTACCTGGCATCA-1,6.048725,-48.78293,5
CGTAGCCTCTCTCG-1,35.60452,17.407606,9
CGTAGCCTGCGAAG-1,-23.1597,-2.3151174,1
CGTAGCCTGTATGC-1,43.38136,0.8583337,3
CGTCAAGAAAGGTA-1,27.368265,23.809515,9
CGTCAAGAACGTGT-1,-17.414553,5.414664,1
CGTCAAGACAGAGG-1,-33.76722,-1.5181429,1
CGTCAAGACAGGAG-1,-0.28660205,-43.409718,7
CGTCCATGCTCTTA-1,-18.260332,3.6724036,1
CGTCGACTTTCCGC-1,-15.741404,-31.112894,7
CGTGATGACGCTAA-1,3.9227874,-14.065053,8
CGTGATGAGGTTCA-1,-12.110339,-24.595165,7
CGTGCACTTATGGC-1,43.565845,4.3152146,3
CGTGTAGAAAAACG-1,-18.075111,-10.724061,1
CGTGTAGACGATAC-1,-13.633064,-35.518295,7
CGTGTAGAGTTACG-1,14.677477,-51.698185,5
CGTGTAGAGTTCAG-1,36.85884,20.438063,9
CGTGTAGATTCGGA-1,9.635277,-50.31392,5
CGTTAGGAAACCAC-1,-10.546492,9.178931,1
CGTTAGGATCATTC-1,48.3269,4.7556305,3
CGTTATACCCTGAA-1,-3.4588933,-43.66259,7
CGTTTAACTGGTCA-1,-24.958298,-0.7403702,1
CTAAACCTCTGACA-1,12.284157,-55.608448,5
CTAAACCTGTGCAT-1,-17.904648,39.226974,6
CTAACACTAACGTC-1,-24.544825,-4.085027,1
CTAACACTAGTGCT-1,37.882874,7.606036,3
CTAACGGAACCGAT-1,8.926536,-53.198635,5
CTAACGGATTTCTG-1,-9.259601,-0.98306394,1
CTAACTACGGCAAG-1,-0.42895898,-24.057426,8
CTAAGGACACCATG-1,-2.1254315,2.6097572,1
CTAAGGACCGTTAG-1,-35.59587,6.384804,1
CTAAGGACGCCATA-1,44.299778,16.14678,3
CTAAGGTGCCTAAG-1,-2.6899526,47.040806,6
CTAAGGTGTTGCAG-1,-22.150719,-3.1985486,1
CTAAGGTGTTTCTG-1,3.209498,-22.402912,8
CTAATAGAGCTATG-1,8.428021,-18.810549,8
CTAATGCTTGTGGT-1,36.865395,16.028053,9
CTACAACTCCCGTT-1,-4.114547,-39.159576,7
CTACCTCTCAACCA-1,-8.403104,-29.565447,7
CTACGCACACCTAG-1,39.42785,-2.937064,0
CTACGCACTCTCCG-1,-23.492334,1.2454246,1
CTACGCACTGGTCA-1,0.035838917,-45.210133,5
CTACGGCTTTCTTG-1,47.91733,4.490401,3
CTACTATGAACCAC-1,43.2212,11.533784,3
CTACTATGATGTGC-1,30.495035,20.033337,9
CTACTATGCTAAGC-1,-16.63858,-24.330624,7
CTACTATGTAAAGG-1,-5.465843,47.639668,6
CTACTCCTATGTCG-1,9.762163,-54.943554,5
CTACTCCTGCCATA-1,21.838284,24.242373,8
CTAGAGACACTTTC-1,-27.199507,4.978423,1
CTAGAGACAGCATC-1,-5.86419,-40.737507,7
CTAGAGACTTTGGG-1,46.544273,-3.4623485,0
CTAGATCTCTCTAT-1,-4.9808273,-9.02773,1
CTAGATCTTCGACA-1,-19.300528,3.6374953,1
CTAGGATGAGCCTA-1,-38.724636,13.612762,2
CTAGGATGATCGTG-1,-15.413132,37.11863,6
CTAGGCCTCTCAGA-1,-16.992104,-11.265702,1
CTAGGTGATGGTTG-1,39.49992,-4.643988,0
CTAGTTACCAGAGG-1,-19.93433,-2.0977852,1
CTAGTTACCGCATA-1,-16.811104,5.4731126,1
CTAGTTACGAAACA-1,10.113481,-54.501392,5
CTAGTTTGAGTACC-1,-1.8677773,-39.461643,7
CTATAAGATCGTTT-1,-16.93329,37.81842,6
CTATACTGAGGTTC-1,22.636156,22.868887,9
CTATACTGCCAGTA-1,-7.6322694,5.1938562,1
CTATACTGCGCTAA-1,32.987103,14.875563,9
CTATACTGCTACGA-1,13.190644,-53.340595,5
CTATACTGTCTCAT-1,10.964303,-52.147217,5
CTATACTGTTCGTT-1,-32.99916,12.714453,2
CTATAGCTGTCACA-1,-3.2175333,-6.074792,8
CTATAGCTTCGCTC-1,42.145218,19.455872,3
CTATAGCTTGCCTC-1,35.43303,15.08052,9
CTATCAACGAACTC-1,-17.241135,7.081872,1
CTATCAACGCAGAG-1,-28.968729,-1.6615466,1
CTATCAACTTTGGG-1,0.9557945,2.7384744,8
CTATCCCTCCACCT-1,37.27439,16.223145,9
CTATGTACGAGAGC-1,-30.907227,-1.5599525,1
CTATGTACGCTTAG-1,-9.771812,-9.921068,1
CTATGTACTGTTTC-1,-21.557076,35.122925,1
CTATGTTGAAAGCA-1,-27.791838,-1.4750117,1
CTATGTTGTCCTCG-1,1.3153495,-11.147628,8
CTATGTTGTCTCGC-1,-33.437843,-0.97193563,1
CTATTGACAAACGA-1,28.169783,19.027615,9
CTATTGACACTGGT-1,38.134457,1.1994723,3
CTATTGACGGTGAG-1,42.70956,-1.269401,0
CTATTGTGGCAAGG-1,-5.6890206,-17.26564,8
CTCAATTGGTTCAG-1,-29.017311,3.5010412,1
CTCAATTGGTTGCA-1,36.15763,12.366725,9
CTCAGAGATAGAAG-1,-10.689942,4.852906,1
CTCAGCACTCTAGG-1,-18.533297,-4.222884,1
CTCAGCACTGAACC-1,24.078764,19.169285,9
CTCAGCACTTGCAG-1,0.4316368,-8.642792,8
CTCAGCTGAACCTG-1,38.520496,23.415186,9
CTCAGCTGCAGTTG-1,-18.107727,-23.642479,7
CTCAGCTGTTTCTG-1,-2.001739,-26.14323,8
CTCAGGCTCGTTGA-1,42.55693,-7.787879,0
CTCAGGCTGCTAAC-1,0.7363076,-16.889,8
CTCATTGACCTTAT-1,-32.94739,2.7079637,1
CTCATTGATGCTTT-1,38.453136,-0.63648903,3
CTCATTGATTGCTT-1,20.895342,22.628256,8
CTCCACGAGAGATA-1,29.693085,6.366724,2
CTCCATCTCTTAGG-1,-8.695753,-5.963224,1
CTCCATCTGACGAG-1,-22.0247,8.537547,1
CTCCGAACAAGTGA-1,37.208298,-3.568987,0
CTCCTACTGCCTTC-1,25.584375,19.968252,9
CTCGAAGATGTGGT-1,-4.5704536,13.671251,1
CTCGAAGATTAGGC-1,41.174305,17.176079,9
CTCGACTGCTCTAT-1,1.7399987,-14.665065,8
CTCGACTGGGTGAG-1,4.421973,-4.3748574,1
CTCGACTGGTTGAC-1,9.492738,-50.830967,5
CTCGAGCTCTGGAT-1,-0.98314214,-37.942635,7
CTCGCATGACTTTC-1,-12.363484,-23.896725,7
CTCGCATGCTTAGG-1,-21.63206,-5.159039,1
CTCTAAACCTCGAA-1,-10.252713,0.00083932286,1
CTCTAAACGGCGAA-1,4.0528665,-8.685234,8
CTCTAATGTCCAAG-1,39.006313,12.449134,3
CTGAACGACAGTCA-1,-30.541605,-2.6769836,1
CTGAACGATGAGGG-1,-12.269843,-12.807816,1
CTGAAGACCCAACA-1,-27.58539,-11.260837,1
CTGAAGACGTGCAT-1,-19.610441,43.042736,6
CTGAAGTGAAGCCT-1,43.67682,-6.789258,0
CTGAAGTGCAGCTA-1,-15.737336,47.739624,6
CTGAAGTGGCTATG-1,-4.1695027,-3.0678718,8
CTGAAGTGTCCAGA-1,-25.350866,9.115782,1
CTGAATCTGAATAG-1,-14.026974,-11.49408,1
CTGACAGAATCGTG-1,-4.24707,-44.441193,7
CTGACCACAGCAAA-1,-13.850834,-8.046734,1
CTGAGAACCGGGAA-1,-33.554672,6.104808,1
CTGAGAACGTAAAG-1,10.20579,-47.956787,5
CTGATACTAGTAGA-1,-4.0211444,-7.9487653,1
CTGATTTGGTGTTG-1,47.106068,11.422978,3
CTGCAGCTAACCGT-1,-0.88882655,7.5902047,1
CTGCAGCTGACACT-1,-13.701176,0.15475895,1
CTGCAGCTGGATTC-1,46.44724,-0.9744889,0
CTGCAGCTTGGCAT-1,-20.829418,-31.992453,1
CTGCCAACAGGAGC-1,-15.073643,-26.35812,7
CTGCCAACCAGCTA-1,-10.290615,-1.7245345,1
CTGCCAACTAACCG-1,37.638115,4.435541,9
CTGCCAACTGCTCC-1,-9.91244,-33.13056,7
CTGCCAACTTGCAG-1,-5.8486753,1.5363834,1
CTGCCAACTTGCTT-1,-17.429943,-27.060835,7
CTGCGACTCCACCT-1,2.6430101,-26.25408,8
CTGGAAACAAACGA-1,-4.3064475,-41.49242,7
CTGGAAACATCGAC-1,-10.133777,2.1871426,1
CTGGATGACTGGAT-1,-8.653023,-35.029408,7
CTGGATGACTTGTT-1,-2.1466448,-17.286188,8
CTGGATGATGTGAC-1,-0.14802387,46.463207,8
CTGGCACTCAAGCT-1,38.690044,21.500763,9
CTGGCACTGGACAG-1,-10.909697,-28.70689,7
CTGTAACTAACCAC-1,-20.665318,-15.625225,1
CTGTAACTAGCGTT-1,-6.673504,-8.838453,1
CTGTATACGTAAAG-1,2.4249458,-21.639812,8
CTGTATACGTACGT-1,43.637665,6.941963,3
CTGTATACGTTGGT-1,-2.5666473,-10.235939,8
CTGTGAGACAACCA-1,40.05589,-7.332822,0
CTGTGAGACCTTGC-1,-8.769261,-32.91295,7
CTGTGAGACGAACT-1,38.53402,19.542963,9
CTGTGAGACTGTAG-1,45.16532,16.418001,3
CTTAAAGAACCTGA-1,-4.6080246,0.012113165,8
CTTAACACCTGTAG-1,-18.016518,-3.8756008,1
CTTAACACGAGCTT-1,-31.130083,5.093039,1
CTTAACACTATCGG-1,-10.651092,45.982292,6
CTTAAGCTACCTAG-1,-13.517596,2.28504,1
CTTAAGCTAGTACC-1,2.9455647,-23.12992,8
CTTAAGCTCATCAG-1,-3.5343254,-1.0786105,1
CTTAAGCTCCGCTT-1,-18.1468,40.692913,6
CTTAAGCTTCCTCG-1,-11.915515,-29.137665,7
CTTACAACTAACGC-1,-14.802476,4.472485,1
CTTACAACTCCCGT-1,32.10679,22.88595,9
CTTACTGACGTACA-1,-2.8308432,-4.493965,8
CTTAGACTAAACGA-1,-24.992922,-3.432843,1
CTTAGGGACTTGCC-1,-30.698032,5.923449,1
CTTAGGGAGAATCC-1,3.4635134,-10.7254715,8
CTTATCGACTCATT-1,-8.505934,-12.540049,1
CTTCACCTACCTGA-1,43.275978,-6.5726576,0
CTTCATGAAGCATC-1,-13.116983,47.970253,6
CTTCATGAAGTACC-1,2.0392537,-16.013067,8
CTTCATGACCGAAT-1,2.92211,-26.390745,8
CTTGAACTACGCAT-1,-5.229713,-15.126126,8
CTTGATTGAGGTTC-1,-2.5146244,-42.24477,7
CTTGATTGATCTTC-1,24.531832,12.706071,9
CTTGATTGCATTCT-1,-30.900131,-8.583154,1
CTTGATTGTTTCGT-1,-25.047258,-0.46733636,1
CTTGTATGACACCA-1,-15.842137,43.384876,6
CTTGTATGCGCAAT-1,-2.6051793,47.063183,6
CTTTACGAGCGAAG-1,2.2613058,-10.747718,8
CTTTAGACCGTGAT-1,5.148491,-12.770249,8
CTTTAGACGAGACG-1,-3.0961497,-11.8119,8
CTTTAGACGATACC-1,-12.329716,-5.708178,1
CTTTAGACGTTGGT-1,-20.896736,-23.691559,7
CTTTAGACTCATTC-1,-8.878841,-30.982327,7
CTTTAGTGACGGGA-1,9.928699,-52.51182,5
CTTTAGTGGGTGGA-1,4.69936,-11.041387,8
CTTTCAGAGAAACA-1,-22.970367,-3.8822641,1
CTTTGATGAGCACT-1,-15.221025,-9.76396,1
CTTTGATGTCTAGG-1,-17.22889,-29.20124,7
CTTTGATGTGTCCC-1,-31.15155,1.4897043,1
CTTTGATGTGTGGT-1,-9.560804,-4.1118436,1
GAAACAGAACTACG-1,-18.416103,-9.898333,1
GAAACAGAATCACG-1,-11.48799,2.0359437,1
GAAACAGACATTCT-1,-18.687801,10.129657,1
GAAACCTGATCGTG-1,-6.709825,8.026176,1
GAAACCTGATGCCA-1,-20.35292,-11.268249,1
GAAACCTGCTTATC-1,-20.806164,10.748504,1
GAAACCTGGACTAC-1,43.210365,-10.944087,0
GAAACCTGTGCTAG-1,-7.4669757,-11.286366,1
GAAAGATGATTTCC-1,-29.09399,-2.569592,1
GAAAGATGCTGATG-1,40.154057,-9.888998,0
GAAAGATGCTTCGC-1,32.95747,16.88897,9
GAAAGATGTAAGGA-1,8.1779785,-19.566742,8
GAAAGATGTTTGCT-1,0.27746803,-26.898981,8
GAAAGCCTACGTTG-1,-15.630741,44.682243,6
GAAAGTGAAAGTGA-1,28.442394,6.1438622,2
GAAAGTGACCACAA-1,42.733192,11.816259,3
GAAAGTGACTCAAG-1,-28.741407,-3.2741778,1
GAAATACTACCAAC-1,21.26424,23.350565,8
GAAATACTCTTAGG-1,-15.416742,44.05769,6
GAAATACTTCCTCG-1,-16.630342,-14.300859,1
GAACACACGTGCAT-1,48.98748,10.162471,3
GAACACACTGCCTC-1,0.060786366,-0.3827731,8
GAACAGCTAACTGC-1,47.507423,0.79484475,0
GAACAGCTCTCAGA-1,38.968174,-7.8268466,0
GAACCAACCACAAC-1,4.066674,-24.081161,8
GAACCAACTTCCGC-1,12.105638,-50.574463,5
GAACCTGAACGTGT-1,-38.531994,6.30501,1
GAACCTGAGAGACG-1,-21.878769,2.519151,1
GAACCTGATGAACC-1,-28.204502,5.897391,1
GAACGGGATACTTC-1,-7.509553,0.2722712,1
GAACGTTGACGGAG-1,-1.81406,-36.817707,7
GAACTGTGACCTGA-1,36.796677,-5.8674426,0
GAACTGTGCCAGTA-1,41.922775,19.246223,9
GAAGAATGCAATCG-1,-0.12026713,4.236756,8
GAAGCGGACCTATT-1,46.0829,4.69957,3
GAAGCTACGAATGA-1,41.758713,8.659367,3
GAAGCTACGGTTTG-1,-22.39891,-6.3042135,1
GAAGGGTGAAAGTG-1,-17.256128,-3.5912929,1
GAAGGGTGCTTAGG-1,44.564884,14.924022,3
GAAGGTCTGAAAGT-1,-30.38112,8.431593,1
GAAGGTCTGTTGCA-1,-3.0649574,14.801624,1
GAAGGTCTTAAAGG-1,28.308334,5.439167,2
GAAGTAGACTCCCA-1,4.3759027,-44.52227,7
GAAGTAGATCCAAG-1,39.666286,-7.0822916,0
GAAGTCACCCTCGT-1,34.26742,17.28147,9
GAAGTCACCCTGTC-1,-14.810147,47.743416,6
GAAGTCTGTCGCAA-1,-16.120356,44.70378,6
GAAGTCTGTTCTGT-1,-0.28918082,-8.589195,8
GAAGTGCTAAACGA-1,11.728603,-48.747757,5
GAAGTGCTCCGCTT-1,42.46418,5.0297146,3
GAAGTGCTTAACCG-1,-27.302385,-4.573325,1
GAATGCACCCTAAG-1,-33.11527,-0.15706919,1
GAATGCACCTTCGC-1,13.901874,-51.710857,5
GAATGCTGCGGTAT-1,0.6926088,4.6441746,1
GAATGGCTAAGATG-1,4.531845,-18.591831,8
GAATTAACGATAAG-1,-5.464744,6.562453,1
GAATTAACGGTCAT-1,-14.373982,-6.210874,1
GAATTAACGTCGTA-1,9.455453,-45.219193,5
GAATTAACTGAAGA-1,-16.704369,36.902325,6
GACAACACAGGCGA-1,4.0083222,-5.001127,8
GACAACACATCGTG-1,-12.264667,4.2193165,1
GACAACACTCGCCT-1,-9.512286,-24.440939,1
GACAACTGAGGTTC-1,-14.320868,-9.600749,1
GACAGGGAAGAGTA-1,-11.169905,46.578423,6
GACAGGGAATGCCA-1,-24.496357,4.565961,1
GACAGTACGAGCTT-1,44.365433,-5.7828465,0
GACAGTACTTCGGA-1,43.782467,-7.6849375,0
GACAGTTGAGTAGA-1,-21.58916,39.257793,6
GACATTCTCCACCT-1,28.860907,4.847075,2
GACCAAACGACTAC-1,36.04395,11.133578,9
GACCAAACGTATCG-1,34.772617,12.638766,3
GACCATGACTCTCG-1,24.348528,21.471792,9
GACCCTACTAAAGG-1,-14.856922,47.094284,6
GACCTAGACCTCAC-1,0.8464782,-22.747066,8
GACCTAGACGAGAG-1,-26.198359,2.0946517,1
GACCTCACAAGGTA-1,0.26232213,-3.036222,8
GACCTCACGTACGT-1,44.907085,9.9856415,3
GACCTCTGCATCAG-1,-6.917737,15.2408085,1
GACGAACTCCCACT-1,-8.842255,0.79727036,1
GACGATTGCCAATG-1,-7.198891,46.51645,6
GACGCCGACCTTCG-1,-33.317574,7.1553407,1
GACGCTCTCTCTCG-1,15.091947,-21.932573,8
GACGGCACACGGGA-1,13.772889,-50.895535,5
GACGGCACGAGATA-1,44.818115,12.658024,3
GACGTAACCTATGG-1,-18.378998,-2.9659538,1
GACGTAACCTGTGA-1,-26.045456,5.3492446,1
GACGTAACTATGGC-1,-32.73016,9.295012,1
GACGTATGTTGACG-1,-6.8288236,13.7660675,1
GACGTATGTTTGCT-1,-3.0169678,13.305486,1
GACGTCCTACGGAG-1,-23.350706,-14.301422,1
GACGTCCTCTCAAG-1,39.155987,10.01285,3
GACGTCCTGATAAG-1,-14.166095,39.959908,6
GACTACGATGGTCA-1,-14.060944,44.537434,6
GACTCCTGCTCGCT-1,0.15126473,-0.13400558,1
GACTCCTGGGTTAC-1,-3.5232205,11.519599,1
GACTCCTGTTATCC-1,-9.433795,-16.032562,8
GACTCCTGTTGGTG-1,44.35657,16.452581,3
GACTGAACAACCGT-1,-0.0046991804,47.485397,8
GACTGAACCAATCG-1,36.94264,21.18666,9
GACTGATGTGATGC-1,-1.0750837,10.71535,1
GACTTTACATGCCA-1,-9.853784,4.9684534,1
GACTTTACGACAGG-1,-2.3771074,45.023064,6
GAGAAATGTTCTCA-1,-8.896391,40.045506,6
GAGATAGAAAAAGC-1,44.270542,6.8674097,3
GAGATCACGACAAA-1,38.241734,-4.7715516,0
GAGATGCTCTGGAT-1,-15.055731,-33.267178,7
GAGATGCTGAATGA-1,-27.48666,-9.993724,1
GAGCAGGATTCCCG-1,-16.558064,-31.355713,7
GAGCATACTTTGCT-1,41.47432,-9.027801,0
GAGCGCACGCGTAT-1,35.28884,20.662066,9
GAGCGCACGGTGAG-1,1.603047,-26.285065,8
GAGCGCTGAAGATG-1,10.016738,-49.64794,5
GAGCGCTGTCTTAC-1,34.8307,18.207386,9
GAGCGGCTGGGAGT-1,-8.283904,48.81788,6
GAGGACGACTCAGA-1,1.9222299,-22.751081,8
GAGGATCTGAAAGT-1,-0.0938678,49.9881,8
GAGGCAGACTTGCC-1,-3.652409,-44.6328,5
GAGGGAACACCAGT-1,-15.019633,-15.968464,1
GAGGGAACGAGGGT-1,-24.862057,-11.765735,1
GAGGGATGGGAAAT-1,-3.7273095,-16.501593,8
GAGGGCCTTCACCC-1,-32.921,-5.4345326,1
GAGGGTGAAGAGTA-1,-17.562717,-0.13105443,1
GAGGTACTACGGTT-1,0.7273094,5.285719,8
GAGGTACTACTCAG-1,37.55008,22.267925,9
GAGGTACTGACACT-1,10.6839285,-46.814804,5
GAGGTACTGGGAGT-1,-1.5463079,-15.636218,8
GAGGTACTTAGCGT-1,44.792404,9.078643,3
GAGGTGGAGTACGT-1,3.6432443,-11.70654,8
GAGGTGGATCCTCG-1,9.379829,-53.61268,5
GAGGTTACTCGTTT-1,45.601677,6.892072,3
GAGGTTTGTAAGCC-1,22.36322,22.91213,9
GAGTCAACCATTCT-1,8.101034,-17.48384,8
GAGTCAACGGGAGT-1,0.752842,-1.6583631,1
GAGTCTGATCGTGA-1,-16.572306,-6.453808,1
GAGTCTGATTTGGG-1,-10.24638,46.778275,6
GAGTGACTCAGCTA-1,-26.62289,11.619839,1
GAGTGACTCGGTAT-1,-10.632489,-34.51998,7
GAGTGACTCTTGCC-1,-16.808167,42.962193,6
GAGTGACTGACTAC-1,-0.21427508,45.6783,6
GAGTGACTGTCTAG-1,-11.57438,0.66750395,1
GAGTGGGAGTCTTT-1,-9.173117,42.401722,6
GAGTGGGATGCCCT-1,2.9333591,4.723723,8
GAGTGGGATGCTGA-1,-7.8016095,44.38897,6
GAGTGTTGCTGTAG-1,-31.29362,-1.600076,1
GAGTGTTGTGGTCA-1,-3.8513665,0.4751528,1
GAGTTGTGCATGGT-1,22.183054,23.819748,8
GAGTTGTGCTGAGT-1,-7.3657026,-40.336956,7
GAGTTGTGGCGAGA-1,28.061531,22.403776,9
GAGTTGTGGTAGCT-1,15.963057,-21.825325,8
GAGTTGTGTATGCG-1,40.41643,-7.235996,0
GATAAGGAGAAACA-1,27.309784,25.182104,9
GATAAGGATTCACT-1,38.817413,15.405436,9
GATACTCTATCGGT-1,-9.690804,6.736645,1
GATACTCTTACTTC-1,-5.534812,14.005308,1
GATACTCTTGACTG-1,39.12103,16.908434,9
GATAGAGAAGGGTG-1,-3.724707,-42.3354,7
GATAGAGACTGTGA-1,-35.455406,4.174785,1
GATAGAGATCACGA-1,32.92757,9.675009,3
GATAGCACCCATAG-1,-18.527033,-7.3886714,1
GATAGCACGAAGGC-1,44.703556,4.9379506,3
GATAGCACTTGTCT-1,-2.6472561,12.939666,1
GATATAACAAGGTA-1,-34.500183,1.4068664,1
GATATAACACGCAT-1,-7.2565856,-1.4265847,1
GATATATGCTGGAT-1,-6.4145265,7.0619555,1
GATATATGTCCGTC-1,-3.2742534,-40.32702,7
GATATATGTGGAGG-1,44.100685,18.421474,3
GATATCCTAGAAGT-1,-9.088677,5.7691703,1
GATATCCTCCCGTT-1,26.568342,23.151407,9
GATATTGACAGGAG-1,-14.70117,-28.349586,7
GATATTGACGAGTT-1,39.958183,-8.540224,0
GATATTGAGCCAAT-1,-8.359082,4.6990466,1
GATCCCTGACCTTT-1,8.897085,-54.458702,5
GATCCCTGTGTAGC-1,-5.109287,-37.639957,7
GATCCGCTGGTCAT-1,48.120625,11.369843,3
GATCGAACCGAGAG-1,-38.043846,5.5123887,1
GATCGATGACTAGC-1,-1.1730744,50.408665,6
GATCGATGGTAAAG-1,-9.618353,43.36609,6
GATCGATGTAAGGA-1,39.738876,17.654501,9
GATCGTGACACTAG-1,-8.523824,0.80251276,1
GATCGTGATTCACT-1,-19.915703,-2.885473,1
GATCTACTGGTGAG-1,-13.529801,-23.630442,7
GATCTACTTTGCAG-1,-13.2844925,51.68351,6
GATCTTACACCCAA-1,39.27255,-6.666206,0
GATCTTACCCTACC-1,-24.155842,-3.1802857,1
GATCTTACGAATAG-1,27.917778,17.389936,9
GATCTTACGAGATA-1,37.377357,22.417437,9
GATGCAACTCCAGA-1,-15.532946,3.7845676,1
GATGCCCTACGTAC-1,-29.162092,2.5299435,1
GATGCCCTCTCATT-1,-17.845585,1.7307091,1
GATGCCCTGGCAAG-1,38.00023,17.776485,9
GATGCCCTTTTGCT-1,-3.7392364,-13.183625,8
GATTACCTTGTTCT-1,-1.371186,12.311199,1
GATTCGGAACGACT-1,2.6752846,3.049794,1
GATTCGGACAGGAG-1,43.202175,7.6462107,3
GATTCGGAGAAGGC-1,42.215115,-3.040357,0
GATTCTTGATTCGG-1,44.523937,8.058854,3
GATTCTTGCCGATA-1,-3.298526,5.051327,1
GATTCTTGCGAGTT-1,-8.969553,42.454815,6
GATTGGACCCGTTC-1,-20.089907,35.983257,1
GATTGGACGGTGTT-1,-14.806818,46.912006,6
GATTGGACTTTCGT-1,-10.5158615,46.75288,6
GATTGGTGTGTCAG-1,-27.452337,5.177144,1
GATTTAGACACTCC-1,41.40809,-6.2827425,0
GATTTAGACTAAGC-1,-22.63644,39.7453,6
GATTTAGATTCGTT-1,21.53947,23.687153,8
GATTTGCTAACGAA-1,-9.62487,-4.2169337,1
GATTTGCTAACGGG-1,22.21144,22.057474,9
GCAACCCTCCTCGT-1,23.238815,23.849072,9
GCAACTGATTGCGA-1,-8.517964,11.563802,1
GCAAGACTACTGGT-1,-32.316982,7.0999393,1
GCAAGACTAGGTCT-1,-19.796648,4.2593217,1
GCAAGACTCCCTTG-1,-17.090073,5.465572,1
GCAATCGACTGCAA-1,-17.790781,-26.097687,7
GCAATCGAGACGTT-1,44.44635,0.15517414,0
GCAATCGATCCTTA-1,39.83199,5.888312,3
GCAATTCTCGTGTA-1,-29.66698,-6.9082894,1
GCAATTCTTCTCCG-1,-33.117725,1.4324859,1
GCACAAACAATGCC-1,1.2625151,-26.204237,8
GCACAAACGGTACT-1,-25.298382,-6.549927,1
GCACAATGGTGCAT-1,31.079758,9.925556,9
GCACACCTGTGCTA-1,10.359717,-48.06981,5
GCACCACTCATGAC-1,45.06197,18.352846,3
GCACCACTGTTTGG-1,22.334368,24.683952,9
GCACCACTTCCTTA-1,12.132563,-52.036015,5
GCACCACTTTCGGA-1,47.17764,16.260616,3
GCACCTACGCGATT-1,-34.38104,3.4213371,1
GCACCTTGGCTGTA-1,-2.1551573,-15.590679,8
GCACCTTGGGGAGT-1,45.010616,1.6787149,3
GCACGGACCAGCTA-1,-33.128654,-8.702798,1
GCACGGTGACCTCC-1,-9.765843,2.9587882,1
GCACGGTGCTATGG-1,49.776794,11.538261,3
GCACTAGAACGGGA-1,-27.280268,-3.097283,1
GCACTAGAAGATGA-1,-11.5751295,45.49903,6
GCACTAGACCTTTA-1,40.98369,-3.828387,0
GCACTAGACGTAAC-1,-0.11727194,50.013775,6
GCACTAGAGTCGTA-1,5.3302593,-46.959076,5
GCACTAGATGCAAC-1,-27.901487,7.5630565,1
GCACTGCTGAGGCA-1,-23.504564,-22.365522,1
GCAGATACAGCGTT-1,-12.018739,-29.327787,7
GCAGATACGACGGA-1,-5.759461,-6.071506,8
GCAGATACGCAGAG-1,-15.084874,-5.210365,1
GCAGCCGACAGTCA-1,-3.6137476,14.472468,1
GCAGCGTGCACTCC-1,-10.244641,0.6354513,1
GCAGCTCTCAATCG-1,-0.40629506,-4.715367,8
GCAGCTCTGTTTCT-1,-17.015368,-11.166141,1
GCAGGGCTAAGAAC-1,-14.079148,-1.1660823,1
GCAGGGCTAAGGGC-1,-1.1234634,-6.7436614,8
GCAGGGCTATCGAC-1,10.252319,-52.217583,5
GCAGGGCTTGGGAG-1,-17.257814,-29.636164,7
GCAGTCCTAACTGC-1,-13.207554,-7.128071,1
GCAGTCCTCTCTTA-1,-1.5169147,-1.336246,1
GCATCAGATGCGTA-1,-13.350641,-27.722368,7
GCATGTGACAAGCT-1,-13.142709,2.927414,1
GCATTGGAGAAGGC-1,-33.033253,4.132819,1
GCCAAAACGAGGCA-1,-13.979794,-32.04587,7
GCCAAATGATCGAC-1,-30.336424,1.4233522,1
GCCAACCTACGGTT-1,-5.5825515,-1.2834057,8
GCCAACCTCGCCTT-1,0.65148336,-14.059223,8
GCCACGGAGGCGAA-1,30.98842,16.230886,9
GCCACGGATACTGG-1,2.6415973,-4.404932,1
GCCACTACCTACTT-1,-13.335259,50.806576,6
GCCACTACGTCTTT-1,-6.166173,-7.547891,1
GCCCAACTACCGAT-1,-8.882136,15.05506,1
GCCCAACTATGGTC-1,-2.2892053,-38.613964,7
GCCCATACAGCGTT-1,-6.785543,-36.398827,7
GCCGACGAACTCTT-1,42.22138,6.9067116,3
GCCGAGTGCGTTGA-1,-31.540552,-0.8463403,1
GCCGGAACGAACTC-1,-8.996321,-38.30322,7
GCCGGAACGTTCTT-1,11.243985,-49.99282,5
GCCGGAACTGCACA-1,9.517257,-43.916748,5
GCCGGAACTTACTC-1,-22.274797,-1.501037,1
GCCGTACTACCTGA-1,5.405789,-6.6598973,8
GCCGTACTGGCAAG-1,34.38632,21.889296,9
GCCTACACAGTTCG-1,9.871358,-51.271633,5
GCCTACACCACTGA-1,37.03879,1.6056015,3
GCCTACACCTTGAG-1,-3.699932,8.202839,1
GCCTAGCTACGGAG-1,-12.415829,54.808697,6
GCCTAGCTCTATTC-1,-11.585926,6.2995653,1
GCCTAGCTTCTCAT-1,-9.163418,-8.301693,1
GCCTAGCTTCTCTA-1,39.176624,-7.208015,0
GCCTCAACCATGGT-1,-8.993101,1.0775937,1
GCCTCAACTCTTTG-1,-38.891743,10.54092,4
GCCTCATGTCTTAC-1,-14.291145,-24.482172,7
GCCTGACTCTCAAG-1,35.570408,18.46257,9
GCGAAGGAACTCTT-1,0.69861585,-21.827898,8
GCGAAGGAGAGCTT-1,-39.173252,10.968219,4
GCGAAGGATGCCAA-1,-3.6282983,8.733743,1
GCGAGAGAGGGACA-1,-15.384795,-7.465716,1
GCGAGCACTGTCGA-1,1.403207,46.842243,8
GCGAGCACTTGACG-1,-1.5672421,4.658332,1
GCGAGCACTTGCTT-1,41.521935,7.116351,3
GCGATATGGTACGT-1,-13.859196,1.859675,1
GCGATATGGTGTTG-1,-3.429925,-12.857348,8
GCGCACGAAGTCGT-1,2.778982,4.939938,1
GCGCACGACTTTAC-1,32.87379,22.20631,9
GCGCATCTAGGTCT-1,3.3966393,-12.817153,8
GCGCATCTGGTTAC-1,23.723566,12.484744,1
GCGCATCTTCGATG-1,-2.5178502,6.713239,1
GCGCATCTTGCTCC-1,8.930166,-50.910145,5
GCGCATCTTTCTAC-1,-4.560825,3.6190584,1
GCGCGAACGTTCTT-1,-9.956394,43.04876,6
GCGCGATGAACGGG-1,-7.7146993,9.314735,1
GCGCGATGGTGCAT-1,10.3152485,-56.74898,5
GCGGAGCTCCTGAA-1,-7.075127,-2.0103018,1
GCGGCAACCCGATA-1,-23.475626,-12.246648,1
GCGGCAACGGAGGT-1,-3.5923643,45.745445,6
GCGGCAACTGTCGA-1,22.645227,23.409962,9
GCGTAAACACGGTT-1,27.81144,5.1969957,2
GCGTAATGCACCAA-1,40.93362,-6.499411,0
GCGTATGAACACCA-1,-19.155994,-10.913797,1
GCGTATGATGAGAA-1,42.124954,8.156583,3
GCTACAGAAAGGTA-1,-18.163488,-13.324392,1
GCTACAGAATCTTC-1,1.0019597,47.266907,8
GCTACAGATCTTAC-1,-19.646465,-9.793993,1
GCTACCTGAGAAGT-1,46.36927,16.890224,3
GCTACCTGATCACG-1,-13.771999,1.6628294,1
GCTACGCTAGAATG-1,-7.051354,15.2736845,1
GCTACGCTAGCTAC-1,-17.312878,-15.779436,1
GCTACGCTCCCTAC-1,-32.902626,7.1115437,1
GCTAGAACAGAGGC-1,-13.018769,54.696644,6
GCTAGAACGGATCT-1,-28.662792,3.1345809,1
GCTAGAACTCCCGT-1,6.3097296,-18.86756,8
GCTAGATGAGCTCA-1,36.77928,15.567695,9
GCTAGATGGCGATT-1,-8.848134,-32.31823,7
GCTATACTAAGGCG-1,-31.334747,1.9821503,1
GCTATACTAGCGTT-1,-6.284749,-31.972242,7
GCTATACTCTCTTA-1,-7.320785,11.562715,1
GCTATACTGGACGA-1,-23.168478,0.3354026,1
GCTCAAGAACCATG-1,45.3636,-4.2941666,0
GCTCAAGAAGTCAC-1,44.303493,4.6976824,3
GCTCAGCTGTCTAG-1,3.2539787,-9.5216,8
GCTCCATGAGAAGT-1,-6.519629,-43.42448,7
GCTCCATGCCGAAT-1,-0.9966774,-6.826793,1
GCTCGACTCTAGTG-1,29.339893,24.4071,9
GCTGATGAGGTATC-1,33.90505,20.271997,9
GCTTAACTACAGTC-1,25.810295,23.190044,9
GCTTAACTACTGGT-1,-5.154747,-39.770927,7
GCTTAACTGCTGAT-1,-16.16405,11.480822,1
GCTTAACTTAGACC-1,27.093307,22.042124,9
GCTTAACTTCAGTG-1,-18.5419,-6.93976,1
GGAACACTCACTTT-1,22.264513,23.083504,9
GGAACACTTCAGAC-1,15.127385,-21.929852,8
GGAACTACTACTTC-1,-7.7277746,-9.252102,8
GGAACTTGAAGGTA-1,50.147385,11.688611,3
GGAACTTGAGAATG-1,-11.046973,-3.1917055,1
GGAACTTGCTCCAC-1,40.4269,8.384383,3
GGAACTTGGGTAGG-1,-12.257584,54.294186,6
GGAAGGACATCGGT-1,28.623852,20.365414,9
GGAAGGACCACTAG-1,-19.460594,-15.127767,1
GGAAGGACGAGGGT-1,-21.997316,6.4342337,1
GGAAGGACGCGAAG-1,-16.636055,-25.707619,7
GGAAGGTGGCGAGA-1,7.7873363,-51.55336,5
GGAATCTGAAGGGC-1,-5.946717,-11.826161,8
GGAATCTGAGGAGC-1,-35.13053,7.7238326,1
GGAATCTGCTTAGG-1,-6.7744827,47.36966,6
GGAATCTGCTTGTT-1,46.773087,14.893793,3
GGAATCTGGGAGGT-1,-17.358574,7.2809615,1
GGAATGCTTTCTAC-1,-5.2518,-3.5452886,1
GGACAGGAAAGGGC-1,-14.383784,-30.636393,7
GGACAGGAGTGCTA-1,-17.431725,43.612392,6
GGACAGGATCTCGC-1,-20.637508,-15.5484495,1
GGACCCGAAGCTAC-1,45.48449,8.238929,3
GGACCGTGCTTACT-1,33.663723,18.33837,9
GGACCGTGGGAACG-1,29.722843,5.879197,2
GGACCGTGTAACGC-1,-28.604486,-9.712922,1
GGACCTCTGTAAGA-1,38.506424,11.828,3
GGACCTCTTTTCTG-1,-6.6915917,-39.32109,7
GGACGAGAGTGTCA-1,26.574331,24.32384,9
GGACGCTGACGCAT-1,-20.431913,-32.407944,7
GGACGCTGCTAGCA-1,-5.5664873,5.0184293,1
GGACGCTGTCCTCG-1,12.156501,-50.080284,5
GGAGAGACGTGAGG-1,-17.205088,32.164093,1
GGAGCAGATTCAGG-1,-1.9904742,45.190132,8
GGAGCCACCTTCTA-1,-18.93092,36.543514,6
GGAGCGCTACGCAT-1,44.981796,3.1371272,3
GGAGCGCTCCGAAT-1,-37.65409,1.5261592,1
GGAGGATGCCACCT-1,3.8089545,-10.083451,8
GGAGGATGGTTGAC-1,30.096643,15.126607,9
GGAGGATGTCAGTG-1,37.52724,13.954703,9
GGAGGCCTCGTTGA-1,6.498866,-52.622635,5
GGAGGCCTTTCTTG-1,-13.485173,-0.15358141,1
GGAGGTGATACGCA-1,-16.606083,-8.450161,1
GGAGGTGATCGCTC-1,-12.255186,-5.461382,1
GGATACTGCAGCTA-1,-22.832973,-14.501967,1
GGATACTGTCTAGG-1,-24.08394,-5.7514515,1
GGATAGCTCGTCTC-1,-31.672546,2.108991,1
GGATAGCTCTGAAC-1,-5.9251266,-38.731136,7
GGATGTACCAAAGA-1,-13.187345,44.417282,6
GGATGTACGCGAAG-1,3.665637,-8.204532,8
GGATGTACGTCTTT-1,21.443695,23.40816,8
GGATGTACGTGTCA-1,-9.335337,-31.781464,7
GGATTTCTAGGTTC-1,-13.745628,-12.493839,1
GGATTTCTTTGTCT-1,46.008686,4.856047,3
GGCAAGGAAAAAGC-1,13.061268,-53.93845,5
GGCAAGGAAGAAGT-1,-17.377174,0.537753,1
GGCAAGGACTTGGA-1,40.778343,8.691493,3
GGCAAGGAGGACTT-1,-22.840342,4.4470687,1
GGCAATACGCTAAC-1,-2.8786263,46.155045,6
GGCAATACGGCATT-1,4.8273044,-25.94303,8
GGCAATACGTTTCT-1,-18.597023,45.13342,6
GGCACGTGGCTTAG-1,40.095493,-4.1431623,0
GGCACGTGTGAGAA-1,-38.93935,12.780129,4
GGCACTCTTTTGTC-1,-30.626606,6.146579,1
GGCATATGCTTATC-1,8.599408,-49.88439,5
GGCATATGGGGAGT-1,15.05921,-21.931993,8
GGCATATGTGTGAC-1,-37.090977,8.711523,2
GGCCACGACAGAGG-1,4.323698,-18.417042,8
GGCCAGACTGGTTG-1,-27.731844,-4.77579,1
GGCCCAGAAAGTAG-1,42.372105,13.8199005,3
GGCCGAACAACGAA-1,-7.5321994,-3.864521,1
GGCCGAACGCAGAG-1,6.8639665,-18.173447,8
GGCCGAACGTAGGG-1,-5.3120046,-5.145768,8
GGCCGAACTCTAGG-1,11.194458,-49.62876,5
GGCCGATGCAGGAG-1,-28.456259,0.29700786,1
GGCCGATGCCGAAT-1,-28.53449,-12.643911,1
GGCCGATGTACTCT-1,-10.795831,-27.90149,7
GGCGACACTGCCCT-1,-22.351625,-33.013866,5
GGCGACTGCGTAAC-1,-25.972286,-7.2407374,1
GGCGCATGCCTAAG-1,35.018047,-0.45530263,9
GGCGCATGCTCCAC-1,-14.386609,10.939478,1
GGCGCATGTGGAAA-1,1.4755358,-15.104017,8
GGCGGACTAGAGGC-1,-18.429914,-13.02228,1
GGCGGACTAGGAGC-1,-14.876125,-30.867949,7
GGCGGACTCTGACA-1,-0.45261592,-1.3759481,8
GGCGGACTCTTGGA-1,-8.632804,-38.03835,7
GGCGGACTTACTGG-1,-2.8601334,6.5547376,1
GGCGGACTTGAACC-1,-22.661652,-10.903671,1
GGCTAAACACCTGA-1,5.4138618,-47.25945,5
GGCTAAACTCTTAC-1,-15.067858,-1.4245776,1
GGCTAATGAGCACT-1,-9.4755535,-32.24278,7
GGCTAATGGTCTAG-1,-2.3931875,-0.8969408,1
GGCTCACTACTCAG-1,44.551968,16.98746,3
GGGAACGAAGCTCA-1,43.061848,-10.722058,0
GGGAACGACACAAC-1,-13.280468,46.02224,6
GGGAACGAGTGTCA-1,25.32142,20.195662,9
GGGAAGTGTTGAGC-1,30.647562,21.676807,9
GGGACCACACGTTG-1,-1.8913805,-42.40222,7
GGGACCACAGAACA-1,-6.6735783,0.3576726,1
GGGACCACGAATAG-1,-14.401036,-3.5966845,1
GGGACCACGTCATG-1,1.999256,6.7399077,1
GGGACCACTCAAGC-1,4.1844106,-17.167843,8
GGGACCACTCGTGA-1,-3.489554,-1.3711239,1
GGGACCACTGCATG-1,-2.4248953,-6.716153,8
GGGACCTGACCCTC-1,44.808147,13.092061,3
GGGACCTGCTTGCC-1,-3.9766903,1.1921779,1
GGGACCTGTGGAGG-1,-11.538496,44.675194,6
GGGATGGACGACAT-1,-2.415642,45.266914,6
GGGATGGATACTTC-1,-26.419,-9.628377,1
GGGATGGATGGTTG-1,36.96571,15.710374,9
GGGATTACGTCTAG-1,-6.760755,15.944835,1
GGGCAAGATGCATG-1,29.104298,22.320175,9
GGGCACACGGTGAG-1,37.617588,-1.2423329,0
GGGCACACGTTGCA-1,-33.544334,6.1751204,1
GGGCAGCTTGGGAG-1,-16.087664,-30.466642,7
GGGCAGCTTTTCTG-1,-2.1930401,2.1989257,1
GGGCCAACCTTGGA-1,27.173256,5.645614,2
GGGCCAACGCGTTA-1,-14.270422,38.879894,6
GGGCCAACTACGCA-1,29.797354,20.244476,9
GGGCCAACTCCAAG-1,-16.809343,46.526703,6
GGGCCATGATGGTC-1,-21.372866,-2.0491085,1
GGGCCATGTTGACG-1,-18.748537,1.8637729,1
GGGTAACTCAGCTA-1,-4.2834263,15.396562,1
GGGTAACTCTAGTG-1,-13.00488,54.286774,6
GGGTAACTCTGGAT-1,-8.208709,-12.926584,8
GGGTTAACGTGCAT-1,9.485616,-52.455624,5
GGTAAAGAGCTAAC-1,-2.4136558,-41.444843,5
GGTACAACTGCAAC-1,-22.826468,-2.433505,1
GGTACATGAAAGCA-1,-13.040647,43.160385,6
GGTACATGAGCTCA-1,-12.611022,-21.091343,7
GGTACATGCGGTAT-1,1.7617304,-15.41651,8
GGTACATGGTTACG-1,-2.666375,-8.9717865,8
GGTACATGTGGGAG-1,-29.864721,-3.7869723,1
GGTACTGAACTCTT-1,39.459793,19.113943,9
GGTAGTACACCACA-1,-11.289004,-28.012026,7
GGTAGTACACTAGC-1,27.230125,16.794125,9
GGTAGTACCCTGTC-1,2.8335993,-0.4845523,1
GGTAGTACGCCATA-1,29.726643,22.405636,9
GGTAGTACTGTCTT-1,-21.45939,-23.48411,7
GGTATCGAGACAAA-1,20.763908,23.234676,8
GGTATCGATGAACC-1,-3.6785293,46.794632,6
GGTCAAACCAAAGA-1,-14.717956,1.5593215,1
GGTCTAGAGAAACA-1,37.595257,23.624393,9
GGTCTAGATAGCGT-1,47.419624,6.6014733,3
GGTGATACCGACTA-1,-15.116764,48.832447,6
GGTGATACGACTAC-1,43.200294,18.477869,3
GGTGATACTGTTTC-1,-9.168351,2.7574713,1
GGTGGAGAAACGGG-1,5.844682,-45.22574,7
GGTGGAGAAGTAGA-1,-12.060064,-14.988319,1
GGTGGAGACAGATC-1,7.039391,-44.875534,7
GGTGGAGATCGATG-1,-19.702248,-0.94514686,1
GGTGGAGATCTCTA-1,32.162025,23.997263,9
GGTGGAGATTACTC-1,-4.050299,-42.996014,5
GGTTTACTACGCAT-1,-18.350739,-32.995888,7
GTAACGTGACCTCC-1,48.984447,6.7296877,3
GTAACGTGATCGGT-1,-12.13369,42.03756,6
GTAACGTGCAGCTA-1,-15.397483,42.211815,6
GTAACGTGGTTGAC-1,-10.126753,41.69805,6
GTAAGCACAACGGG-1,-7.6422997,-0.88365513,1
GTAAGCACTCATTC-1,-5.959168,47.439156,6
GTAAGCTGGTACCA-1,30.334171,17.838888,9
GTAATAACCTTCTA-1,37.004776,19.095345,9
GTAATAACGTTGTG-1,6.018265,-5.465623,8
GTACCCTGACAGTC-1,40.261227,-7.821012,0
GTACCCTGGAGCTT-1,-8.066564,-1.4790446,1
GTACCCTGTCCTTA-1,-2.1968036,-39.718967,7
GTACCCTGTGAACC-1,-17.47832,-7.8496604,1
GTACGTGAACGTTG-1,-1.9670233,-37.211006,7
GTACTTTGTCGACA-1,-15.8442545,-31.526012,7
GTAGACTGAGATGA-1,36.540432,12.260696,9
GTAGACTGTATTCC-1,-4.171546,-5.6555495,1
GTAGCAACAGTCGT-1,37.87604,16.707388,9
GTAGCAACCATTTC-1,-10.985623,42.433556,6
GTAGCAACGGTAGG-1,24.864403,24.949207,9
GTAGCATGCACTCC-1,-9.850066,44.842175,6
GTAGCATGTAAGCC-1,32.467243,24.303558,9
GTAGCCCTGACGTT-1,0.7217669,5.75427,1
GTAGCTGAAGCTAC-1,44.998974,-7.770003,0
GTAGCTGAATTCGG-1,-19.509798,-4.4168186,1
GTAGGTACACGGGA-1,42.916985,16.117867,3
GTAGTGACCTCATT-1,-3.9005828,6.4962473,1
GTAGTGTGAGCGGA-1,12.069981,-46.178623,5
GTAGTGTGAGGCGA-1,27.88408,22.753809,9
GTAGTGTGTGGTTG-1,4.4235563,-7.583367,8
GTATCACTGGTAGG-1,41.105278,14.9279175,3
GTATCTACAGAAGT-1,-3.6569388,-43.591515,5
GTATCTACGACGAG-1,-8.327686,-35.388187,7
GTATCTACGTTACG-1,-32.759556,-1.8841288,1
GTATTAGAAACAGA-1,-35.653305,9.339921,1
GTATTAGAGGTCTA-1,0.2564665,-18.378069,8
GTATTCACACAGCT-1,-0.13956174,5.3098235,8
GTATTCACGGGTGA-1,-7.7655845,-31.68699,7
GTCAACGACACTGA-1,-33.147507,8.261309,1
GTCAACGAGTGTAC-1,38.633545,12.513146,9
GTCAACGATCAGGT-1,8.122013,-20.548923,8
GTCAATCTACACCA-1,-11.9862,-32.551136,7
GTCAATCTGTAGCT-1,-19.867037,-33.551712,7
GTCAATCTTGTGGT-1,-5.4767327,-4.99543,1
GTCACCTGCCTCCA-1,-8.79915,-6.605152,1
GTCACCTGTCCCGT-1,-4.8871074,13.622251,1
GTCATACTAATCGC-1,-5.7330117,42.40618,6
GTCATACTGCGATT-1,-1.2085528,-40.598927,7
GTCATACTTCGCCT-1,15.224129,-21.925821,8
GTCATACTTTACCT-1,-9.509202,-31.318619,7
GTCATACTTTGACG-1,-10.132863,8.126519,1
GTCCAAGAAAAACG-1,-5.0269213,-0.5764197,1
GTCCACTGACCTCC-1,-7.9058833,15.002271,1
GTCCACTGGGTACT-1,42.567055,-5.5345016,0
GTCCAGCTACGGGA-1,-10.708318,7.891531,1
GTCCCATGTGGTGT-1,47.748882,3.3080304,0
GTCGAATGAAGGCG-1,42.98235,9.805453,3
GTCGACCTGAATGA-1,12.110214,-49.458725,5
GTCGACCTGTTCAG-1,-1.6644583,-23.931135,8
GTCGCACTTGAGAA-1,-21.850351,38.429905,6
GTCTAACTGGTCTA-1,39.586224,-3.0194037,0
GTCTAGGAGCTTCC-1,46.99841,12.521757,3
GTGAACACACTCTT-1,3.437672,-7.2402716,8
GTGAACACAGATCC-1,1.7986461,-25.106703,8
GTGAACACTCAGGT-1,-0.78592724,-15.403681,8
GTGACCCTTAAGCC-1,-9.707394,-25.78931,8
GTGATGACAAGTGA-1,-37.54357,7.7646117,2
GTGATGACCTGAGT-1,-6.250059,47.597466,6
GTGATGACGGTTTG-1,-13.159996,-26.401213,7
GTGATTCTCATTTC-1,-29.794977,-6.7923646,1
GTGATTCTCTCTCG-1,37.89061,23.348309,9
GTGATTCTGGTTCA-1,9.324684,-49.00687,5
GTGATTCTGTCGAT-1,0.489815,-5.114681,8
GTGATTCTTAGCGT-1,-3.7440913,45.81805,6
GTGCCACTCAGGAG-1,2.644273,-6.222233,8
GTGGATTGCACTAG-1,44.953064,-5.911174,0
GTGGATTGCGGAGA-1,-23.177238,-1.2081537,1
GTGGATTGTAACGC-1,-12.191004,11.024158,1
GTGTACGATCAGTG-1,-0.9597423,0.15913972,8
GTGTAGTGGGTACT-1,-29.64372,-8.105389,1
GTGTATCTAGCCTA-1,-9.081786,46.67662,6
GTGTATCTAGTAGA-1,8.466987,-57.67139,5
GTGTATCTGTTACG-1,-15.882799,40.142406,6
GTGTCAGAAGCGTT-1,2.2117054,-43.918922,7
GTGTCAGAATGCTG-1,7.8073134,-18.457157,8
GTTAAAACCGAGAG-1,6.956652,-54.04798,5
GTTAAAACTTCGCC-1,-12.148645,-24.716301,7
GTTAAATGCTCGAA-1,-16.424465,-19.376291,1
GTTAAATGTCGACA-1,-21.615423,39.211113,6
GTTAACCTAGCTAC-1,-19.748796,0.5940171,1
GTTAACCTTGCTTT-1,29.06459,6.4445715,2
GTTAGGTGCACTCC-1,-2.1699698,-13.352765,8
GTTAGGTGCCAGTA-1,48.780735,14.887898,3
GTTAGGTGCCCAAA-1,37.691086,-3.221893,0
GTTAGGTGGAACTC-1,-10.128786,45.32053,6
GTTAGTCTAAGAAC-1,0.6874609,-26.428553,8
GTTATAGAGGACAG-1,-6.702609,-20.646896,1
GTTATGCTTTCATC-1,-3.452421,0.7977548,1
GTTCAACTGGGACA-1,11.115411,-49.07872,5
GTTCAACTTATGCG-1,0.35692796,6.6329246,1
GTTGACGAGCCCTT-1,-4.1307716,-42.001038,7
GTTGACGATATCGG-1,12.080344,-55.551624,5
GTTGAGTGGTCTTT-1,50.592724,11.502331,3
GTTGAGTGTGCTTT-1,-37.629646,1.6712595,1
GTTGATCTGGGACA-1,6.954128,-17.042759,8
GTTGATCTTTTCAC-1,-9.57693,-38.98407,7
GTTGGATGTTTACC-1,40.547825,-6.055796,0
GTTGTACTATTCCT-1,49.540844,11.450203,3
GTTGTACTTTTGGG-1,-2.38564,10.753833,1
GTTTAAGACCATGA-1,40.254356,13.964848,3
GTTTAAGACTGTCC-1,-3.8666713,-36.88664,7
TAAACAACCAACCA-1,-29.925512,1.8872588,1
TAAACAACGAATCC-1,-18.218012,42.05658,6
TAAAGACTCAGGAG-1,-24.044092,-13.897684,1
TAAATCGATGAGGG-1,-19.933975,-8.525685,1
TAACAATGTGCCCT-1,-10.258526,50.68391,6
TAACACCTTCGCTC-1,40.68005,11.841281,3
TAACACCTTCGTAG-1,47.61503,8.446614,3
TAACACCTTGTTTC-1,15.281745,-21.918402,8
TAACATGACACTAG-1,-12.851053,35.14328,1
TAACCGGACTTACT-1,3.7722943,-8.756769,8
TAACGTCTCAACCA-1,39.796074,22.307655,9
TAACGTCTCATTGG-1,-12.006363,8.267218,1
TAACTAGAATTTCC-1,-30.364618,9.686963,1
TAACTAGACTTAGG-1,-27.674585,-0.14503755,1
TAACTAGATCTGGA-1,-0.53878653,2.339464,1
TAACTCACGAGGAC-1,35.192516,19.478203,9
TAACTCACGTACAC-1,-11.715825,43.41513,6
TAACTCACGTATCG-1,45.464985,13.873263,3
TAACTCACTCTACT-1,14.223348,-51.585754,5
TAAGAACTGTGTCA-1,31.686747,23.77918,9
TAAGAGGACTAAGC-1,-13.892319,37.090355,6
TAAGAGGACTTGTT-1,8.270193,-50.157806,5
TAAGATACCCACAA-1,4.800954,-23.234718,8
TAAGATACGGTTCA-1,28.439539,17.376879,9
TAAGATTGCGTAGT-1,-6.4786353,13.7705965,1
TAAGATTGTTGCTT-1,-19.872019,-6.545426,1
TAAGCGTGAGGTTC-1,42.384182,13.752752,3
TAAGCGTGGACAAA-1,49.871845,5.453493,0
TAAGCGTGGGAAAT-1,-9.318204,-0.84533876,1
TAAGCGTGTGCTCC-1,45.13048,-7.8355637,0
TAAGGCTGCCATGA-1,-18.304243,-25.478075,7
TAAGGCTGCTGCTC-1,-2.3372886,-4.393232,8
TAAGGCTGTCTCGC-1,48.715027,10.574688,3
TAAGGGCTGCTGTA-1,-18.568562,-15.23241,7
TAAGGGCTTTACTC-1,-17.21734,-4.0033064,1
TAAGTAACCGAGAG-1,-0.5420646,47.754196,6
TAAGTAACCTCCAC-1,-12.305597,47.030495,6
TAAGTAACCTGTAG-1,-36.72671,-2.387753,1
TAAGTAACTTGTCT-1,-9.632324,-21.050749,1
TAATGATGAGCGGA-1,-10.932186,8.091403,1
TAATGCCTCATGAC-1,-35.818443,4.434928,1
TAATGCCTCGTCTC-1,10.797444,-57.023758,5
TAATGTGAAGATGA-1,3.536896,-13.225664,8
TAATGTGACTGCAA-1,38.158413,9.074744,3
TAATGTGATTACTC-1,-17.952604,-24.155859,7
TACAAATGGGTACT-1,-28.902332,-0.7763898,1
TACAATGAAAACAG-1,40.885735,19.995155,9
TACAATGACTTAGG-1,-7.556671,-13.463252,8
TACAATGATGCTAG-1,-18.350327,-26.741568,7
TACACACTCACACA-1,-23.544273,10.45676,1
TACACACTCTTACT-1,-5.9369736,-11.968074,8
TACATAGAACGCAT-1,-12.821973,-32.270992,7
TACATCACACGGGA-1,1.5748119,-9.477573,8
TACATCACCTGTTT-1,39.153877,-8.125365,0
TACATCACGCTAAC-1,-12.574365,44.468273,6
TACATCACTGAACC-1,39.856884,-8.581682,0
TACCATTGAGGTTC-1,3.1703856,-12.340476,8
TACCATTGCGGGAA-1,36.398518,6.38858,9
TACCATTGGGGATG-1,28.4188,18.862766,9
TACCATTGTGAGGG-1,32.462585,19.613567,9
TACCGGCTGTTGGT-1,-4.861969,10.507639,1
TACGAGTGATCTCT-1,-11.303894,-3.0772932,1
TACGAGTGATGCTG-1,42.68648,1.9268165,3
TACGAGTGCGGAGA-1,-24.729002,5.5089455,1
TACGAGTGGTTGGT-1,-23.12378,-5.3921647,1
TACGATCTAGTGTC-1,-0.082472995,-13.414789,8
TACGATCTCACTGA-1,42.543926,2.123885,3
TACGATCTTACGAC-1,-2.4482477,-35.878662,7
TACGCAGACGTCTC-1,2.0732179,47.058727,8
TACGCAGAGAATCC-1,5.003457,-45.928165,7
TACGCCACATTCCT-1,-22.518534,2.5497289,1
TACGCCACTCCCAC-1,40.34863,-10.147808,0
TACGCCACTCCGAA-1,-9.890168,39.59061,6
TACGCGCTCTTCTA-1,-7.2228007,-30.79645,7
TACGGAACGCGTTA-1,-9.987668,48.421753,6
TACGGCCTGGGACA-1,12.349522,-46.328094,5
TACGGCCTGTCCTC-1,3.8761742,-18.91202,8
TACGTACTACGGAG-1,-38.136948,6.283701,1
TACGTACTCAGTTG-1,-28.894604,9.1170225,1
TACGTACTCCCGTT-1,-14.747005,42.54481,6
TACGTTACAGAAGT-1,-19.965872,-12.470382,1
TACGTTACCAAGCT-1,33.055782,23.688898,9
TACTAAGAAAGGTA-1,-11.611505,53.963135,6
TACTAAGAATCACG-1,3.6169074,-15.626263,8
TACTAAGATGATGC-1,36.812935,19.842638,9
TACTAAGATTGCGA-1,-16.220987,-2.119404,1
TACTACACGAGAGC-1,-31.185753,7.766236,1
TACTACACTTACCT-1,1.0204072,47.118668,8
TACTACTGAACCTG-1,34.377815,18.175314,9
TACTACTGATGTCG-1,-3.4988737,-45.02833,5
TACTACTGATTCTC-1,-4.4566836,0.02741327,1
TACTACTGTATGGC-1,-19.165297,-1.8365971,1
TACTCAACGGTCTA-1,46.588978,15.236214,3
TACTCAACTGCTAG-1,-18.81932,45.906487,6
TACTCCCTCAGTTG-1,-3.1827521,-13.7618475,8
TACTCTGAATCGAC-1,12.588365,-48.6983,5
TACTCTGACGAGTT-1,-25.41539,-2.887701,1
TACTCTGATTGACG-1,-13.4643,54.864784,6
TACTGGGATCGATG-1,-31.64842,3.750924,1
TACTGTTGAAAGCA-1,-7.3991747,-6.6355395,1
TACTGTTGAGGCGA-1,10.69078,-50.656296,5
TACTGTTGCTGAAC-1,-38.71499,13.676206,2
TACTTGACTCCTCG-1,-10.690881,-30.816406,7
TACTTGACTGGTGT-1,-6.3703113,48.509644,6
TACTTTCTTTTGGG-1,-12.136238,-27.387638,7
TAGAAACTAATCGC-1,4.498305,-4.101571,1
TAGAAACTGCTTCC-1,35.64696,16.231647,9
TAGAAACTGGGATG-1,-0.84257185,-38.08642,7
TAGAATTGCGACAT-1,-2.3958535,-12.078933,8
TAGAATTGTATCGG-1,-20.041357,9.988447,1
TAGACGTGCTTGAG-1,-4.738055,-13.303041,8
TAGACGTGTCGCTC-1,-17.665487,1.0015095,1
TAGAGCACCTTACT-1,-8.170214,46.213017,6
TAGATTGACTTGTT-1,-12.473554,54.806778,6
TAGATTGAGGCATT-1,4.9099627,-24.633204,8
TAGCATCTCAGCTA-1,12.41682,-51.486206,5
TAGCATCTCCCTCA-1,1.43315,-22.319187,8
TAGCATCTGCTGTA-1,39.989895,-5.019708,0
TAGCATCTGGGACA-1,-5.569994,0.48521352,1
TAGCATCTTGTCGA-1,-0.20226987,-4.838447,8
TAGCCCACAAAAGC-1,-33.338676,-3.8252895,1
TAGCCCACAGCCAT-1,-18.427498,-30.419622,7
TAGCCCACAGCTAC-1,15.052905,-51.240128,5
TAGCCCACCCACAA-1,-1.4576122,-10.531477,8
TAGCCCTGCGGAGA-1,-7.609726,-21.09093,7
TAGCCGCTTACGAC-1,-20.357716,3.5274312,1
TAGCCGCTTACTTC-1,-8.797293,-37.639313,7
TAGCCGCTTTCCAT-1,41.54821,3.813067,3
TAGCTACTGAATAG-1,-12.233334,47.715797,6
TAGCTACTGTAGCT-1,-27.17879,8.285425,1
TAGCTACTTTTGCT-1,0.78876597,-25.89961,8
TAGGACTGTGCTGA-1,-13.592457,-21.244576,7
TAGGAGCTAAGGCG-1,-14.521657,45.67716,6
TAGGAGCTGAGGGT-1,-16.855465,2.3472586,1
TAGGAGCTTGCATG-1,-6.552463,48.881893,6
TAGGCAACCGTCTC-1,-11.776505,49.659058,6
TAGGCATGCTCTCG-1,-23.33434,30.225054,2
TAGGCATGGCGAGA-1,-9.114484,-35.38395,7
TAGGCTGATGCCTC-1,31.36775,19.797325,9
TAGGGACTGAACTC-1,6.30693,-51.66736,5
TAGGTCGACACTGA-1,-5.1425047,1.5938824,1
TAGGTCGAGGATCT-1,-6.4784803,47.212536,6
TAGGTGACACACTG-1,-19.692617,-10.919754,1
TAGGTGACACGTTG-1,-13.062708,43.740215,6
TAGGTGTGTTCTGT-1,-11.496784,-5.5907407,1
TAGGTTCTGAAGGC-1,-34.776936,5.8786254,1
TAGGTTCTTCTTAC-1,38.127827,-3.1340196,0
TAGGTTCTTGCTGA-1,48.60274,14.736914,3
TAGTAAACCTCGCT-1,-9.534681,5.4117484,1
TAGTAAACGTCACA-1,-30.39647,3.3164842,1
TAGTAATGAGATCC-1,-8.484309,-1.5976814,8
TAGTACCTAAGAAC-1,32.407005,21.703983,9
TAGTATGATCTTAC-1,-7.500929,41.100338,6
TAGTATGATTCTCA-1,-34.388527,-2.7906406,1
TAGTCTTGGCTGTA-1,8.129926,-18.735542,8
TAGTCTTGGGACTT-1,3.2139602,-26.7361,8
TAGTCTTGTGGAAA-1,-17.33174,-33.61671,7
TAGTGGTGAAGTGA-1,10.826575,-54.986534,5
TAGTTAGAACCACA-1,10.790971,-50.719406,5
TAGTTAGATGAACC-1,-8.949439,-10.807441,1
TATAAGACAACAGA-1,3.4206831,-26.805155,8
TATAAGACAGCTCA-1,39.50174,-8.706795,0
TATAAGTGACACCA-1,36.764248,-7.504374,0
TATAAGTGTATCGG-1,26.098103,24.447748,9
TATAAGTGTGGTGT-1,41.892986,-8.251546,0
TATACAGAACCCTC-1,-5.0852566,-35.52454,7
TATACAGAAGAACA-1,1.7383952,-8.170774,8
TATACAGATCCAGA-1,-19.22639,-4.488127,1
TATACCACCTGATG-1,-14.122206,49.454094,6
TATACGCTACCAAC-1,-10.6981535,-10.612193,1
TATAGATGGACGGA-1,-14.989423,-15.911782,1
TATAGATGTTCCGC-1,41.287224,-3.5219908,0
TATCACTGACTGTG-1,30.198397,23.771925,9
TATCCAACCAGCTA-1,27.116331,22.939423,9
TATCCAACTCTCTA-1,-15.9714,-29.1632,7
TATCGACTACTAGC-1,6.305568,-44.76764,8
TATCGACTCGATAC-1,38.4179,-1.6487228,0
TATCGTACAGATGA-1,-12.158837,-32.53178,7
TATCGTACATTCCT-1,36.914474,9.303381,9
TATCTCGAGAGATA-1,7.708146,-16.354332,8
TATCTGACAGGTTC-1,-5.767724,-39.168274,7
TATCTGACTGTTTC-1,-16.951384,-26.557907,7
TATCTTCTAAACAG-1,-2.7408614,11.901356,1
TATGAATGGAGGAC-1,-2.8857985,-43.943443,5
TATGAATGTTTGCT-1,38.092167,-6.8431535,0
TATGCGGATAACCG-1,-6.3542304,-13.033119,8
TATGGGTGCATCAG-1,11.328996,-56.84786,5
TATGGGTGCTAGCA-1,-11.483802,37.45768,6
TATGGTCTCTACCC-1,-6.3189135,-3.3679724,1
TATGTCACGGAACG-1,-19.291761,38.096443,6
TATGTCACTAACCG-1,43.421368,3.494358,3
TATGTCACTTCTCA-1,-7.3267355,43.90094,6
TATGTGCTCCGATA-1,43.5323,15.139321,3
TATGTGCTGGATTC-1,4.600793,-3.1829195,1
TATTGCTGAAGAAC-1,22.732988,22.072304,9
TATTGCTGCCGTTC-1,-1.0257047,45.629025,8
TATTGCTGTCTGGA-1,-1.5343158,-3.3120904,8
TATTGCTGTGCACA-1,3.6448417,-24.788864,8
TATTTCCTATTGGC-1,28.892979,17.317287,9
TATTTCCTGGAGGT-1,6.690458,-54.460434,5
TATTTCCTGGTGTT-1,-7.7270303,0.18429656,1
TCAACACTGTTTGG-1,9.979819,-56.275127,5
TCAAGGACAGCGTT-1,0.20662929,-10.908224,8
TCAAGGACATTCTC-1,-1.2187164,-36.058163,7
TCAAGGACGGTGTT-1,35.05486,17.629976,9
TCAATCACACTCTT-1,-9.31336,-33.713135,7
TCAATCACAGTCGT-1,36.0321,-2.3388956,3
TCACAACTATGTGC-1,-3.7766254,-12.815928,8
TCACAACTTTGCTT-1,28.606977,23.45199,9
TCACATACACTTTC-1,-18.95492,-25.148458,1
TCACATACAGGGTG-1,2.954459,-13.885014,8
TCACCCGAGACGGA-1,48.98073,6.7418346,3
TCACCGTGCTCGCT-1,41.204308,-7.555232,0
TCACCTCTACGACT-1,-15.601097,-32.196484,7
TCACCTCTTCCAAG-1,37.244522,-2.9404235,0
TCACGAGAGGAGGT-1,-7.791143,43.077255,6
TCACTATGGGGCAA-1,-7.0906196,-31.244822,7
TCACTATGGTTGTG-1,0.8783073,46.714485,8
TCAGACGACGCTAA-1,-22.229706,-5.952339,1
TCAGACGACGTTAG-1,5.6667852,-52.885254,5
TCAGAGACTCCAGA-1,2.7571285,-7.56886,8
TCAGCAGACTCCAC-1,-17.60757,-1.2732223,1
TCAGCGCTCTAGTG-1,-13.383888,-29.657585,7
TCAGCGCTGGATCT-1,-4.5993657,46.425278,6
TCAGCGCTGGTATC-1,-17.011509,-31.95874,7
TCAGGATGAAGTAG-1,1.6555988,-6.789147,8
TCAGGATGCCTTTA-1,38.344376,-3.884336,0
TCAGTGGAAGATCC-1,-2.6544335,-35.1081,7
TCAGTTACCTACGA-1,42.08512,20.750723,3
TCAGTTACTAGAAG-1,-25.175127,-12.988359,1
TCATCAACCCGATA-1,-1.922441,0.56837857,1
TCATCAACTGTTCT-1,44.177616,1.2174069,3
TCATCATGCAGTTG-1,-14.689702,4.696107,1
TCATCCCTTACTGG-1,-32.680077,-5.720911,1
TCATTCGATACAGC-1,43.296497,-4.753048,0
TCCACGTGGAAACA-1,-2.2417126,14.806377,1
TCCACTCTACACTG-1,-16.040678,-9.721035,1
TCCACTCTGAGCTT-1,45.23645,9.31761,3
TCCACTCTTACTTC-1,-11.76231,49.263157,6
TCCATAACAAAGTG-1,-5.4610405,4.4940376,1
TCCATAACCGTAGT-1,-19.988222,44.097782,6
TCCATAACGATGAA-1,-26.671474,1.0493845,1
TCCATAACTACGCA-1,-11.160681,6.056381,1
TCCATCCTCCCTAC-1,-2.4958448,-42.10988,7
TCCCACGATCATTC-1,-12.733844,-4.5675135,1
TCCCATCTCAAAGA-1,45.93687,12.499217,3
TCCCGAACACAGTC-1,11.244614,-50.992737,5
TCCCGAACTTCGCC-1,41.120235,-8.002775,0
TCCCGATGAGATCC-1,-20.630905,-3.7644503,1
TCCCGATGCCTGAA-1,25.324022,23.780424,9
TCCCGATGCTGTGA-1,-13.496175,-21.542221,1
TCCCTACTCAACTG-1,-14.048593,43.39774,6
TCCGAAGACAATCG-1,29.195421,20.975298,9
TCCGAAGACGTTAG-1,-18.379293,-1.1387719,1
TCCGGACTGAGGTG-1,-32.7171,-8.940089,1
TCCGGACTGTACGT-1,-13.356566,-29.751062,7
TCCTAAACATCGAC-1,2.6693292,-23.869183,8
TCCTAAACCGAGAG-1,-35.001976,-2.2954855,1
TCCTAAACCGCATA-1,10.91612,-45.81912,5
TCCTAATGGTTTGG-1,-4.335816,-44.916824,5
TCCTACCTGTCGTA-1,-25.914215,-11.667907,1
TCCTATGAAAAGCA-1,-2.4222915,-36.90174,7
TCGAATCTCTGGTA-1,-1.5419997,-36.232235,7
TCGACCTGCCGATA-1,36.32525,1.224256,9
TCGACGCTTCTATC-1,40.247227,13.272063,3
TCGACGCTTTGACG-1,-20.246792,-11.234798,1
TCGAGAACGACAGG-1,-19.976181,-9.70716,1
TCGAGAACGTTAGC-1,-34.30448,9.279904,1
TCGAGCCTATCAGC-1,-8.058342,49.03568,6
TCGAGCCTGCGAGA-1,-19.14545,-32.12674,7
TCGAGCCTTGTGAC-1,-11.075356,-1.0872285,1
TCGATACTATTCCT-1,-17.785547,-25.22498,7
TCGATACTTGCACA-1,-11.936002,-9.327124,1
TCGATTTGATGCCA-1,36.810455,21.457905,9
TCGATTTGCACTCC-1,-7.6670866,5.183647,1
TCGATTTGCAGCTA-1,12.016456,-50.15136,5
TCGATTTGCCTACC-1,41.43503,14.892162,3
TCGATTTGTCGTGA-1,-14.543275,38.619232,6
TCGCACACCATCAG-1,25.348927,24.443151,9
TCGCAGCTAGATCC-1,-11.726889,-31.200632,7
TCGCCATGAGACTC-1,-0.91341174,-2.4185224,8
TCGCCATGTGGTCA-1,-13.785309,47.12188,6
TCGGACCTAACAGA-1,-17.021257,10.877494,1
TCGGACCTATAAGG-1,-9.607462,49.190304,6
TCGGACCTGTACAC-1,-36.473053,6.7687845,1
TCGGTAGAGTAGGG-1,-3.0875974,-3.4532013,1
TCGGTAGATCCCAC-1,-13.166667,41.76147,6
TCGTAGGATCGACA-1,-33.43242,-5.573727,1
TCGTGAGAACTGTG-1,0.7700306,48.245964,8
TCGTTATGGACAAA-1,-16.521488,-6.537455,1
TCTAACACCAGTTG-1,9.354353,-43.970383,7
TCTAACACGAGCAG-1,30.126379,7.938635,2
TCTAACTGAACCAC-1,-17.59599,-16.40227,1
TCTAAGCTAATGCC-1,-9.154736,-14.628123,1
TCTAAGCTTAGTCG-1,-2.2559872,-39.37589,7
TCTAAGCTTCTAGG-1,40.44855,-4.7760377,0
TCTAAGCTTGTTCT-1,38.00789,21.013731,9
TCTAAGCTTTCGCC-1,-0.40812787,47.93894,6
TCTACAACGACTAC-1,43.51912,9.1804,3
TCTAGACTTAGAAG-1,32.92553,23.784601,9
TCTAGTTGCACCAA-1,43.58104,1.2620132,3
TCTATGTGAAGAGT-1,22.458422,18.695469,9
TCTATGTGAGTCTG-1,1.3232977,-24.749102,8
TCTCAAACCTAAGC-1,-3.4956853,49.065464,6
TCTCTAGAATTTCC-1,-24.33771,-8.002824,1
TCTGATACACGTGT-1,-3.5278058,5.2192717,1
TCTGATACTCGCCT-1,-4.4803753,5.4823627,1
TCTTACGAACCTGA-1,39.572563,19.177341,9
TCTTCAGAGCTACA-1,47.088467,4.2611933,3
TCTTGATGCGGAGA-1,-6.128663,-37.002007,7
TGAAATTGGTGAGG-1,45.900524,11.348441,3
TGAACCGAAAACGA-1,-7.8694944,-13.372643,8
TGAACCGACTACTT-1,37.436092,-4.7362795,0
TGAACCGATTCGGA-1,36.770054,0.57008624,3
TGAAGCACTCACGA-1,-12.566837,-30.466082,7
TGAAGCTGAACGAA-1,-5.1401772,8.652506,1
TGAAGCTGAGACTC-1,7.9673934,-18.569063,8
TGAAGCTGCATGGT-1,-15.155587,40.751263,6
TGAAGCTGCGTAAC-1,-12.862929,6.0318403,1
TGAATAACCACTTT-1,-5.8952475,10.354503,1
TGAATAACTCCCAC-1,-0.47654998,-43.357872,7
TGACACGACCTTAT-1,-7.6768055,47.44174,6
TGACCAGACAACCA-1,-15.0703,-10.704483,1
TGACCAGAGGATTC-1,-0.23543759,8.215256,1
TGACCGCTAAAAGC-1,-33.51847,-1.3915259,1
TGACCGCTCTGCAA-1,4.1878185,-9.145952,8
TGACGATGCAAAGA-1,32.505905,22.309683,9
TGACGCCTGTACCA-1,-36.77475,9.080917,2
TGACGCCTTTACTC-1,-34.4673,9.119396,1
TGACTGGAAGAGAT-1,30.777008,22.5035,9
TGACTGGACCGTAA-1,-5.0206046,-11.14156,8
TGACTGGACGCAAT-1,3.1590586,-8.631398,8
TGACTGGAGGACAG-1,-11.378883,40.890366,6
TGACTGGATTCTCA-1,-37.432495,4.388115,1
TGACTTACACACCA-1,-30.583807,6.9599824,1
TGACTTACAGTCTG-1,48.359455,8.886383,3
TGACTTTGCGCATA-1,-1.0742451,3.6958878,1
TGACTTTGTTTGTC-1,-28.348492,-7.587303,1
TGAGACACAAGGTA-1,-38.162704,6.4702835,1
TGAGACACTCAAGC-1,-12.775422,-30.695742,7
TGAGACACTGTGCA-1,6.1075425,-19.032932,8
TGAGCTGAATGCTG-1,41.32645,-6.2128344,0
TGAGCTGACTGGAT-1,37.548286,23.758184,9
TGAGCTGAGCGAGA-1,8.278453,-18.755379,8
TGAGCTGATGCTAG-1,21.011566,22.83437,8
TGAGGACTCTCATT-1,46.18898,17.044556,3
TGAGGACTTCATTC-1,-29.849714,2.0234158,1
TGAGGTACGAACCT-1,43.36622,-5.4317064,0
TGAGTCGAGTTACG-1,-6.323156,44.01189,6
TGAGTGACTGAGCT-1,-7.74712,2.720814,1
TGATAAACGAATCC-1,-19.436697,1.0330106,1
TGATAAACTCCGTC-1,5.8825903,-47.649834,5
TGATAAACTTTCAC-1,-3.106522,-2.5383706,8
TGATACCTCACTAG-1,32.175137,22.1343,9
TGATACCTGTTGGT-1,-11.4328785,-7.1571727,1
TGATACCTTATGCG-1,-4.0789704,5.722153,1
TGATACCTTGAAGA-1,-19.034668,10.492402,1
TGATATGAACCTTT-1,-1.4901854,12.48524,1
TGATCACTAGCATC-1,0.85963833,-26.81589,8
TGATCACTCTCGCT-1,-6.200901,-7.491767,8
TGATCACTTCTACT-1,-6.479375,42.916046,6
TGATCGGACTGACA-1,38.16342,-8.198254,0
TGATCGGAGGAGCA-1,-10.746532,47.72412,6
TGATCGGATATGCG-1,22.164701,17.12067,9
TGATTAGACATTGG-1,-26.167135,-4.067704,1
TGATTAGATGACTG-1,-3.8521256,47.69083,6
TGATTAGATGCTAG-1,0.48660338,2.980587,1
TGATTCACTATGCG-1,4.546485,-7.02021,8
TGATTCACTGTCAG-1,-9.971667,43.5495,6
TGATTCTGCCGAAT-1,-27.105518,-3.0985332,1
TGATTCTGCTCTTA-1,-26.685444,6.3107104,1
TGCAAGTGAGAACA-1,-18.04299,-5.390831,1
TGCAAGTGGGTAGG-1,32.603474,18.585052,9
TGCAATCTTCAGGT-1,27.427193,5.0633707,2
TGCACAGACGACAT-1,11.173547,-55.036118,5
TGCCAAGAGCAGTT-1,35.99252,2.0942957,9
TGCCAAGATCTCTA-1,-31.348,0.52498597,1
TGCCACTGAACGTC-1,-32.392197,-6.8757505,1
TGCCACTGCGATAC-1,5.777044,-52.319004,5
TGCCAGCTTGGCAT-1,-15.183541,-4.6341085,1
TGCCCAACAGCAAA-1,-19.729677,4.3380094,1
TGCCCAACCGCATA-1,37.18402,-0.43313703,3
TGCCGACTCTCCCA-1,-11.38877,47.58364,6
TGCGAAACAGTCAC-1,-14.924999,55.105583,6
TGCGAAACGTTGCA-1,-10.7632675,44.61291,6
TGCGATGAACGGTT-1,-9.844826,-12.161062,8
TGCGATGACCTCGT-1,-10.171846,0.7882249,1
TGCGATGACTAGTG-1,-16.41195,38.779583,6
TGCGATGACTGCTC-1,-17.840229,46.740013,6
TGCGATGACTTGCC-1,-13.793236,42.72646,6
TGCGATGAGTGCTA-1,37.89749,13.695586,9
TGCGCACTCTTGAG-1,26.906927,23.892595,9
TGCGTAGAATAAGG-1,32.956726,21.191597,9
TGCGTAGACGGGAA-1,-11.0312395,44.40543,6
TGCGTAGATGGTCA-1,42.87973,-8.581855,0
TGCTAGGAAACCGT-1,-10.411258,-31.531015,7
TGCTAGGATAGTCG-1,-18.579678,0.68459654,1
TGCTATACGGTTCA-1,27.718302,14.591089,9
TGCTATACTGCTGA-1,-16.447704,-34.670235,7
TGCTGAGAGAGCAG-1,11.620239,-52.76314,5
TGCTGAGATTATCC-1,-20.00674,8.256767,1
TGGAAAGACTCTCG-1,-9.193566,40.04241,6
TGGAAAGAGCGATT-1,-29.182041,7.954057,1
TGGAAAGAGGTCAT-1,37.606434,-5.594054,0
TGGAAAGATATGGC-1,-0.39557448,-17.394026,8
TGGAACACAAACAG-1,8.820003,-46.67693,5
TGGAACACGCTAAC-1,-12.185218,-27.946806,7
TGGAAGCTCAGATC-1,4.40788,-6.129731,8
TGGACCCTACACTG-1,23.3212,22.505098,9
TGGACCCTCATGGT-1,-14.760179,-21.401781,7
TGGACCCTGGTACT-1,45.050076,1.2950172,3
TGGACTGAGTATGC-1,-31.21607,8.554421,1
TGGAGACTATCAGC-1,42.885784,16.811256,3
TGGAGACTGAAACA-1,8.398482,-19.045153,8
TGGAGACTTCAAGC-1,-4.531892,-3.860818,8
TGGAGACTTGACCA-1,-5.444881,-39.709946,7
TGGAGGGACGGAGA-1,37.070972,7.623052,9
TGGAGGGAGCTATG-1,3.4621942,-22.48032,8
TGGATCGATAAAGG-1,-10.233181,3.1571171,1
TGGATGTGACCTAG-1,-8.079129,47.949814,6
TGGATGTGATGTCG-1,-17.00853,-33.46718,7
TGGATGTGTGAAGA-1,-15.010428,55.115993,6
TGGATTCTCATACG-1,-17.831932,-31.262747,7
TGGCAATGCTTGTT-1,-13.256664,53.849415,6
TGGCAATGGAGGGT-1,-12.609083,-27.764376,7
TGGCACCTTCACGA-1,3.971927,-24.360868,8
TGGCACCTTCAGTG-1,33.701237,12.592375,9
TGGGTATGAAGAGT-1,-31.511795,1.3812783,1
TGGGTATGCACAAC-1,-29.405136,6.080941,1
TGGGTATGGTACGT-1,-1.5618404,46.512074,6
TGGGTATGTTTGGG-1,37.05656,6.890436,9
TGGTAGACATGCCA-1,-20.779585,-1.3557781,1
TGGTAGACCCTCAC-1,8.040438,-49.4693,5
TGGTAGACCTGATG-1,-15.328431,-14.219831,1
TGGTAGTGCACTGA-1,22.03092,18.188457,9
TGGTATCTAAACAG-1,-5.9211345,-2.385686,8
TGGTATCTCTTCCG-1,-6.466687,6.7489147,1
TGGTCAGACCCAAA-1,-0.88472444,-8.6360445,8
TGGTCAGACCGTTC-1,8.867284,-44.907135,5
TGGTTACTGACGTT-1,41.64737,11.86771,3
TGGTTACTGTTCTT-1,-0.5170754,10.796752,1
TGTAACCTAGAGGC-1,-21.191076,-7.987309,1
TGTAACCTTGCCTC-1,37.94601,7.185616,3
TGTAATGACACAAC-1,10.876419,-48.596867,5
TGTAATGAGGTAAA-1,7.6407228,-44.83699,7
TGTACTTGCTCTAT-1,40.549908,-9.01117,0
TGTAGGTGCGAGAG-1,-11.234887,54.90752,6
TGTAGGTGCTATGG-1,-30.414343,2.4096043,1
TGTAGGTGCTCTAT-1,28.064283,5.003237,2
TGTAGGTGTGCTGA-1,-12.05159,-0.2824737,1
TGTAGTCTTCCAGA-1,-32.978138,12.71253,1
TGTAGTCTTGCACA-1,-15.010196,-33.061436,7
TGTATCTGTTAGGC-1,-23.779713,-12.245292,1
TGTATGCTCATGGT-1,-12.734657,51.156654,6
TGTATGCTGTAGGG-1,-0.45865718,-17.971025,8
TGTATGCTTTCATC-1,-5.811111,-14.8720665,8
TGTCAGGAATACCG-1,-6.0127406,12.685872,1
TGTCAGGAGATGAA-1,41.634247,-6.570151,0
TGTCTAACCCCTTG-1,2.8225946,-6.802015,8
TGTGACGATTCTCA-1,-10.689169,-38.221424,7
TGTGAGACTGTCAG-1,36.45954,-0.70917,3
TGTGAGACTTGAGC-1,-22.864887,-7.5484085,1
TGTGAGTGACCACA-1,2.091086,-11.979545,8
TGTGAGTGAGTGCT-1,41.411762,-5.0078573,0
TGTGAGTGGAGATA-1,-0.8084011,-34.442986,7
TGTGATCTCTCTAT-1,-9.107375,40.100693,6
TGTGATCTGACACT-1,2.6401951,-23.689087,8
TGTGGATGGCCAAT-1,-11.78951,51.00951,6
TGTTAAGACAAAGA-1,23.624674,22.606262,9
TGTTAAGATAAGGA-1,41.26678,21.694626,9
TGTTAAGATTGGCA-1,22.463825,24.09068,9
TGTTACACCGCATA-1,40.166027,-3.1731887,0
TGTTACACGACTAC-1,34.56053,2.2417476,9
TGTTACTGGCTACA-1,-17.877363,-31.57486,7
TGTTACTGTAGTCG-1,-2.6775298,-40.76514,7
TTAACCACCGTAAC-1,-17.507282,-6.5474477,1
TTAACCACTAAGGA-1,-0.96846306,-35.028545,8
TTAACCACTCAGAC-1,-13.116769,-28.552303,7
TTACACACGTGTTG-1,-23.054422,-11.674463,1
TTACACACTCCTAT-1,-2.3262725,1.9925476,1
TTACCATGAATCGC-1,38.59639,13.366789,9
TTACCATGGTTGAC-1,-35.22908,6.2636857,1
TTACCATGTGTCTT-1,1.8420802,-27.948044,8
TTACCATGTTGTGG-1,-11.180522,47.06007,6
TTACGACTGAGAGC-1,-37.836998,1.4738592,1
TTACGACTTGACAC-1,34.490295,23.913845,9
TTACGTACGTTCAG-1,15.220471,-21.925154,8
TTACTCGAACGTTG-1,-39.238445,11.771106,4
TTACTCGAAGAATG-1,47.698536,12.216921,3
TTACTCGACGCAAT-1,29.244612,5.371765,2
TTACTCGAGGGTGA-1,-15.303156,4.2218537,1
TTACTCGATCTACT-1,7.0302677,-55.045746,5
TTAGAATGTGGTGT-1,-7.097985,-3.3199813,8
TTAGAATGTGTAGC-1,8.097518,-18.816727,8
TTAGACCTCCTACC-1,-6.9212785,1.9303068,1
TTAGACCTCCTTTA-1,38.890007,18.069696,9
TTAGCTACAACCGT-1,5.0093756,-4.9401913,1
TTAGCTACTGTCCC-1,43.715824,0.350208,0
TTAGCTACTTTCGT-1,-27.706532,2.3237262,1
TTAGGGACGCGAAG-1,-14.28784,-32.536522,7
TTAGGGTGCTGGAT-1,-19.058027,39.35605,6
TTAGGGTGTCCTGC-1,39.58137,4.0846634,3
TTAGGTCTACTTTC-1,26.7,22.917791,9
TTAGTCACCAGTTG-1,-26.670818,3.082437,1
TTAGTCTGAAAGCA-1,-15.971865,54.80218,6
TTAGTCTGCCAACA-1,9.910122,-51.99085,5
TTAGTCTGTGCACA-1,-7.1930747,-16.306305,8
TTATCCGACTAGTG-1,-13.265911,45.71777,6
TTATCCGAGAAAGT-1,44.482487,0.89964855,3
TTATGAGAGATAAG-1,0.52100426,-19.894451,8
TTATGCACGTCACA-1,-12.499207,48.259735,6
TTATGGCTTATGGC-1,28.329594,5.496865,2
TTATTCCTATGCTG-1,45.850918,7.236286,3
TTATTCCTGGACAG-1,-15.598798,38.288036,6
TTATTCCTGGTACT-1,-15.968055,43.65128,6
TTATTCCTTCGTGA-1,-33.456295,4.8256173,1
TTCAAAGATAAAGG-1,-13.258483,-31.590322,7
TTCAACACAACAGA-1,-16.146206,2.3364134,1
TTCAACACCCCAAA-1,37.07532,19.239145,9
TTCAACACGGACGA-1,38.30178,-3.6403713,0
TTCAAGCTAAGAAC-1,43.181854,9.110023,3
TTCAAGCTAGATGA-1,-21.193998,1.7367897,1
TTCAAGCTGTTGAC-1,-17.699913,-14.020127,1
TTCAAGCTTCCAAG-1,8.378248,-17.530361,8
TTCAAGCTTGATGC-1,-13.128275,0.5938064,1
TTCAAGCTTTCGCC-1,-4.234415,11.337503,1
TTCACAACCCGTTC-1,40.408974,8.469422,3
TTCACAACGTCTGA-1,20.250841,20.487682,8
TTCAGACTACCCAA-1,4.425012,-18.67787,8
TTCAGACTCTCGAA-1,-9.663544,-5.6701922,1
TTCAGTACCGACTA-1,-22.425268,4.2283936,1
TTCAGTACTCAAGC-1,-35.764557,5.3174367,1
TTCAGTACTCCTAT-1,34.774845,22.07767,9
TTCAGTTGCCAAGT-1,-17.609262,-9.550663,1
TTCAGTTGTCCTTA-1,27.797108,14.483081,9
TTCAGTTGTCTAGG-1,2.6275754,-22.709114,8
TTCAGTTGTCTCGC-1,-5.5013237,44.077305,6
TTCATCGAGGTGGA-1,35.505417,18.141392,9
TTCATGTGTGGTGT-1,-25.340271,4.6872444,1
TTCATTCTATGTCG-1,37.667835,10.181341,3
TTCATTCTTCTCTA-1,3.0628705,-8.578964,8
TTCCAAACCTATGG-1,26.423578,21.756157,9
TTCCAAACCTCCCA-1,-17.9932,36.334934,6
TTCCAAACTCCCAC-1,8.796137,-44.854435,8
TTCCAAACTTGACG-1,-0.6683813,-39.85585,7
TTCCATGACGAGAG-1,36.41506,17.621878,9
TTCCATGACTGTCC-1,4.2767267,-22.69078,8
TTCCCACTTGAGGG-1,9.3938265,-47.010933,5
TTCCCACTTGTCTT-1,43.190475,8.786113,3
TTCCTAGAAAGTGA-1,1.7485137,-11.020989,8
TTCCTAGACTAGTG-1,34.982056,-0.46019977,9
TTCGAGGACTCTAT-1,-28.74991,-2.40758,1
TTCGAGGAGGGCAA-1,-13.234182,-21.360865,1
TTCGAGGATAGAAG-1,34.710114,-0.15534396,9
TTCGATTGAGCATC-1,-6.909256,-7.6004324,1
TTCGGAGAATGCCA-1,31.34988,23.8096,9
TTCGGAGATGTGCA-1,-12.657093,-3.798313,1
TTCGTATGAAAAGC-1,-0.22144233,-42.879898,7
TTCGTATGGATAGA-1,-3.0222156,-41.071003,7
TTCGTATGGTCTGA-1,-4.938274,1.1973759,1
TTCGTATGTCCTTA-1,48.94117,6.649733,3
TTCTACGAACGTAC-1,-18.318493,-0.1876972,1
TTCTACGAGTTGGT-1,-32.88635,-5.431946,1
TTCTAGTGACACGT-1,-32.184216,7.0247583,1
TTCTAGTGCATGAC-1,35.395264,16.11748,9
TTCTAGTGGAGAGC-1,8.651022,-47.44874,5
TTCTAGTGGTCACA-1,41.251324,5.8207064,3
TTCTCAGAAGAGAT-1,-13.521763,-0.32303184,1
TTCTCAGAAGCATC-1,-17.926142,39.68477,6
TTCTCAGATGGAGG-1,-29.933199,7.0564814,1
TTCTGATGGAGACG-1,14.475475,-53.010426,5
TTCTTACTCTGGAT-1,34.961327,-0.10937093,9
TTGAACCTCCTTGC-1,-8.5313635,48.45242,6
TTGAATGAACTACG-1,35.27803,-0.17996031,9
TTGAATGACTTACT-1,-0.40399802,0.7110954,8
TTGAATGATCTCAT-1,-13.658144,39.31006,6
TTGACACTCTGTAG-1,-11.966765,-23.348253,8
TTGACACTGATAAG-1,-7.597081,47.20072,6
TTGAGGACAGAACA-1,45.22372,16.766254,3
TTGAGGACTACGCA-1,28.201843,5.660579,2
TTGAGGTGGACGGA-1,-1.6176627,-5.101201,8
TTGCATTGAGCTAC-1,-6.034095,-35.707714,7
TTGCATTGCTAAGC-1,42.390247,15.667568,3
TTGCATTGTGACTG-1,-19.963911,-9.652398,1
TTGCTAACACCAAC-1,-10.546041,-31.948584,7
TTGCTAACACGCTA-1,36.200493,-0.4254847,9
TTGCTAACCACTCC-1,-0.8429378,5.1089163,8
TTGCTATGGTACGT-1,46.253746,9.336759,3
TTGCTATGGTAGGG-1,37.532963,-7.1500754,0
TTGGAGACCAATCG-1,-37.2585,-1.4176682,1
TTGGAGACGCTATG-1,38.919662,21.400024,9
TTGGAGACTATGGC-1,-11.6296,41.19565,6
TTGGGAACTGAACC-1,-4.5745707,8.247117,1
TTGGTACTACTGGT-1,40.971848,3.7681992,3
TTGGTACTCTTAGG-1,-15.278656,-0.5648013,1
TTGGTACTGAATCC-1,-12.961711,54.840614,6
TTGGTACTGGATTC-1,-14.6427355,43.548862,6
TTGTACACGTTGTG-1,-9.853019,50.798862,6
TTGTACACTTGCAG-1,-26.038115,-11.360083,1
TTGTAGCTAGCTCA-1,-25.370678,-0.116469435,1
TTGTAGCTCTCTTA-1,-12.340763,39.29436,6
TTGTCATGGACGGA-1,13.474009,-53.546803,5
TTTAGAGATCCTCG-1,-16.910522,39.459084,6
TTTAGCTGATACCG-1,-2.442587,12.928955,1
TTTAGCTGGATACC-1,34.5546,16.723024,9
TTTAGCTGTACTCT-1,31.175854,6.7178726,2
TTTAGGCTCCTTTA-1,35.69615,20.397493,9
TTTATCCTGTTGTG-1,43.490776,1.944631,3
TTTCACGAGGTTCA-1,-7.4216776,-5.3252244,1
TTTCAGTGGAAGGC-1,-10.436579,-29.381256,7
TTTCAGTGTCACGA-1,-12.845818,45.212994,6
TTTCAGTGTCTATC-1,25.505453,20.788292,9
TTTCAGTGTGCAGT-1,-7.5231037,46.50102,6
TTTCCAGAGGTGAG-1,-14.360649,-12.659674,1
TTTCGAACACCTGA-1,-23.336916,30.230267,2
TTTCGAACTCTCAT-1,42.31315,11.499777,3
TTTCTACTGAGGCA-1,-38.701534,13.752689,1
TTTCTACTTCCTCG-1,-12.707839,48.47847,6
TTTGCATGAGAGGC-1,-2.8178658,47.57959,6
TTTGCATGCCTCAC-1,-6.3556433,-4.63741,1
