"","orig.ident","nCount_RNA","nFeature_RNA","percent.mt","RNA_snn_res.0.5","seurat_clusters"
"AAACATACAACCAC-1","pbmc3k",2419,779,3.01777594047127,"2","2"
"AAACATTGAGCTAC-1","pbmc3k",4903,1352,3.79359575769937,"3","3"
"AAACATTGATCAGC-1","pbmc3k",3147,1129,0.889736256752463,"2","2"
"AAACCGTGCTTCCG-1","pbmc3k",2639,960,1.74308450170519,"1","1"
"AAACCGTGTATGCG-1","pbmc3k",980,521,1.22448979591837,"6","6"
"AAACGCACTGGTAC-1","pbmc3k",2163,781,1.66435506241331,"2","2"
"AAACGCTGACCAGT-1","pbmc3k",2175,782,3.81609195402299,"4","4"
"AAACGCTGGTTCTT-1","pbmc3k",2260,790,3.09734513274336,"4","4"
"AAACGCTGTAGCCA-1","pbmc3k",1275,532,1.17647058823529,"4","4"
"AAACGCTGTTTCTG-1","pbmc3k",1103,550,2.9011786038078,"5","5"
"AAACTTGAAAAACG-1","pbmc3k",3914,1112,2.63157894736842,"3","3"
"AAACTTGATCCAGA-1","pbmc3k",2388,747,1.08877721943049,"0","0"
"AAAGAGACGAGATA-1","pbmc3k",2410,864,1.07883817427386,"2","2"
"AAAGAGACGCGAGA-1","pbmc3k",3033,1058,1.41773821299044,"1","1"
"AAAGAGACGGACTT-1","pbmc3k",1151,457,2.34578627280626,"4","4"
"AAAGAGACGGCATT-1","pbmc3k",792,335,2.3989898989899,"0","0"
"AAAGCAGATATCGG-1","pbmc3k",4584,1422,1.39616055846422,"1","1"
"AAAGCCTGTATGCG-1","pbmc3k",2928,1013,1.70765027322404,"2","2"
"AAAGGCCTGTCTAG-1","pbmc3k",4973,1445,1.52825256384476,"3","3"
"AAAGTTTGATCACG-1","pbmc3k",1268,444,3.47003154574132,"3","3"
"AAAGTTTGGGGTGA-1","pbmc3k",3281,1015,2.59067357512953,"3","3"
"AAAGTTTGTAGAGA-1","pbmc3k",1102,417,1.5426497277677,"0","0"
"AAAGTTTGTAGCGT-1","pbmc3k",2683,877,2.49720462169214,"1","1"
"AAATCAACAATGCC-1","pbmc3k",2319,787,1.16429495472186,"3","3"
"AAATCAACACCAGT-1","pbmc3k",1412,508,1.98300283286119,"0","0"
"AAATCAACCAGGAG-1","pbmc3k",2800,823,2.25,"0","0"
"AAATCAACCCTATT-1","pbmc3k",5676,1541,2.43128964059197,"5","5"
"AAATCAACGGAAGC-1","pbmc3k",3473,996,1.75640656492946,"0","0"
"AAATCAACTCGCAA-1","pbmc3k",2811,936,1.84987548914977,"2","2"
"AAATCATGACCACA-1","pbmc3k",4128,1368,4.57848837209302,"5","5"
"AAATCCCTCCACAA-1","pbmc3k",955,427,1.98952879581152,"0","0"
"AAATCCCTGCTATG-1","pbmc3k",822,406,1.70316301703163,"3","3"
"AAATGTTGAACGAA-1","pbmc3k",3208,1017,1.93266832917706,"1","1"
"AAATGTTGCCACAA-1","pbmc3k",1760,785,0.625,"2","2"
"AAATGTTGTGGCAT-1","pbmc3k",2761,1017,1.91959434987323,"1","1"
"AAATTCGAAGGTTC-1","pbmc3k",2740,749,2.22627737226277,"0","0"
"AAATTCGAATCACG-1","pbmc3k",2567,822,1.98675496688742,"1","1"
"AAATTCGAGCTGAT-1","pbmc3k",2969,980,2.18928932300438,"5","5"
"AAATTCGAGGAGTG-1","pbmc3k",2978,873,2.48488918737408,"0","0"
"AAATTCGATTCTCA-1","pbmc3k",2641,928,1.43884892086331,"6","6"
"AAATTGACACGACT-1","pbmc3k",2357,836,2.12134068731438,"4","4"
"AAATTGACTCGCTC-1","pbmc3k",3411,1013,1.49516270888303,"4","4"
"AACAAACTCATTTC-1","pbmc3k",2178,731,1.42332415059688,"0","0"
"AACAAACTTTCGTT-1","pbmc3k",2688,877,1.71130952380952,"0","0"
"AACAATACGACGAG-1","pbmc3k",2104,782,2.99429657794677,"0","0"
"AACACGTGCAGAGG-1","pbmc3k",1799,785,0.889382990550306,"2","2"
"AACACGTGGAAAGT-1","pbmc3k",2629,788,1.02700646633701,"0","0"
"AACACGTGGAACCT-1","pbmc3k",2280,880,2.23684210526316,"1","1"
"AACACGTGGCTACA-1","pbmc3k",2652,800,2.4132730015083,"0","0"
"AACACGTGTACGAC-1","pbmc3k",3569,1213,2.74586718968899,"5","5"
"AACAGCACAAGAGT-1","pbmc3k",688,342,2.47093023255814,"1","1"
"AACATTGATGGGAG-1","pbmc3k",4711,1458,3.16281044364254,"5","5"
"AACCAGTGATACCG-1","pbmc3k",3840,1249,2.78645833333333,"5","5"
"AACCCAGATCGCTC-1","pbmc3k",2343,756,1.1096884336321,"0","0"
"AACCGATGCTCCCA-1","pbmc3k",2294,835,3.6617262423714,"0","0"
"AACCGATGGTCATG-1","pbmc3k",2632,823,2.08966565349544,"3","3"
"AACCGATGTTCTAC-1","pbmc3k",2294,825,2.57192676547515,"1","1"
"AACCGCCTAGCGTT-1","pbmc3k",3390,1237,1.65191740412979,"2","2"
"AACCGCCTCTACGA-1","pbmc3k",3994,1240,3.48022033049574,"1","1"
"AACCTACTGTGAGG-1","pbmc3k",5682,1649,1.58394931362196,"1","1"
"AACCTACTGTGTTG-1","pbmc3k",2675,843,2.65420560747664,"0","0"
"AACCTTACGAGACG-1","pbmc3k",2771,825,2.52616383976904,"0","0"
"AACCTTACGCGAGA-1","pbmc3k",1246,654,4.73515248796148,"6","6"
"AACCTTACTAACGC-1","pbmc3k",1947,776,1.69491525423729,"5","5"
"AACCTTTGGACGGA-1","pbmc3k",2076,764,1.30057803468208,"0","0"
"AACCTTTGTACGCA-1","pbmc3k",4617,1461,1.97097682477799,"5","5"
"AACGCAACAAGTAG-1","pbmc3k",2048,789,1.513671875,"2","2"
"AACGCATGACCCAA-1","pbmc3k",2774,868,2.19899062725306,"0","0"
"AACGCATGCCTTCG-1","pbmc3k",2866,803,2.68667131891137,"0","0"
"AACGCATGTACTTC-1","pbmc3k",2913,963,1.40748369378647,"0","0"
"AACGCCCTCGGGAA-1","pbmc3k",2502,799,2.1982414068745,"2","2"
"AACGCCCTCGTACA-1","pbmc3k",1915,876,1.40992167101828,"6","6"
"AACGCCCTGGCATT-1","pbmc3k",1442,690,2.77392510402219,"2","2"
"AACGTCGAGTATCG-1","pbmc3k",2148,987,2.00186219739292,"6","6"
"AACGTGTGAAAGCA-1","pbmc3k",2820,906,2.4468085106383,"2","2"
"AACGTGTGGCGGAA-1","pbmc3k",2070,740,2.07729468599034,"3","3"
"AACGTGTGTCCAAG-1","pbmc3k",1665,620,2.46246246246246,"0","0"
"AACGTGTGTGCTTT-1","pbmc3k",1932,866,1.24223602484472,"2","2"
"AACTACCTTAGAGA-1","pbmc3k",2874,914,1.49617258176757,"0","0"
"AACTCACTCAAGCT-1","pbmc3k",2605,967,3.14779270633397,"1","1"
"AACTCACTTGGAGG-1","pbmc3k",2122,801,1.50801131008483,"1","1"
"AACTCGGAAAGTGA-1","pbmc3k",1840,732,3.64130434782609,"4","4"
"AACTCGGAAGGTCT-1","pbmc3k",1289,554,2.40496508921645,"1","1"
"AACTCTTGCAGGAG-1","pbmc3k",2102,789,0.999048525214082,"2","2"
"AACTGTCTCCCTTG-1","pbmc3k",2326,857,2.19260533104041,"1","1"
"AACTTGCTACGCTA-1","pbmc3k",2335,899,2.65524625267666,"3","3"
"AACTTGCTGGGACA-1","pbmc3k",1864,674,2.19957081545064,"0","0"
"AAGAACGAGTGTTG-1","pbmc3k",780,397,1.41025641025641,"0","0"
"AAGAAGACGTAGGG-1","pbmc3k",1437,660,2.08768267223382,"3","3"
"AAGACAGAAGTCTG-1","pbmc3k",1125,563,1.86666666666667,"3","3"
"AAGACAGAGGATCT-1","pbmc3k",2314,785,1.25324114088159,"0","0"
"AAGACAGATTACCT-1","pbmc3k",2309,859,2.46860112602858,"1","1"
"AAGAGATGGGTAGG-1","pbmc3k",1345,567,2.0817843866171,"3","3"
"AAGATGGAAAACAG-1","pbmc3k",878,412,2.50569476082005,"3","3"
"AAGATGGAGAACTC-1","pbmc3k",3116,1042,1.70089858793325,"1","1"
"AAGATGGAGATAAG-1","pbmc3k",4019,1202,3.9313262005474,"1","1"
"AAGATTACAACCTG-1","pbmc3k",2117,700,1.70051960321209,"0","0"
"AAGATTACAGATCC-1","pbmc3k",4058,1256,1.47856086742238,"1","1"
"AAGATTACCCGTTC-1","pbmc3k",2762,928,2.57060101375815,"1","1"
"AAGATTACCGCCTT-1","pbmc3k",3062,1078,1.76355323318093,"7","7"
"AAGATTACCTCAAG-1","pbmc3k",2279,937,2.45721807810443,"6","6"
"AAGATTACTCCTCG-1","pbmc3k",642,316,2.64797507788162,"1","1"
"AAGCAAGAGCGAGA-1","pbmc3k",2478,898,2.30024213075061,"2","2"
"AAGCAAGAGCTTAG-1","pbmc3k",2168,916,2.2140221402214,"6","6"
"AAGCAAGAGGTGTT-1","pbmc3k",1684,857,1.72209026128266,"6","6"
"AAGCACTGAGCAAA-1","pbmc3k",3235,899,2.72024729520866,"3","3"
"AAGCACTGCATACG-1","pbmc3k",803,390,0.12453300124533,"4","4"
"AAGCACTGGTTCTT-1","pbmc3k",6153,1713,2.35657402892898,"3","3"
"AAGCCAACGTGTTG-1","pbmc3k",2764,819,1.44717800289436,"0","0"
"AAGCCATGAACTGC-1","pbmc3k",7064,1871,1.40147225368063,"7","7"
"AAGCCATGACACGT-1","pbmc3k",1535,657,1.49837133550489,"1","1"
"AAGCCATGCGTGAT-1","pbmc3k",2110,790,1.09004739336493,"0","0"
"AAGCCATGTCTCGC-1","pbmc3k",908,477,3.52422907488987,"4","4"
"AAGCCTGACATGCA-1","pbmc3k",1789,768,1.78870877585243,"2","2"
"AAGCCTGACCGAAT-1","pbmc3k",1047,480,2.00573065902579,"1","1"
"AAGCGACTCCTCAC-1","pbmc3k",2102,818,1.71265461465271,"5","5"
"AAGCGACTGTGTCA-1","pbmc3k",3131,866,1.59693388693708,"0","0"
"AAGCGACTTACAGC-1","pbmc3k",1494,600,1.80722891566265,"3","3"
"AAGCGACTTTGACG-1","pbmc3k",3668,1185,1.52671755725191,"5","5"
"AAGCGTACGTCTTT-1","pbmc3k",2046,648,3.91006842619746,"0","0"
"AAGGCTTGCGAACT-1","pbmc3k",2075,774,0.91566265060241,"4","4"
"AAGGTCACGGTTAC-1","pbmc3k",1870,699,2.45989304812834,"1","1"
"AAGGTCACTGTTTC-1","pbmc3k",1773,640,1.86125211505922,"3","3"
"AAGGTCACTTCCCG-1","pbmc3k",2385,855,2.47379454926625,"4","4"
"AAGGTCTGACAGTC-1","pbmc3k",2587,830,3.90413606494009,"2","2"
"AAGGTCTGCAGATC-1","pbmc3k",967,387,0.827300930713547,"0","0"
"AAGTAACTCTGAAC-1","pbmc3k",1874,710,2.18783351120598,"1","1"
"AAGTAACTGAGATA-1","pbmc3k",659,341,0.606980273141123,"3","3"
"AAGTAGGATACAGC-1","pbmc3k",1723,892,1.85722576900754,"6","6"
"AAGTATACCGAACT-1","pbmc3k",3251,933,1.8455859735466,"0","0"
"AAGTCCGACTTGTT-1","pbmc3k",1523,604,2.42941562705187,"0","0"
"AAGTCCGATAGAAG-1","pbmc3k",3368,1007,1.84085510688836,"0","0"
"AAGTCTCTAGTCGT-1","pbmc3k",3282,980,2.37659963436929,"0","0"
"AAGTCTCTCGGAGA-1","pbmc3k",1838,679,3.04678998911861,"4","4"
"AAGTGGCTTGGAGG-1","pbmc3k",1572,603,2.03562340966921,"3","3"
"AAGTTCCTCATTCT-1","pbmc3k",2334,862,1.97086546700943,"5","5"
"AAGTTCCTTCTTAC-1","pbmc3k",3264,1030,2.94117647058824,"2","2"
"AATAAGCTCGAATC-1","pbmc3k",2759,886,2.35592606016673,"2","2"
"AATAAGCTCGTTGA-1","pbmc3k",1604,601,1.30922693266833,"0","0"
"AATACCCTGGACGA-1","pbmc3k",1500,609,2.2,"3","3"
"AATACCCTGGCATT-1","pbmc3k",3309,1118,1.57147174372922,"2","2"
"AATACTGAAAGGGC-1","pbmc3k",1745,667,1.03151862464183,"4","4"
"AATACTGAATTGGC-1","pbmc3k",1815,793,1.92837465564738,"6","6"
"AATAGGGAACCCTC-1","pbmc3k",2874,960,1.56576200417537,"3","3"
"AATAGGGAGAATGA-1","pbmc3k",1861,753,3.60021493820527,"4","4"
"AATCAAACTATCGG-1","pbmc3k",1457,637,2.26492793411119,"4","4"
"AATCCGGAATGCTG-1","pbmc3k",2804,1031,1.49786019971469,"3","3"
"AATCCTACCGGTAT-1","pbmc3k",2440,776,2.54098360655738,"0","0"
"AATCCTTGACGGGA-1","pbmc3k",2533,860,2.36873272799052,"1","1"
"AATCCTTGGTGAGG-1","pbmc3k",1753,824,1.25499144324016,"6","6"
"AATCGGTGGAACTC-1","pbmc3k",1953,850,2.1505376344086,"4","4"
"AATCGGTGTGCTTT-1","pbmc3k",1894,743,1.95353748680042,"0","0"
"AATCTAGAAAAGTG-1","pbmc3k",2581,857,1.97597830298334,"2","2"
"AATCTAGAATCGGT-1","pbmc3k",3166,923,2.21099178774479,"0","0"
"AATCTCACAGCCTA-1","pbmc3k",3553,1228,2.13903743315508,"1","1"
"AATCTCACTCTAGG-1","pbmc3k",2147,804,0.838379133674895,"0","0"
"AATCTCTGAACAGA-1","pbmc3k",2183,715,1.6032982134677,"0","0"
"AATCTCTGCTTTAC-1","pbmc3k",1709,667,1.81392627267408,"6","6"
"AATGATACACCAAC-1","pbmc3k",1918,779,0.72992700729927,"4","4"
"AATGATACGGTCAT-1","pbmc3k",3092,1194,2.00517464424321,"1","1"
"AATGCGTGACACCA-1","pbmc3k",2866,888,1.60502442428472,"3","3"
"AATGCGTGGACGGA-1","pbmc3k",4432,1266,2.12093862815884,"1","1"
"AATGCGTGGCTATG-1","pbmc3k",2224,872,2.06834532374101,"3","3"
"AATGGAGAATCGTG-1","pbmc3k",2380,846,3.27731092436975,"1","1"
"AATGGAGATCCTTA-1","pbmc3k",1958,780,2.55362614913177,"4","4"
"AATGGCTGACACCA-1","pbmc3k",3037,958,2.37076061903194,"3","3"
"AATGGCTGCGTGAT-1","pbmc3k",2209,803,1.99185151652331,"2","2"
"AATGGCTGTAAAGG-1","pbmc3k",1286,554,4.82115085536547,"4","4"
"AATGGCTGTACTCT-1","pbmc3k",1207,603,4.97100248550124,"4","4"
"AATGGCTGTGAAGA-1","pbmc3k",2142,782,2.66106442577031,"0","0"
"AATGTAACGGTGGA-1","pbmc3k",3047,978,0.557925828683951,"0","0"
"AATGTCCTCTTCTA-1","pbmc3k",3321,909,1.65612767238783,"2","2"
"AATGTTGACAGTCA-1","pbmc3k",2738,935,1.97224251278305,"2","2"
"AATGTTGAGTTGAC-1","pbmc3k",2995,996,1.5025041736227,"1","1"
"AATGTTGATCTACT-1","pbmc3k",2672,960,1.72155688622754,"2","2"
"AATTACGAATTCCT-1","pbmc3k",4510,1313,1.88470066518847,"7","7"
"AATTACGACTTCTA-1","pbmc3k",2568,798,1.16822429906542,"0","0"
"AATTACGAGTGAGG-1","pbmc3k",3465,1110,0.923520923520924,"2","2"
"AATTACGATTGGCA-1","pbmc3k",1730,676,3.58381502890173,"3","3"
"AATTCCTGCTCAGA-1","pbmc3k",1799,774,2.39021678710395,"3","3"
"AATTGATGTCGCAA-1","pbmc3k",3970,1295,3.09823677581864,"5","5"
"AATTGTGACTTGGA-1","pbmc3k",1972,656,1.72413793103448,"3","3"
"ACAAAGGAGGGTGA-1","pbmc3k",2017,624,2.47892910262766,"0","0"
"ACAAATTGATTCTC-1","pbmc3k",4094,1313,2.63800683927699,"5","5"
"ACAAATTGCTCAGA-1","pbmc3k",954,466,2.83018867924528,"1","1"
"ACAAATTGTTGCGA-1","pbmc3k",2326,936,2.62252794496991,"6","6"
"ACAACCGAGGGATG-1","pbmc3k",2384,977,1.76174496644295,"6","6"
"ACAACCGAGTTACG-1","pbmc3k",2104,778,1.80608365019011,"2","2"
"ACAAGAGAAGTCGT-1","pbmc3k",4144,1310,3.18532818532819,"1","1"
"ACAAGAGACTTATC-1","pbmc3k",947,431,4.4350580781415,"0","0"
"ACAAGAGAGTTGAC-1","pbmc3k",1622,577,4.43896424167694,"3","3"
"ACAATCCTAACCGT-1","pbmc3k",2316,849,1.46804835924007,"2","2"
"ACAATCCTTAGCGT-1","pbmc3k",1845,734,3.46883468834688,"3","3"
"ACAATTGACTGACA-1","pbmc3k",2163,798,2.17290799815072,"4","4"
"ACAATTGATGACTG-1","pbmc3k",1869,890,1.87265917602996,"6","6"
"ACACAGACCATACG-1","pbmc3k",2021,857,2.22662048490846,"4","4"
"ACACCAGAGGGCAA-1","pbmc3k",1768,719,1.30090497737557,"4","4"
"ACACCCTGGTGTTG-1","pbmc3k",1806,820,1.38427464008859,"6","6"
"ACACGAACAGTTCG-1","pbmc3k",1523,680,1.57583716349311,"2","2"
"ACACGATGACGCAT-1","pbmc3k",2057,951,2.77102576567817,"4","4"
"ACACGATGATGTGC-1","pbmc3k",2314,889,3.45721694036301,"1","1"
"ACACGATGTCGTAG-1","pbmc3k",3651,1264,1.91728293618187,"4","4"
"ACACGATGTGGTCA-1","pbmc3k",2310,918,1.68831168831169,"4","4"
"ACAGACACGGCATT-1","pbmc3k",2137,797,3.13523631258774,"2","2"
"ACAGACACGTTGTG-1","pbmc3k",1981,830,1.00959111559818,"2","2"
"ACAGCAACACCTAG-1","pbmc3k",1046,496,1.81644359464627,"1","1"
"ACAGCAACCTCAAG-1","pbmc3k",4431,1472,2.031144211239,"5","5"
"ACAGGTACCCCACT-1","pbmc3k",2727,846,1.02676934360103,"0","0"
"ACAGGTACGCTGTA-1","pbmc3k",2219,868,3.15457413249211,"4","4"
"ACAGGTACTGGTGT-1","pbmc3k",1885,1058,1.27320954907162,"6","6"
"ACAGTCGACCCAAA-1","pbmc3k",1008,488,2.28174603174603,"0","0"
"ACAGTCGACCGATA-1","pbmc3k",2068,895,1.01547388781431,"4","4"
"ACAGTGACTCACCC-1","pbmc3k",2161,831,1.1568718186025,"4","4"
"ACAGTGACTCTATC-1","pbmc3k",2131,864,4.12951665884561,"4","4"
"ACAGTGTGGTCACA-1","pbmc3k",963,418,2.28452751817238,"0","0"
"ACAGTGTGTTGCGA-1","pbmc3k",2273,855,2.24373075230972,"1","1"
"ACATCACTCTACTT-1","pbmc3k",2502,906,1.91846522781775,"1","1"
"ACATGGTGAAGCCT-1","pbmc3k",2165,791,1.20092378752887,"0","0"
"ACATGGTGCAACCA-1","pbmc3k",2147,756,2.74802049371216,"3","3"
"ACATGGTGCGAGTT-1","pbmc3k",2046,769,1.17302052785924,"0","0"
"ACATTCTGGCATAC-1","pbmc3k",2848,955,1.61516853932584,"0","0"
"ACATTCTGGGAACG-1","pbmc3k",3715,1189,1.66890982503365,"1","1"
"ACCAACGACATGCA-1","pbmc3k",2114,679,1.41911069063387,"0","0"
"ACCACAGAAAGTAG-1","pbmc3k",1457,524,3.2258064516129,"0","0"
"ACCACAGAGTTGGT-1","pbmc3k",2856,904,1.22549019607843,"0","0"
"ACCACCTGTGTGCA-1","pbmc3k",1176,505,1.70068027210884,"0","0"
"ACCACGCTACAGCT-1","pbmc3k",2530,849,1.62055335968379,"0","0"
"ACCACGCTACCCAA-1","pbmc3k",1936,775,2.47933884297521,"4","4"
"ACCACGCTGCGAGA-1","pbmc3k",1979,793,2.37493683678626,"0","0"
"ACCACGCTGCTGTA-1","pbmc3k",2008,747,3.58565737051793,"0","0"
"ACCAGCCTGACAGG-1","pbmc3k",2569,951,1.4791747761775,"2","2"
"ACCAGTGAACGGTT-1","pbmc3k",1730,643,3.35260115606936,"3","3"
"ACCAGTGAATACCG-1","pbmc3k",3869,1275,3.20496252261566,"5","5"
"ACCAGTGAGGGATG-1","pbmc3k",2444,827,0.900163666121113,"0","0"
"ACCAGTGATGACTG-1","pbmc3k",1223,480,2.78004905968929,"1","1"
"ACCATTACCTTCTA-1","pbmc3k",3415,969,1.90336749633968,"0","0"
"ACCATTACGAGATA-1","pbmc3k",2709,1109,0.775193798449612,"2","2"
"ACCATTTGTCATTC-1","pbmc3k",1647,648,2.00364298724954,"0","0"
"ACCCAAGAACTGTG-1","pbmc3k",1704,805,2.11267605633803,"4","4"
"ACCCAAGAATTCCT-1","pbmc3k",3562,1222,1.4879281302639,"5","5"
"ACCCAAGAGGACAG-1","pbmc3k",2975,1022,1.10924369747899,"2","2"
"ACCCAAGATTCACT-1","pbmc3k",1973,666,2.88900152052712,"3","3"
"ACCCACTGCGCCTT-1","pbmc3k",986,489,2.73833671399594,"1","1"
"ACCCACTGGACAGG-1","pbmc3k",863,390,2.43337195828505,"0","0"
"ACCCACTGGTTCAG-1","pbmc3k",556,338,1.2589928057554,"8","8"
"ACCCACTGTCGTAG-1","pbmc3k",2872,1111,3.13370473537604,"1","1"
"ACCCAGCTCAGAAA-1","pbmc3k",2388,836,1.88442211055276,"2","2"
"ACCCAGCTGTTAGC-1","pbmc3k",5534,1546,2.05999277195519,"1","1"
"ACCCAGCTTGCTTT-1","pbmc3k",2495,840,0.440881763527054,"0","0"
"ACCCGTTGATGACC-1","pbmc3k",1508,581,2.91777188328912,"3","3"
"ACCCGTTGCTGCAA-1","pbmc3k",2157,747,0.741770978210477,"0","0"
"ACCCGTTGCTTCTA-1","pbmc3k",6083,1852,1.43021535426599,"7","7"
"ACCCTCGACCTATT-1","pbmc3k",1727,735,2.20034742327736,"2","2"
"ACCCTCGACGGTAT-1","pbmc3k",1244,487,1.84887459807074,"3","3"
"ACCCTCGATAAGGA-1","pbmc3k",2845,1014,2.63620386643234,"1","1"
"ACCCTCGATCAAGC-1","pbmc3k",1443,584,2.84130284130284,"5","5"
"ACCGTGCTACCAGT-1","pbmc3k",1936,795,1.5495867768595,"2","2"
"ACCGTGCTGGAACG-1","pbmc3k",1908,768,2.20125786163522,"3","3"
"ACCTATTGCTGAGT-1","pbmc3k",1190,490,2.60504201680672,"3","3"
"ACCTATTGTGCCCT-1","pbmc3k",4056,1303,2.76134122287968,"5","5"
"ACCTCCGAGTCCTC-1","pbmc3k",2425,894,1.07216494845361,"2","2"
"ACCTCCGATATGCG-1","pbmc3k",1789,686,2.57126886528787,"0","0"
"ACCTCCGATGCTGA-1","pbmc3k",1788,601,2.29306487695749,"0","0"
"ACCTCGTGAACCAC-1","pbmc3k",1968,771,2.9979674796748,"4","4"
"ACCTGAGATATCGG-1","pbmc3k",1523,703,3.74261326329613,"1","1"
"ACCTGGCTAAGTAG-1","pbmc3k",1869,891,2.8892455858748,"6","6"
"ACCTTTGACTCCCA-1","pbmc3k",3055,1168,2.22585924713584,"1","1"
"ACCTTTGAGGAACG-1","pbmc3k",4144,1374,3.30598455598456,"1","1"
"ACCTTTGAGGAAGC-1","pbmc3k",3695,1188,1.70500676589986,"1","1"
"ACGAACACCTTGTT-1","pbmc3k",1734,890,1.32641291810842,"6","6"
"ACGAACTGGCTATG-1","pbmc3k",8875,2413,1.57746478873239,"8","8"
"ACGAAGCTCTCCAC-1","pbmc3k",795,354,1.0062893081761,"0","0"
"ACGAAGCTCTGAGT-1","pbmc3k",7062,1852,3.34182951005381,"3","3"
"ACGACCCTATCTCT-1","pbmc3k",4076,1316,2.06084396467125,"5","5"
"ACGACCCTGATGAA-1","pbmc3k",2011,700,3.03331675783192,"0","0"
"ACGACCCTTGACAC-1","pbmc3k",2793,823,1.64697457930541,"3","3"
"ACGACCCTTGACCA-1","pbmc3k",2314,736,2.72255834053587,"0","0"
"ACGAGGGACAGGAG-1","pbmc3k",7928,1991,1.46316851664985,"7","7"
"ACGAGGGACGAACT-1","pbmc3k",2758,888,2.50181290790428,"0","0"
"ACGAGGGATGTAGC-1","pbmc3k",3052,1033,2.39187418086501,"2","2"
"ACGAGTACCCTAAG-1","pbmc3k",1257,543,1.82975338106603,"3","3"
"ACGAGTACGAATCC-1","pbmc3k",3619,1186,1.57502072395689,"3","3"
"ACGATCGAGGACTT-1","pbmc3k",1604,656,0.935162094763092,"6","6"
"ACGATCGAGTCACA-1","pbmc3k",3065,1055,1.99021207177814,"1","1"
"ACGATGACAATGCC-1","pbmc3k",2245,818,2.04899777282851,"2","2"
"ACGATGACTGGTCA-1","pbmc3k",2632,977,1.82370820668693,"2","2"
"ACGATTCTACGGGA-1","pbmc3k",1606,632,3.42465753424658,"4","4"
"ACGCAATGGTTCAG-1","pbmc3k",1227,598,2.6079869600652,"6","6"
"ACGCACCTGTTAGC-1","pbmc3k",1687,690,2.1339656194428,"3","3"
"ACGCCACTGAACTC-1","pbmc3k",602,310,0,"1","1"
"ACGCCGGAAACCAC-1","pbmc3k",2243,803,2.27374052608114,"1","1"
"ACGCCGGAAAGCCT-1","pbmc3k",2143,741,0.886607559496034,"0","0"
"ACGCCGGAAATGCC-1","pbmc3k",1102,560,2.26860254083485,"2","2"
"ACGCCTTGCTCCCA-1","pbmc3k",2772,1071,3.03030303030303,"5","5"
"ACGCGGTGGCGAGA-1","pbmc3k",2432,844,2.05592105263158,"2","2"
"ACGCGGTGTGTGGT-1","pbmc3k",2603,881,2.26661544371879,"3","3"
"ACGCGGTGTTTGCT-1","pbmc3k",2144,840,1.63246268656716,"4","4"
"ACGCTCACAGTACC-1","pbmc3k",2367,815,2.70384452893959,"0","0"
"ACGCTCACCCTTGC-1","pbmc3k",2162,768,2.31267345050879,"0","0"
"ACGCTGCTGTTCTT-1","pbmc3k",1954,974,1.07471852610031,"6","6"
"ACGGAACTCAGATC-1","pbmc3k",2154,985,1.85701021355617,"6","6"
"ACGGAACTGTCGTA-1","pbmc3k",2151,818,3.90516039051604,"5","5"
"ACGGAGGACTCTTA-1","pbmc3k",2613,956,2.87026406429392,"1","1"
"ACGGATTGGGAGGT-1","pbmc3k",1654,639,2.78113663845224,"3","3"
"ACGGATTGGTTAGC-1","pbmc3k",3068,1012,1.82529335071708,"2","2"
"ACGGCTCTGAGCAG-1","pbmc3k",2388,926,2.51256281407035,"2","2"
"ACGGCTCTTGCACA-1","pbmc3k",2535,794,1.89349112426036,"0","0"
"ACGGTAACCGCTAA-1","pbmc3k",1865,751,2.68096514745308,"4","4"
"ACGGTAACCTTCGC-1","pbmc3k",1944,791,2.31481481481481,"4","4"
"ACGGTAACGGTGGA-1","pbmc3k",810,365,4.19753086419753,"0","0"
"ACGGTAACTCGCAA-1","pbmc3k",1213,539,2.22588623248145,"4","4"
"ACGGTATGAGTCGT-1","pbmc3k",1764,752,2.43764172335601,"1","1"
"ACGGTATGGGTATC-1","pbmc3k",2149,769,3.81572824569567,"3","3"
"ACGGTATGGTTGTG-1","pbmc3k",1946,649,2.26104830421377,"3","3"
"ACGGTCCTAACGGG-1","pbmc3k",2196,946,1.36612021857923,"2","2"
"ACGGTCCTCGGGAA-1","pbmc3k",2254,771,2.35137533274179,"0","0"
"ACGTAGACAACCAC-1","pbmc3k",2027,823,0.986679822397632,"2","2"
"ACGTAGACTACAGC-1","pbmc3k",1828,743,1.75054704595186,"3","3"
"ACGTCAGAAACGAA-1","pbmc3k",2166,836,2.16989843028624,"2","2"
"ACGTCAGAGAGCTT-1","pbmc3k",1909,721,2.40963855421687,"1","1"
"ACGTCAGAGGGATG-1","pbmc3k",1541,640,1.49253731343284,"0","0"
"ACGTCCTGATAAGG-1","pbmc3k",2627,923,3.50209364293871,"1","1"
"ACGTCCTGTGAACC-1","pbmc3k",3301,1172,2.42350802787034,"1","1"
"ACGTCGCTCCTGAA-1","pbmc3k",3924,1589,1.86034658511723,"4","4"
"ACGTCGCTCTATTC-1","pbmc3k",1584,698,3.40909090909091,"1","1"
"ACGTCGCTTCTCAT-1","pbmc3k",1600,616,2.5,"3","3"
"ACGTGATGCCATGA-1","pbmc3k",5437,1414,2.63012690822145,"7","7"
"ACGTGATGGGTCTA-1","pbmc3k",2633,815,1.89897455374098,"0","0"
"ACGTGATGTAACCG-1","pbmc3k",2974,1045,1.546738399462,"5","5"
"ACGTGATGTGACAC-1","pbmc3k",2134,980,3.18650421743205,"6","6"
"ACGTGCCTCCGTAA-1","pbmc3k",2176,865,1.37867647058824,"2","2"
"ACGTGCCTTCTATC-1","pbmc3k",1080,526,3.7037037037037,"4","4"
"ACGTTACTTTCCAT-1","pbmc3k",1967,761,1.6268429079817,"0","0"
"ACGTTGGAAAAGCA-1","pbmc3k",2187,717,1.92043895747599,"0","0"
"ACGTTGGAAACCTG-1","pbmc3k",2217,860,4.01443391971132,"4","4"
"ACGTTGGACCGTAA-1","pbmc3k",1382,602,2.4602026049204,"1","1"
"ACGTTGGAGCCAAT-1","pbmc3k",1780,828,2.24719101123596,"6","6"
"ACGTTGGATATGGC-1","pbmc3k",1051,475,1.23691722169363,"3","3"
"ACGTTGGATCAGGT-1","pbmc3k",2799,1069,1.5005359056806,"1","1"
"ACGTTTACATCAGC-1","pbmc3k",2367,774,1.5631601182932,"0","0"
"ACTAAAACCCACAA-1","pbmc3k",1267,613,1.42067876874507,"0","0"
"ACTAAAACTCGACA-1","pbmc3k",2580,909,2.09302325581395,"1","1"
"ACTACGGAATTTCC-1","pbmc3k",2187,835,1.92043895747599,"2","2"
"ACTACGGACCTATT-1","pbmc3k",1804,669,2.66075388026608,"0","0"
"ACTACGGATCGCTC-1","pbmc3k",2471,942,1.37596114933225,"0","0"
"ACTACTACTAAGGA-1","pbmc3k",2339,792,2.39418554938008,"0","0"
"ACTAGGTGGAACCT-1","pbmc3k",1980,871,1.36363636363636,"4","4"
"ACTAGGTGGAACTC-1","pbmc3k",3528,1043,1.70068027210884,"2","2"
"ACTATCACCTTGGA-1","pbmc3k",2048,857,3.076171875,"4","4"
"ACTATCACTGCCAA-1","pbmc3k",2222,793,1.66516651665167,"0","0"
"ACTCAGGACTGAAC-1","pbmc3k",2159,821,0.555812876331635,"0","0"
"ACTCAGGATCTATC-1","pbmc3k",1869,750,1.49812734082397,"3","3"
"ACTCAGGATTCGTT-1","pbmc3k",1009,435,1.98216055500496,"1","1"
"ACTCCTCTCAACTG-1","pbmc3k",3266,1141,2.08205756276791,"2","2"
"ACTCGCACGAAAGT-1","pbmc3k",1822,779,1.64654226125137,"1","1"
"ACTCGCACTACGAC-1","pbmc3k",1872,718,1.12179487179487,"1","1"
"ACTCTCCTGACACT-1","pbmc3k",1236,470,2.9126213592233,"0","0"
"ACTCTCCTGCATAC-1","pbmc3k",5850,1739,1.74358974358974,"0","0"
"ACTCTCCTGTTTGG-1","pbmc3k",2751,888,1.92657215557979,"0","0"
"ACTGAGACAACCAC-1","pbmc3k",1942,839,3.55303810504634,"4","4"
"ACTGAGACCCATAG-1","pbmc3k",3632,1153,1.78964757709251,"5","5"
"ACTGAGACGTTGGT-1","pbmc3k",3989,1029,1.75482577086989,"3","3"
"ACTGCCACACACGT-1","pbmc3k",2120,912,1.60377358490566,"4","4"
"ACTGCCACTCCGTC-1","pbmc3k",1737,872,4.08750719631549,"6","6"
"ACTGGCCTTCAGTG-1","pbmc3k",1656,824,2.05314009661836,"6","6"
"ACTGTGGACGTGTA-1","pbmc3k",3183,1231,2.10493245366007,"4","4"
"ACTGTGGATCTAGG-1","pbmc3k",4410,1310,2.29024943310658,"3","3"
"ACTGTTACCCACAA-1","pbmc3k",1261,574,3.25138778747026,"1","1"
"ACTGTTACTGCAGT-1","pbmc3k",1658,605,2.291917973462,"0","0"
"ACTTAAGAACCACA-1","pbmc3k",2296,716,2.26480836236934,"0","0"
"ACTTAAGATTACTC-1","pbmc3k",2821,1018,2.87132222616094,"7","7"
"ACTTAGCTGCGTAT-1","pbmc3k",3264,1213,1.5625,"5","5"
"ACTTAGCTGGGAGT-1","pbmc3k",2501,927,0.919632147141144,"2","2"
"ACTTCAACAAGCAA-1","pbmc3k",5416,1777,3.0834564254062,"2","2"
"ACTTCAACGTAGGG-1","pbmc3k",1256,654,1.11464968152866,"6","6"
"ACTTCCCTTTCCGC-1","pbmc3k",2072,718,1.3030888030888,"0","0"
"ACTTCTGACATGCA-1","pbmc3k",1655,646,4.35045317220544,"3","3"
"ACTTGACTCCACAA-1","pbmc3k",1994,803,1.60481444332999,"3","3"
"ACTTGGGAGAAAGT-1","pbmc3k",3623,1119,2.8981507038366,"1","1"
"ACTTGGGAGGTTTG-1","pbmc3k",1644,749,1.7639902676399,"2","2"
"ACTTGGGATGTGAC-1","pbmc3k",791,389,0.126422250316056,"5","5"
"ACTTGGGATTGACG-1","pbmc3k",3108,1097,2.34877734877735,"1","1"
"ACTTGTACCTGTCC-1","pbmc3k",1148,455,1.21951219512195,"0","0"
"ACTTTGTGGAAAGT-1","pbmc3k",2368,755,1.1402027027027,"0","0"
"ACTTTGTGGATAGA-1","pbmc3k",3143,1116,1.39993636652879,"1","1"
"AGAAACGAAAGTAG-1","pbmc3k",1428,569,2.87114845938375,"3","3"
"AGAAAGTGCGCAAT-1","pbmc3k",3021,867,2.0191989407481,"0","0"
"AGAAAGTGGGGATG-1","pbmc3k",1966,726,1.62767039674466,"1","1"
"AGAACAGAAATGCC-1","pbmc3k",1879,916,1.70303352847259,"6","6"
"AGAACAGACGACTA-1","pbmc3k",980,490,2.55102040816327,"3","3"
"AGAACAGAGACAAA-1","pbmc3k",3002,960,1.73217854763491,"2","2"
"AGAACGCTTTGCTT-1","pbmc3k",1762,624,2.1566401816118,"0","0"
"AGAAGATGTGACTG-1","pbmc3k",3602,1088,0.999444752915047,"2","2"
"AGAATGGAAGAAGT-1","pbmc3k",2051,771,1.02389078498294,"4","4"
"AGAATTTGTAACCG-1","pbmc3k",3257,966,1.07460853546208,"0","0"
"AGAATTTGTAGAGA-1","pbmc3k",1426,478,4.13744740532959,"0","0"
"AGACACACTGTAGC-1","pbmc3k",2227,808,1.30220026942075,"0","0"
"AGACACTGTCAAGC-1","pbmc3k",1939,720,1.70190820010315,"1","1"
"AGACCTGAAGTAGA-1","pbmc3k",2590,1011,2.04633204633205,"1","1"
"AGACCTGACCAACA-1","pbmc3k",2995,1007,2.97161936560935,"2","2"
"AGACCTGAGGAAGC-1","pbmc3k",2875,1075,1.87826086956522,"4","4"
"AGACGTACAGAGGC-1","pbmc3k",2190,805,1.27853881278539,"2","2"
"AGACGTACCCCTAC-1","pbmc3k",1516,671,3.10026385224274,"3","3"
"AGACGTACCTCTTA-1","pbmc3k",2884,948,4.19556171983356,"1","1"
"AGACGTACTCGTGA-1","pbmc3k",2242,862,4.14808206958073,"5","5"
"AGACTGACCATCAG-1","pbmc3k",1894,765,3.43189017951426,"4","4"
"AGACTGACCCTTTA-1","pbmc3k",2910,962,2.71477663230241,"0","0"
"AGACTTCTCATGCA-1","pbmc3k",1302,507,2.84178187403994,"3","3"
"AGAGATGACAGTCA-1","pbmc3k",1339,569,3.21135175504108,"3","3"
"AGAGATGACTGAAC-1","pbmc3k",1972,676,2.38336713995943,"0","0"
"AGAGATGAGGTTTG-1","pbmc3k",2058,766,2.86686103012634,"1","1"
"AGAGATGATCTCGC-1","pbmc3k",3369,1035,3.65093499554764,"3","3"
"AGAGATGATTGTGG-1","pbmc3k",2338,884,1.58254918733961,"0","0"
"AGAGCGGAGGCAAG-1","pbmc3k",5226,1422,1.35859165709912,"1","1"
"AGAGTCTGGTCGTA-1","pbmc3k",4469,1496,3.55784291787872,"5","5"
"AGAGTGCTCAGCTA-1","pbmc3k",1566,587,1.91570881226054,"0","0"
"AGAGTGCTCGAATC-1","pbmc3k",2529,876,1.97706603400554,"0","0"
"AGAGTGCTGTCATG-1","pbmc3k",3579,923,1.50880134115675,"2","2"
"AGAGTGCTGTCCTC-1","pbmc3k",1943,782,2.11013896037056,"4","4"
"AGAGTGCTGTGTTG-1","pbmc3k",1634,695,3.24357405140759,"3","3"
"AGATATACCCGTAA-1","pbmc3k",2258,1055,1.50575730735164,"6","6"
"AGATATACGATGAA-1","pbmc3k",2385,782,4.82180293501048,"2","2"
"AGATATACTGTTCT-1","pbmc3k",2358,867,1.18744698897371,"3","3"
"AGATATTGCCTACC-1","pbmc3k",2393,917,1.00292519849561,"4","4"
"AGATATTGGCCAAT-1","pbmc3k",4073,1248,1.44856371225141,"1","1"
"AGATCGTGTCTGGA-1","pbmc3k",2985,1020,1.17252931323283,"1","1"
"AGATCGTGTTTGTC-1","pbmc3k",1839,722,1.1963023382273,"3","3"
"AGATCTCTATCACG-1","pbmc3k",1498,642,2.7369826435247,"3","3"
"AGATTAACGTTCTT-1","pbmc3k",3874,1215,2.32318017552917,"5","5"
"AGATTCCTATCGTG-1","pbmc3k",2499,929,0.840336134453782,"0","0"
"AGATTCCTCACTTT-1","pbmc3k",2199,791,2.72851296043656,"1","1"
"AGATTCCTGACGAG-1","pbmc3k",2735,993,2.59597806215722,"1","1"
"AGATTCCTGTTCAG-1","pbmc3k",2315,1022,3.19654427645788,"6","6"
"AGCAAAGATATGCG-1","pbmc3k",2432,944,2.26151315789474,"0","0"
"AGCACAACAGTCTG-1","pbmc3k",1624,599,2.0935960591133,"0","0"
"AGCACTGAGGGAGT-1","pbmc3k",2620,880,0.916030534351145,"0","0"
"AGCACTGATATGCG-1","pbmc3k",2297,975,0.914235959947758,"2","2"
"AGCACTGATGCTTT-1","pbmc3k",5149,1605,2.19460089337735,"7","7"
"AGCACTGATTGCGA-1","pbmc3k",2156,756,1.85528756957328,"0","0"
"AGCATCGAAGATCC-1","pbmc3k",1726,772,2.37543453070684,"2","2"
"AGCATCGAAGGGTG-1","pbmc3k",2171,681,1.65822201750345,"3","3"
"AGCATCGAGCTTCC-1","pbmc3k",2581,992,3.95195660596668,"1","1"
"AGCATCGAGTGAGG-1","pbmc3k",2979,979,1.7455521987244,"2","2"
"AGCATCGATAACCG-1","pbmc3k",2780,1045,1.36690647482014,"1","1"
"AGCATGACGATGAA-1","pbmc3k",1869,705,2.08667736757624,"4","4"
"AGCCAATGGGGAGT-1","pbmc3k",1876,808,1.59914712153518,"5","5"
"AGCCAATGTATCTC-1","pbmc3k",2616,854,1.79663608562691,"0","0"
"AGCCACCTGGATCT-1","pbmc3k",1983,819,2.21886031265759,"4","4"
"AGCCGGTGCCAATG-1","pbmc3k",3728,1146,1.07296137339056,"2","2"
"AGCCGGTGTGTTTC-1","pbmc3k",2195,741,1.45785876993166,"0","0"
"AGCCGTCTCAATCG-1","pbmc3k",2919,914,4.28228845495033,"0","0"
"AGCCGTCTGAGAGC-1","pbmc3k",3003,967,2.5974025974026,"2","2"
"AGCCTCACGTTCGA-1","pbmc3k",2157,704,1.66898470097357,"0","0"
"AGCCTCACTGTCAG-1","pbmc3k",4811,1393,1.41342756183746,"5","5"
"AGCCTCTGCAGTTG-1","pbmc3k",1473,581,2.51188051595384,"3","3"
"AGCCTCTGCCAATG-1","pbmc3k",1677,807,1.66964818127609,"6","6"
"AGCGAACTGGATCT-1","pbmc3k",3137,919,2.67771756455212,"0","0"
"AGCGAACTTACTGG-1","pbmc3k",2115,803,1.41843971631206,"2","2"
"AGCGATACGGAGCA-1","pbmc3k",1588,540,1.95214105793451,"0","0"
"AGCGATTGAGATCC-1","pbmc3k",1918,887,2.18978102189781,"6","6"
"AGCGCCGAATCTCT-1","pbmc3k",1279,519,1.25097732603597,"0","0"
"AGCGCCGACAGAGG-1","pbmc3k",2676,1090,1.64424514200299,"2","2"
"AGCGCTCTACCTTT-1","pbmc3k",1767,762,1.47142048670062,"0","0"
"AGCGGCACCGGGAA-1","pbmc3k",2103,698,1.61673799334284,"0","0"
"AGCGGCTGATGTGC-1","pbmc3k",2266,749,1.63283318623124,"0","0"
"AGCGGGCTTGCCAA-1","pbmc3k",2243,770,1.51582701738743,"0","0"
"AGCGTAACATGCTG-1","pbmc3k",2423,898,1.93974411886092,"2","2"
"AGCGTAACTGAGAA-1","pbmc3k",3077,1097,1.98245043873903,"1","1"
"AGCTCGCTACTGGT-1","pbmc3k",2528,757,2.09651898734177,"0","0"
"AGCTCGCTCTGCTC-1","pbmc3k",2673,881,1.45903479236813,"0","0"
"AGCTGAACCATACG-1","pbmc3k",3215,1121,3.76360808709176,"5","5"
"AGCTGAACCTCTCG-1","pbmc3k",2319,808,1.89736955584304,"0","0"
"AGCTGCCTTGGGAG-1","pbmc3k",1037,445,4.43587270973963,"1","1"
"AGCTGCCTTTCATC-1","pbmc3k",5212,1703,2.95471987720645,"2","2"
"AGCTGCCTTTCTGT-1","pbmc3k",2278,786,2.06321334503951,"2","2"
"AGCTGTGATCCAAG-1","pbmc3k",1548,638,3.61757105943152,"0","0"
"AGCTTTACAAGTAG-1","pbmc3k",2258,816,1.63861824623561,"0","0"
"AGCTTTACACCAAC-1","pbmc3k",2112,888,3.125,"4","4"
"AGCTTTACTCTCAT-1","pbmc3k",2566,763,1.59781761496493,"3","3"
"AGGAAATGAGGAGC-1","pbmc3k",1879,805,0.69185737094199,"2","2"
"AGGAACCTCTTAGG-1","pbmc3k",3842,1321,2.94117647058824,"5","5"
"AGGAACCTTGCCTC-1","pbmc3k",2187,941,1.87471422039323,"4","4"
"AGGAATGATAACGC-1","pbmc3k",1975,807,2.78481012658228,"2","2"
"AGGAATGATTTGTC-1","pbmc3k",2644,977,1.32375189107413,"2","2"
"AGGAGTCTGGTTTG-1","pbmc3k",2506,886,2.39425379090184,"0","0"
"AGGAGTCTTGTCAG-1","pbmc3k",1977,725,1.61861406170966,"0","0"
"AGGATAGACATTTC-1","pbmc3k",4142,1187,1.11057460164172,"2","2"
"AGGATAGAGGATTC-1","pbmc3k",1962,825,1.07033639143731,"4","4"
"AGGATGCTACTAGC-1","pbmc3k",1803,659,1.16472545757072,"3","3"
"AGGATGCTTTAGGC-1","pbmc3k",1401,713,2.21270521056388,"6","6"
"AGGCAACTGAAGGC-1","pbmc3k",2696,814,2.78189910979228,"0","0"
"AGGCAGGAGTACCA-1","pbmc3k",2150,820,3.76744186046512,"4","4"
"AGGCCTCTAGTCGT-1","pbmc3k",2264,806,0.795053003533569,"0","0"
"AGGCCTCTCGGAGA-1","pbmc3k",2388,864,2.05192629815745,"2","2"
"AGGCCTCTCGTAAC-1","pbmc3k",1204,463,0.664451827242525,"0","0"
"AGGGACGACGTTGA-1","pbmc3k",1856,663,2.1551724137931,"0","0"
"AGGGACGAGTCAAC-1","pbmc3k",1955,929,1.53452685421995,"6","6"
"AGGGACGAGTTGTG-1","pbmc3k",2746,860,1.31099781500364,"0","0"
"AGGGACGATAGAGA-1","pbmc3k",1719,671,3.89761489237929,"4","4"
"AGGGACGATGCATG-1","pbmc3k",1783,803,1.06561974200785,"4","4"
"AGGGAGTGAGCCTA-1","pbmc3k",997,464,0.802407221664995,"0","0"
"AGGGCCACCATACG-1","pbmc3k",2047,788,1.61211529066927,"0","0"
"AGGGCGCTAACCAC-1","pbmc3k",3558,1068,2.44519392917369,"1","1"
"AGGGCGCTATGGTC-1","pbmc3k",1609,781,4.47482908638906,"2","2"
"AGGGTGGACAGTCA-1","pbmc3k",2229,843,2.46747420367878,"3","3"
"AGGGTGGACTCAAG-1","pbmc3k",2072,779,2.12355212355212,"1","1"
"AGGGTGGAGTTGCA-1","pbmc3k",2252,872,1.82060390763766,"4","4"
"AGGGTTTGTTCATC-1","pbmc3k",1794,706,2.17391304347826,"1","1"
"AGGTCATGAGTGTC-1","pbmc3k",925,492,3.24324324324324,"3","3"
"AGGTCATGCTTATC-1","pbmc3k",1586,667,2.01765447667087,"4","4"
"AGGTCTGATTCTCA-1","pbmc3k",2730,981,2.08791208791209,"5","5"
"AGGTGGGAAGAATG-1","pbmc3k",2033,749,1.4756517461879,"2","2"
"AGGTGGGAAGTTCG-1","pbmc3k",2473,788,1.37484836231298,"0","0"
"AGGTGTTGGTTACG-1","pbmc3k",2090,780,1.29186602870813,"3","3"
"AGGTTCGAACCTCC-1","pbmc3k",1346,561,1.85735512630015,"1","1"
"AGGTTCGAACGTAC-1","pbmc3k",1592,655,1.44472361809045,"1","1"
"AGGTTCGAGGGTGA-1","pbmc3k",1154,431,2.33968804159445,"0","0"
"AGTAAGGAGTTTGG-1","pbmc3k",1928,801,1.6597510373444,"2","2"
"AGTAAGGATTCTTG-1","pbmc3k",2893,944,0.967853439336329,"2","2"
"AGTAATACATCACG-1","pbmc3k",1831,769,2.34844347351174,"6","6"
"AGTAATACCGAACT-1","pbmc3k",1236,503,2.50809061488673,"3","3"
"AGTAATTGTCCCAC-1","pbmc3k",1892,766,1.47991543340381,"2","2"
"AGTACGTGAGGGTG-1","pbmc3k",2386,776,1.63453478625314,"0","0"
"AGTACGTGCTGCAA-1","pbmc3k",2998,967,1.26751167444963,"0","0"
"AGTACGTGCTTGGA-1","pbmc3k",3503,986,1.22751926919783,"2","2"
"AGTACTCTACGTGT-1","pbmc3k",1603,653,1.87149095446039,"3","3"
"AGTACTCTCAACCA-1","pbmc3k",1766,762,4.86976217440544,"4","4"
"AGTACTCTCGGTAT-1","pbmc3k",2063,882,1.55113911778963,"2","2"
"AGTAGGCTTGCCTC-1","pbmc3k",3555,1230,2.78481012658228,"5","5"
"AGTATAACTTGTCT-1","pbmc3k",4454,1498,3.21059721598563,"5","5"
"AGTATCCTAGAACA-1","pbmc3k",1824,625,0.87719298245614,"0","0"
"AGTCACGATGAGCT-1","pbmc3k",3717,1378,1.45278450363196,"6","6"
"AGTCAGACGAATAG-1","pbmc3k",3303,1168,1.66515289131093,"2","2"
"AGTCAGACGCTTAG-1","pbmc3k",1011,491,3.16518298714144,"0","0"
"AGTCAGACTAGAGA-1","pbmc3k",1992,831,1.90763052208835,"4","4"
"AGTCAGACTGCACA-1","pbmc3k",2820,924,1.48936170212766,"2","2"
"AGTCCAGATATCTC-1","pbmc3k",1746,581,1.94730813287514,"0","0"
"AGTCCAGATTTCAC-1","pbmc3k",2095,842,1.57517899761337,"2","2"
"AGTCGAACCAACCA-1","pbmc3k",1546,595,2.32858990944373,"0","0"
"AGTCGCCTCCGTAA-1","pbmc3k",2231,811,0.761990138951143,"2","2"
"AGTCTACTAGGGTG-1","pbmc3k",1190,540,0.92436974789916,"1","1"
"AGTCTACTTGCATG-1","pbmc3k",5201,1569,3.32628340703711,"5","5"
"AGTCTTACACCACA-1","pbmc3k",2421,754,1.85873605947955,"0","0"
"AGTCTTACTTCGCC-1","pbmc3k",2126,851,3.57478833490122,"4","4"
"AGTCTTACTTCGGA-1","pbmc3k",663,273,0.754147812971342,"8","8"
"AGTGACTGCAACTG-1","pbmc3k",4696,1412,3.08773424190801,"5","5"
"AGTGTTCTAACCTG-1","pbmc3k",2858,872,0.944716585024493,"2","2"
"AGTGTTCTATAAGG-1","pbmc3k",1308,558,2.29357798165138,"0","0"
"AGTGTTCTCACTTT-1","pbmc3k",2772,907,1.22655122655123,"1","1"
"AGTTAAACCACTTT-1","pbmc3k",3021,948,2.71433300231711,"2","2"
"AGTTATGAACAGTC-1","pbmc3k",3623,1174,1.62848468120342,"1","1"
"AGTTATGACTGAGT-1","pbmc3k",2087,946,0.574988021082894,"2","2"
"AGTTATGAGTTCAG-1","pbmc3k",2862,904,2.93501048218029,"2","2"
"AGTTCTACCAGCTA-1","pbmc3k",1632,737,2.45098039215686,"1","1"
"AGTTCTTGAAGCCT-1","pbmc3k",1278,603,2.8169014084507,"4","4"
"AGTTGTCTACTACG-1","pbmc3k",2877,841,1.94647201946472,"0","0"
"AGTTTAGATGGTCA-1","pbmc3k",1395,606,2.43727598566308,"0","0"
"AGTTTCACGGTCTA-1","pbmc3k",2519,1078,1.15125049622866,"4","4"
"AGTTTGCTACAGTC-1","pbmc3k",2090,666,1.77033492822967,"0","0"
"AGTTTGCTACTGGT-1","pbmc3k",1940,783,3.35051546391753,"6","6"
"AGTTTGCTCCAAGT-1","pbmc3k",2050,726,0.536585365853659,"0","0"
"ATAAACACAGTGCT-1","pbmc3k",2500,978,1.84,"3","3"
"ATAAACACCACCAA-1","pbmc3k",2917,940,3.66815221117587,"0","0"
"ATAACAACATGCTG-1","pbmc3k",2231,994,3.04796055580457,"1","1"
"ATAACAACGTCTAG-1","pbmc3k",1670,653,2.87425149700599,"0","0"
"ATAACAACTTTGTC-1","pbmc3k",3129,1010,2.33301374240972,"0","0"
"ATAACATGTACTCT-1","pbmc3k",2775,986,1.44144144144144,"2","2"
"ATAACCCTGTTGGT-1","pbmc3k",1638,591,3.05250305250305,"0","0"
"ATAACCCTTGGTAC-1","pbmc3k",2947,1039,0.610790634543604,"2","2"
"ATAAGTACGAATGA-1","pbmc3k",1560,623,1.66666666666667,"3","3"
"ATAAGTTGGTACGT-1","pbmc3k",1354,581,2.43722304283604,"5","5"
"ATAAGTTGTCTAGG-1","pbmc3k",2337,813,3.46598202824133,"2","2"
"ATAATCGAGCTGAT-1","pbmc3k",1385,569,1.94945848375451,"3","3"
"ATAATCGATGGTTG-1","pbmc3k",2348,775,0.55366269165247,"0","0"
"ATAATGACCTACTT-1","pbmc3k",2212,819,1.22061482820976,"2","2"
"ATAATGACTCGTGA-1","pbmc3k",1842,714,2.55157437567861,"1","1"
"ATACAATGTTAGGC-1","pbmc3k",2145,735,1.67832167832168,"0","0"
"ATACCACTCGTACA-1","pbmc3k",2893,953,2.07397165572071,"1","1"
"ATACCACTCTAAGC-1","pbmc3k",4132,1173,2.42013552758955,"7","7"
"ATACCACTGCCAAT-1","pbmc3k",1579,742,3.35655478150728,"6","6"
"ATACCGGAATGCTG-1","pbmc3k",6580,1859,2.29483282674772,"7","7"
"ATACCGGACATTTC-1","pbmc3k",2213,841,1.89787618617262,"1","1"
"ATACCGGACTTCGC-1","pbmc3k",2693,943,2.22799851466766,"2","2"
"ATACCGGAGGTGTT-1","pbmc3k",2129,783,2.16063879755754,"1","1"
"ATACCGGATCTCGC-1","pbmc3k",1748,638,2.68878718535469,"0","0"
"ATACCTACGCATCA-1","pbmc3k",2759,922,2.02972091337441,"2","2"
"ATACCTTGGGGCAA-1","pbmc3k",3676,934,1.38737758433079,"0","0"
"ATACGGACAGACTC-1","pbmc3k",877,431,4.10490307867731,"1","1"
"ATACGGACCTACTT-1","pbmc3k",1042,490,2.20729366602687,"1","1"
"ATACGGACGAGGTG-1","pbmc3k",1215,529,3.12757201646091,"3","3"
"ATACGGACTATGCG-1","pbmc3k",1472,522,2.17391304347826,"3","3"
"ATACGGACTCTGGA-1","pbmc3k",1468,618,3.47411444141689,"1","1"
"ATACGTCTTAACGC-1","pbmc3k",2010,748,4.5273631840796,"1","1"
"ATACTCTGCTTCGC-1","pbmc3k",4471,1331,2.16953701632744,"1","1"
"ATACTCTGGTATGC-1","pbmc3k",1618,833,2.16316440049444,"6","6"
"ATAGATACCATGGT-1","pbmc3k",2179,786,1.8357044515833,"2","2"
"ATAGATACGACGAG-1","pbmc3k",2122,701,2.6861451460886,"0","0"
"ATAGATTGGTGTAC-1","pbmc3k",2746,889,2.00291332847779,"3","3"
"ATAGCCGAACGGAG-1","pbmc3k",2094,692,2.67430754536772,"0","0"
"ATAGCGTGCAGATC-1","pbmc3k",2444,780,1.06382978723404,"2","2"
"ATAGCGTGCCCTTG-1","pbmc3k",2997,937,1.13446780113447,"1","1"
"ATAGCGTGGTATCG-1","pbmc3k",1068,470,1.77902621722846,"1","1"
"ATAGCGTGTCTCTA-1","pbmc3k",2272,838,1.84859154929577,"2","2"
"ATAGCTCTCTGATG-1","pbmc3k",1163,529,2.92347377472055,"0","0"
"ATAGCTCTGAGGTG-1","pbmc3k",1974,728,2.12765957446809,"0","0"
"ATAGGAGAAACAGA-1","pbmc3k",3553,1083,2.19532789192232,"1","1"
"ATAGGCTGTCAGAC-1","pbmc3k",2171,800,1.65822201750345,"0","0"
"ATAGTCCTAGTGTC-1","pbmc3k",2203,884,2.13345438039038,"1","1"
"ATAGTCCTTGCATG-1","pbmc3k",2055,815,0.778588807785888,"4","4"
"ATAGTCCTTGTCGA-1","pbmc3k",2658,852,1.12866817155756,"0","0"
"ATAGTTGACAACTG-1","pbmc3k",2182,744,1.60403299725023,"0","0"
"ATAGTTGACCCTCA-1","pbmc3k",4272,1317,1.87265917602996,"5","5"
"ATAGTTGAGACGTT-1","pbmc3k",2027,542,3.00937345831278,"0","0"
"ATAGTTGATAAGCC-1","pbmc3k",1870,696,1.65775401069519,"0","0"
"ATATACGAAGCCAT-1","pbmc3k",2505,872,1.63672654690619,"0","0"
"ATATACGAATTGGC-1","pbmc3k",3930,1150,1.32315521628499,"2","2"
"ATATAGTGGAATGA-1","pbmc3k",1061,466,2.92177191328935,"1","1"
"ATATGCCTAGATCC-1","pbmc3k",1910,725,2.04188481675393,"1","1"
"ATATGCCTGGACAG-1","pbmc3k",3508,1026,2.16647662485747,"2","2"
"ATATGCCTTCTCTA-1","pbmc3k",1090,479,1.37614678899083,"2","2"
"ATATGCCTTGGTAC-1","pbmc3k",2020,727,1.73267326732673,"0","0"
"ATCAAATGAGCCTA-1","pbmc3k",2561,925,3.12377977352597,"1","1"
"ATCAAATGGGTAAA-1","pbmc3k",4209,1280,2.2808267997149,"5","5"
"ATCAACCTAAACGA-1","pbmc3k",2638,907,0.833965125094769,"2","2"
"ATCAACCTGAGGAC-1","pbmc3k",2311,832,2.7260926006058,"0","0"
"ATCAACCTTCTCTA-1","pbmc3k",2504,1023,2.99520766773163,"4","4"
"ATCAACCTTTGTCT-1","pbmc3k",2571,837,1.90587320108907,"4","4"
"ATCACACTTTGTCT-1","pbmc3k",2559,899,2.11019929660023,"2","2"
"ATCACGGATTTCGT-1","pbmc3k",1788,733,2.18120805369128,"3","3"
"ATCATCTGACACCA-1","pbmc3k",736,366,0.679347826086957,"8","8"
"ATCATGCTAGAGTA-1","pbmc3k",848,457,3.41981132075472,"4","4"
"ATCATGCTGAACCT-1","pbmc3k",3164,1029,2.33881163084703,"3","3"
"ATCCAGGACGCTAA-1","pbmc3k",3754,1277,1.2519978689398,"5","5"
"ATCCAGGATGGAAA-1","pbmc3k",2125,753,1.27058823529412,"2","2"
"ATCCATACTCCTTA-1","pbmc3k",1622,660,2.52774352651048,"1","1"
"ATCCATACTTCATC-1","pbmc3k",3914,1321,2.37608584568217,"5","5"
"ATCCCGTGCAGTCA-1","pbmc3k",1995,1002,1.95488721804511,"6","6"
"ATCCCGTGCATGCA-1","pbmc3k",775,358,2.83870967741935,"3","3"
"ATCCCGTGGCTGAT-1","pbmc3k",2155,770,1.80974477958237,"3","3"
"ATCCGCACGCATCA-1","pbmc3k",2341,813,2.09312259718069,"3","3"
"ATCCTAACGACGGA-1","pbmc3k",1776,634,3.65990990990991,"3","3"
"ATCCTAACGCTACA-1","pbmc3k",2062,922,1.69738118331717,"4","4"
"ATCGACGAAACTGC-1","pbmc3k",3305,1181,1.11951588502269,"1","1"
"ATCGACGAATGACC-1","pbmc3k",2867,901,3.66236484129752,"0","0"
"ATCGAGTGGACGTT-1","pbmc3k",1972,815,1.67342799188641,"4","4"
"ATCGCAGAATCTCT-1","pbmc3k",4337,1418,2.55937283836754,"5","5"
"ATCGCAGAGTGTCA-1","pbmc3k",2108,770,1.47058823529412,"3","3"
"ATCGCCACTGAGGG-1","pbmc3k",1687,706,2.8452874925904,"4","4"
"ATCGCCTGGGTCAT-1","pbmc3k",2874,952,2.01809324982603,"0","0"
"ATCGCCTGTGGCAT-1","pbmc3k",756,348,1.71957671957672,"3","3"
"ATCGCGCTCAGAGG-1","pbmc3k",1841,715,3.31341662140141,"1","1"
"ATCGCGCTGGGATG-1","pbmc3k",2731,869,1.46466495789088,"2","2"
"ATCGCGCTTTTCGT-1","pbmc3k",1779,715,2.58572231590781,"3","3"
"ATCGGAACCAGTCA-1","pbmc3k",1199,550,0.91743119266055,"0","0"
"ATCGGTGAGTCAAC-1","pbmc3k",1885,689,1.69761273209549,"0","0"
"ATCGGTGATTGCAG-1","pbmc3k",2901,947,2.89555325749741,"0","0"
"ATCGTTTGCCTACC-1","pbmc3k",3402,1155,2.23398001175779,"1","1"
"ATCGTTTGGGTACT-1","pbmc3k",1764,689,3.28798185941043,"1","1"
"ATCGTTTGTGCCAA-1","pbmc3k",737,383,1.89959294436906,"1","1"
"ATCTACACCCGCTT-1","pbmc3k",753,373,1.72642762284197,"1","1"
"ATCTACACCGGGAA-1","pbmc3k",2450,878,0.73469387755102,"0","0"
"ATCTCAACAGGAGC-1","pbmc3k",1914,696,2.2466039707419,"3","3"
"ATCTCAACCTCGAA-1","pbmc3k",609,246,0,"0","0"
"ATCTCAACCTTGTT-1","pbmc3k",2135,830,2.10772833723653,"1","1"
"ATCTGGGAAACCAC-1","pbmc3k",2418,1004,2.06782464846981,"1","1"
"ATCTGGGAAGTGTC-1","pbmc3k",3474,1178,1.72711571675302,"1","1"
"ATCTGGGATTCCGC-1","pbmc3k",2770,973,2.63537906137184,"4","4"
"ATCTGTTGAACGGG-1","pbmc3k",2309,855,1.60242529233434,"2","2"
"ATCTGTTGACCTCC-1","pbmc3k",2711,976,1.40169679085208,"0","0"
"ATCTGTTGCCTTCG-1","pbmc3k",5197,1550,1.80873580912065,"5","5"
"ATCTGTTGGTTGCA-1","pbmc3k",2910,964,1.30584192439863,"2","2"
"ATCTTGACACCAAC-1","pbmc3k",2702,907,1.03626943005181,"2","2"
"ATCTTGACCTCCCA-1","pbmc3k",1399,565,3.14510364546104,"1","1"
"ATCTTTCTGCATCA-1","pbmc3k",875,415,1.48571428571429,"4","4"
"ATCTTTCTGTTTCT-1","pbmc3k",2364,905,1.01522842639594,"4","4"
"ATCTTTCTTGTCCC-1","pbmc3k",1911,923,3.50601779173208,"6","6"
"ATGAAACTCTGTGA-1","pbmc3k",3205,966,1.12324492979719,"2","2"
"ATGAAACTGAGGCA-1","pbmc3k",1972,657,2.23123732251521,"0","0"
"ATGAAGGAACAGCT-1","pbmc3k",1474,724,1.83175033921303,"4","4"
"ATGAAGGACCTGTC-1","pbmc3k",2047,743,3.76160234489497,"3","3"
"ATGAAGGACCTTAT-1","pbmc3k",859,381,2.44470314318976,"3","3"
"ATGAAGGACTAGTG-1","pbmc3k",712,384,1.96629213483146,"3","3"
"ATGAAGGACTTGCC-1","pbmc3k",1799,904,1.50083379655364,"6","6"
"ATGACGTGACGACT-1","pbmc3k",1881,645,1.16959064327485,"3","3"
"ATGACGTGATCGGT-1","pbmc3k",3623,1167,3.61578802097709,"5","5"
"ATGAGAGAAAGTGA-1","pbmc3k",2879,935,0.729419937478291,"2","2"
"ATGAGAGAACGCAT-1","pbmc3k",2348,722,1.10732538330494,"0","0"
"ATGAGAGAAGTAGA-1","pbmc3k",1575,618,3.36507936507937,"3","3"
"ATGAGCACACAGCT-1","pbmc3k",3383,1034,1.92137156370086,"0","0"
"ATGAGCACATCTTC-1","pbmc3k",2598,852,1.19322555812163,"0","0"
"ATGATAACTTCACT-1","pbmc3k",1522,807,1.05124835742444,"6","6"
"ATGATATGAAACAG-1","pbmc3k",4921,1399,1.58504369030685,"2","2"
"ATGATATGACTGGT-1","pbmc3k",2341,760,2.09312259718069,"0","0"
"ATGATATGAGCACT-1","pbmc3k",2188,740,1.23400365630713,"0","0"
"ATGATATGGTCATG-1","pbmc3k",1768,687,1.69683257918552,"0","0"
"ATGATATGGTGCTA-1","pbmc3k",1974,929,2.7355623100304,"6","6"
"ATGATATGTTGTCT-1","pbmc3k",2991,1095,2.70812437311936,"1","1"
"ATGCACGAATGTCG-1","pbmc3k",1380,600,3.18840579710145,"3","3"
"ATGCACGACTGTAG-1","pbmc3k",1477,650,1.6926201760325,"2","2"
"ATGCACGAGAACCT-1","pbmc3k",2622,893,1.3348588863463,"3","3"
"ATGCACGAGTTCGA-1","pbmc3k",1919,681,1.98019801980198,"0","0"
"ATGCACGATTGGTG-1","pbmc3k",4854,1551,1.9365471775855,"1","1"
"ATGCAGTGTTACCT-1","pbmc3k",1395,603,2.07885304659498,"3","3"
"ATGCAGTGTTCTAC-1","pbmc3k",2330,820,3.13304721030043,"2","2"
"ATGCCAGAACGACT-1","pbmc3k",2167,803,1.98431010613752,"0","0"
"ATGCCAGACAGTCA-1","pbmc3k",1323,646,2.87226001511716,"1","1"
"ATGCCGCTTGAACC-1","pbmc3k",2460,914,2.72357723577236,"1","1"
"ATGCGATGCTATGG-1","pbmc3k",2996,940,3.33778371161549,"1","1"
"ATGCGATGCTGAGT-1","pbmc3k",2539,846,1.53603781016148,"0","0"
"ATGCGATGGTTACG-1","pbmc3k",2229,794,1.34589502018843,"3","3"
"ATGCGCCTTCATTC-1","pbmc3k",2542,769,2.63571990558615,"0","0"
"ATGCTTTGCGAATC-1","pbmc3k",2481,948,2.94236195082628,"2","2"
"ATGCTTTGGGCGAA-1","pbmc3k",1082,515,2.31053604436229,"4","4"
"ATGCTTTGTAGTCG-1","pbmc3k",1680,662,1.60714285714286,"3","3"
"ATGGACACATCGGT-1","pbmc3k",3092,999,1.52005174644243,"2","2"
"ATGGACACGCATCA-1","pbmc3k",1025,637,2.73170731707317,"6","6"
"ATGGGTACAACCTG-1","pbmc3k",1346,617,2.82317979197623,"3","3"
"ATGGGTACATCGGT-1","pbmc3k",1873,907,1.65509877202349,"6","6"
"ATGGGTACTATTCC-1","pbmc3k",2243,960,0.891662951404369,"2","2"
"ATGGGTACTGGGAG-1","pbmc3k",2458,812,1.5459723352319,"2","2"
"ATGTAAACACCTCC-1","pbmc3k",2155,791,1.76334106728538,"0","0"
"ATGTAAACCCGCTT-1","pbmc3k",2956,1040,1.3531799729364,"2","2"
"ATGTAAACGGGATG-1","pbmc3k",3960,1342,3.53535353535354,"7","7"
"ATGTAAACTCTCCG-1","pbmc3k",4766,1323,2.62274443978179,"2","2"
"ATGTAAACTTCACT-1","pbmc3k",2704,978,2.44082840236686,"1","1"
"ATGTACCTCAGTCA-1","pbmc3k",2075,672,2.45783132530121,"0","0"
"ATGTACCTTAGTCG-1","pbmc3k",2213,936,0.406687754179846,"2","2"
"ATGTACCTTTATCC-1","pbmc3k",1535,630,2.60586319218241,"1","1"
"ATGTACCTTTCACT-1","pbmc3k",2520,1023,1.62698412698413,"4","4"
"ATGTCACTAATGCC-1","pbmc3k",3557,1134,1.96795052010121,"1","1"
"ATGTCACTCTGCTC-1","pbmc3k",1015,498,3.44827586206897,"0","0"
"ATGTCGGAGGTGAG-1","pbmc3k",2364,948,1.86125211505922,"2","2"
"ATGTTCACAGTCTG-1","pbmc3k",1917,800,1.98226395409494,"1","1"
"ATGTTCACCGTAGT-1","pbmc3k",2456,847,2.85016286644951,"2","2"
"ATGTTGCTTTCAGG-1","pbmc3k",2014,739,1.43992055610725,"2","2"
"ATTAACGATGAGAA-1","pbmc3k",1291,604,4.10534469403563,"6","6"
"ATTAACGATGCAAC-1","pbmc3k",2025,863,1.23456790123457,"4","4"
"ATTAAGACTGCAGT-1","pbmc3k",3364,1074,1.7538644470868,"2","2"
"ATTACCTGCCTTAT-1","pbmc3k",3534,1104,1.55631013016412,"1","1"
"ATTACCTGGAGGAC-1","pbmc3k",3447,1109,0.986364955033362,"5","5"
"ATTAGATGTTTCAC-1","pbmc3k",2060,623,1.45631067961165,"0","0"
"ATTATGGAATCTCT-1","pbmc3k",2732,1006,0.915080527086384,"2","2"
"ATTCAAGAACGGGA-1","pbmc3k",3044,907,2.16819973718791,"0","0"
"ATTCAAGACCTTTA-1","pbmc3k",1973,814,2.12873796249366,"2","2"
"ATTCAGCTCATTGG-1","pbmc3k",916,345,2.94759825327511,"8","8"
"ATTCCAACCATTGG-1","pbmc3k",2894,1061,3.17899101589496,"1","1"
"ATTCCAACTTAGGC-1","pbmc3k",1895,800,2.32189973614776,"6","6"
"ATTCGACTCACTAG-1","pbmc3k",1771,749,1.46809712027103,"4","4"
"ATTCGACTGAATAG-1","pbmc3k",2063,778,1.84197770237518,"1","1"
"ATTCGACTTTTGTC-1","pbmc3k",2614,1024,2.41009946442234,"5","5"
"ATTCGGGAAAGGCG-1","pbmc3k",2999,1032,2.00066688896299,"1","1"
"ATTCGGGATTAGGC-1","pbmc3k",3250,1038,0.707692307692308,"2","2"
"ATTCTTCTGATACC-1","pbmc3k",1721,653,2.03370133643231,"4","4"
"ATTGAATGGACGGA-1","pbmc3k",1529,630,2.6160889470242,"0","0"
"ATTGATGAAGGTTC-1","pbmc3k",2344,755,2.47440273037543,"0","0"
"ATTGATGACTGAGT-1","pbmc3k",2789,850,1.39835066332019,"0","0"
"ATTGATGAGCGAAG-1","pbmc3k",2290,850,1.57205240174673,"2","2"
"ATTGATGATCTATC-1","pbmc3k",2246,796,2.27070347284061,"0","0"
"ATTGCACTGACGGA-1","pbmc3k",3061,860,2.15615811826201,"0","0"
"ATTGCACTGAGAGC-1","pbmc3k",2965,1078,1.72006745362563,"5","5"
"ATTGCACTGGAGCA-1","pbmc3k",1621,690,2.59099321406539,"1","1"
"ATTGCACTTAGCCA-1","pbmc3k",2391,862,0.878293601003764,"2","2"
"ATTGCACTTGCTTT-1","pbmc3k",4888,1519,2.20949263502455,"5","5"
"ATTGCTTGTTACTC-1","pbmc3k",2437,836,1.88756668034469,"3","3"
"ATTGGTCTGACTAC-1","pbmc3k",2507,966,2.27363382528919,"3","3"
"ATTGGTCTTGTCTT-1","pbmc3k",752,389,1.32978723404255,"3","3"
"ATTGTAGATTCCCG-1","pbmc3k",5496,1647,2.31077147016012,"7","7"
"ATTGTAGATTGCAG-1","pbmc3k",2589,808,2.78099652375435,"0","0"
"ATTGTCTGCGTACA-1","pbmc3k",2317,885,1.8990073370738,"2","2"
"ATTTAGGAACCATG-1","pbmc3k",5677,1662,2.85361986964946,"5","5"
"ATTTAGGACAGAGG-1","pbmc3k",2433,918,1.06863953966297,"2","2"
"ATTTCCGAGATGAA-1","pbmc3k",2447,853,4.53616673477728,"2","2"
"ATTTCCGAGTGCTA-1","pbmc3k",1907,806,2.98898793917147,"2","2"
"ATTTCGTGTATGGC-1","pbmc3k",2244,859,2.09447415329768,"4","4"
"ATTTCTCTACTTTC-1","pbmc3k",4148,1273,2.86885245901639,"5","5"
"ATTTCTCTAGCAAA-1","pbmc3k",2439,985,1.3530135301353,"2","2"
"ATTTCTCTCACTTT-1","pbmc3k",3223,1079,2.04778156996587,"5","5"
"ATTTCTCTTCCCAC-1","pbmc3k",1973,677,1.36847440446021,"0","0"
"ATTTGCACAAGATG-1","pbmc3k",1525,626,4.19672131147541,"1","1"
"CAAAGCACAGCTCA-1","pbmc3k",2392,830,1.33779264214047,"0","0"
"CAAAGCACCGTAAC-1","pbmc3k",2344,826,1.79180887372014,"3","3"
"CAAAGCACGGTAAA-1","pbmc3k",2136,1007,1.40449438202247,"4","4"
"CAAAGCTGAAAGTG-1","pbmc3k",1234,547,3.16045380875203,"0","0"
"CAAAGCTGTTGCTT-1","pbmc3k",2484,891,2.37520128824477,"1","1"
"CAAATATGTGACAC-1","pbmc3k",2407,722,2.36809306190278,"0","0"
"CAAATTGAGGGCAA-1","pbmc3k",1988,656,1.96177062374245,"0","0"
"CAAATTGATGGAGG-1","pbmc3k",845,414,3.90532544378698,"1","1"
"CAACCAGAAAAGTG-1","pbmc3k",2234,770,2.50671441360788,"0","0"
"CAACCAGAAGTGCT-1","pbmc3k",4328,1262,2.56469500924214,"2","2"
"CAACCAGAGTTCAG-1","pbmc3k",3776,1218,2.88665254237288,"1","1"
"CAACCAGATAGAAG-1","pbmc3k",738,364,1.8970189701897,"1","1"
"CAACCGCTGTTCAG-1","pbmc3k",1990,660,3.5678391959799,"0","0"
"CAACCGCTTTGAGC-1","pbmc3k",2299,805,2.39234449760766,"2","2"
"CAACGATGCGCAAT-1","pbmc3k",4517,1407,2.05888864290458,"1","1"
"CAACGTGACTCCAC-1","pbmc3k",2996,1091,2.93724966622163,"1","1"
"CAACGTGAGCCATA-1","pbmc3k",1667,779,1.25974805038992,"4","4"
"CAACGTGATCAAGC-1","pbmc3k",2365,898,2.19873150105708,"1","1"
"CAAGAAGACCACAA-1","pbmc3k",2019,828,3.61565131253096,"4","4"
"CAAGAAGACGTCTC-1","pbmc3k",3487,1241,2.3802695726986,"1","1"
"CAAGAAGATTCTAC-1","pbmc3k",2798,862,1.28663330950679,"0","0"
"CAAGACTGACCTGA-1","pbmc3k",1669,576,1.91731575793889,"3","3"
"CAAGACTGAGTAGA-1","pbmc3k",2611,900,1.80007659900421,"3","3"
"CAAGCTGACCATAG-1","pbmc3k",3771,1272,2.86396181384248,"5","5"
"CAAGCTGATCTATC-1","pbmc3k",1959,851,0.867789688616641,"4","4"
"CAAGGACTGTTCAG-1","pbmc3k",3129,1002,2.36497283477149,"0","0"
"CAAGGACTTCTTTG-1","pbmc3k",1688,719,3.49526066350711,"4","4"
"CAAGGTTGCTCCAC-1","pbmc3k",1893,760,1.743264659271,"2","2"
"CAAGGTTGTCATTC-1","pbmc3k",1864,679,3.2725321888412,"3","3"
"CAAGGTTGTCTGGA-1","pbmc3k",2040,957,1.91176470588235,"6","6"
"CAAGTCGAAACAGA-1","pbmc3k",2294,831,4.75152571926765,"3","3"
"CAAGTCGATAGCGT-1","pbmc3k",1723,723,3.36622170632618,"1","1"
"CAATAAACGCCATA-1","pbmc3k",829,354,3.49819059107358,"1","1"
"CAATAATGAACTGC-1","pbmc3k",2252,760,3.10834813499112,"1","1"
"CAATATGACATGGT-1","pbmc3k",2766,910,2.7114967462039,"2","2"
"CAATATGACCTTCG-1","pbmc3k",1878,749,1.81043663471778,"4","4"
"CAATATGACGTTAG-1","pbmc3k",1690,625,3.25443786982249,"0","0"
"CAATATGAGGAGCA-1","pbmc3k",3036,869,1.28458498023715,"0","0"
"CAATCGGAGAAACA-1","pbmc3k",2629,794,1.14111829593001,"0","0"
"CAATCTACTGACTG-1","pbmc3k",2744,1078,1.93148688046647,"6","6"
"CAATTCACCCAACA-1","pbmc3k",1845,736,3.03523035230352,"4","4"
"CAATTCACGATAGA-1","pbmc3k",2478,834,1.57384987893462,"0","0"
"CAATTCACTTGTGG-1","pbmc3k",1032,402,1.74418604651163,"0","0"
"CAATTCTGCTTGTT-1","pbmc3k",3340,1200,2.30538922155689,"1","1"
"CAATTCTGGCGTAT-1","pbmc3k",1684,699,3.74109263657957,"5","5"
"CACAACGATACGAC-1","pbmc3k",2403,753,2.87141073657928,"0","0"
"CACAATCTTGTTCT-1","pbmc3k",1546,696,1.9404915912031,"4","4"
"CACAATCTTTCCAT-1","pbmc3k",3851,1227,2.54479356011426,"2","2"
"CACACCTGCTTGAG-1","pbmc3k",1594,637,1.00376411543287,"0","0"
"CACACCTGTATGGC-1","pbmc3k",1875,666,4.74666666666667,"0","0"
"CACAGAACCCTTGC-1","pbmc3k",2017,844,3.02429350520575,"3","3"
"CACAGAACCTGATG-1","pbmc3k",2837,1035,3.87733521325344,"2","2"
"CACAGATGGGATTC-1","pbmc3k",3229,1026,1.98203778259523,"2","2"
"CACAGATGGTTTCT-1","pbmc3k",2088,829,1.53256704980843,"1","1"
"CACAGCCTGATACC-1","pbmc3k",2829,997,2.54506892895016,"4","4"
"CACAGCCTTGCCAA-1","pbmc3k",2292,940,2.92321116928447,"5","5"
"CACAGCCTTGTAGC-1","pbmc3k",2553,889,1.44927536231884,"0","0"
"CACAGTGATGAAGA-1","pbmc3k",3015,1006,2.75290215588723,"1","1"
"CACATACTACAGCT-1","pbmc3k",1852,710,1.5658747300216,"4","4"
"CACATGGAACACGT-1","pbmc3k",2961,989,1.24957784532253,"0","0"
"CACATGGAAGTCGT-1","pbmc3k",2450,722,2.44897959183673,"0","0"
"CACCACTGCCAACA-1","pbmc3k",2259,745,2.08056662239929,"0","0"
"CACCACTGGCGAAG-1","pbmc3k",2217,917,1.44339197113216,"6","6"
"CACCCATGTTCTGT-1","pbmc3k",561,333,4.45632798573975,"4","4"
"CACCGGGAATCGAC-1","pbmc3k",2879,1042,1.11149704758597,"2","2"
"CACCGGGACGAGAG-1","pbmc3k",2587,894,2.04870506378044,"4","4"
"CACCGGGACGTGTA-1","pbmc3k",3096,873,1.80878552971576,"0","0"
"CACCGGGACTTCTA-1","pbmc3k",4295,1610,4.09778812572759,"2","2"
"CACCGGGACTTGCC-1","pbmc3k",1792,724,4.96651785714286,"4","4"
"CACCGGGATTCGGA-1","pbmc3k",2328,928,3.60824742268041,"4","4"
"CACCGTACTAAGGA-1","pbmc3k",1656,600,2.47584541062802,"3","3"
"CACCGTACTAGCGT-1","pbmc3k",2714,861,2.10022107590273,"0","0"
"CACCTGACACCCAA-1","pbmc3k",2229,908,1.83938986092418,"4","4"
"CACCTGACCAGAAA-1","pbmc3k",1694,657,2.18417945690673,"2","2"
"CACCTGACCTCAAG-1","pbmc3k",1929,775,2.12545360290306,"4","4"
"CACCTGACGAAAGT-1","pbmc3k",1806,723,1.32890365448505,"3","3"
"CACCTGACTCGTAG-1","pbmc3k",2118,753,2.64400377714825,"0","0"
"CACGAAACTTCCGC-1","pbmc3k",2110,740,1.70616113744076,"3","3"
"CACGACCTCGATAC-1","pbmc3k",1766,690,2.15175537938845,"3","3"
"CACGCTACAGAAGT-1","pbmc3k",683,378,3.22108345534407,"0","0"
"CACGCTACTGTTCT-1","pbmc3k",1447,607,2.34968901174845,"3","3"
"CACGGGACAGAGTA-1","pbmc3k",2966,924,2.25893459204316,"0","0"
"CACGGGACATAAGG-1","pbmc3k",2340,777,1.58119658119658,"0","0"
"CACGGGACGTAGGG-1","pbmc3k",2651,967,0.678989060731799,"2","2"
"CACGGGTGCTTCGC-1","pbmc3k",1789,826,1.22973728339855,"4","4"
"CACGGGTGGAGGAC-1","pbmc3k",1595,709,2.44514106583072,"6","6"
"CACGGGTGTGTTTC-1","pbmc3k",897,385,1.00334448160535,"0","0"
"CACTAACTCCTAAG-1","pbmc3k",1604,689,1.80798004987531,"3","3"
"CACTAACTGAAAGT-1","pbmc3k",2278,767,1.14135206321334,"0","0"
"CACTAGGATGATGC-1","pbmc3k",1219,554,2.05086136177194,"3","3"
"CACTATACCCCGTT-1","pbmc3k",2567,889,1.44137125048695,"3","3"
"CACTATACGTTTGG-1","pbmc3k",1839,760,2.77324632952692,"4","4"
"CACTGAGACAGTCA-1","pbmc3k",726,366,3.85674931129477,"1","1"
"CACTGCACTTCATC-1","pbmc3k",1915,729,2.45430809399478,"2","2"
"CACTGCTGAGACTC-1","pbmc3k",3138,1102,2.32632249840663,"5","5"
"CACTGCTGGAAAGT-1","pbmc3k",3107,943,1.86675249436756,"2","2"
"CACTTAACCGAATC-1","pbmc3k",2252,831,4.84014209591474,"2","2"
"CACTTAACCGTACA-1","pbmc3k",1521,674,2.69559500328731,"3","3"
"CACTTTGACTCTAT-1","pbmc3k",1551,651,2.19213410702772,"4","4"
"CACTTTGAGCTGTA-1","pbmc3k",802,418,1.49625935162095,"4","4"
"CAGAAGCTCTCAAG-1","pbmc3k",2252,723,1.77619893428064,"0","0"
"CAGACATGAACGGG-1","pbmc3k",2327,745,1.28921357971637,"0","0"
"CAGACATGTCGACA-1","pbmc3k",2517,870,1.90703218116806,"2","2"
"CAGACCCTAAGGTA-1","pbmc3k",4164,1334,2.97790585975024,"5","5"
"CAGACCCTAATGCC-1","pbmc3k",2291,862,4.8886948930598,"0","0"
"CAGACCCTAGGAGC-1","pbmc3k",2716,934,2.17231222385862,"2","2"
"CAGACTGAGTATGC-1","pbmc3k",2711,843,2.02877167097012,"0","0"
"CAGATCGAATGTCG-1","pbmc3k",2191,720,4.3815609310817,"3","3"
"CAGATCGACCTGAA-1","pbmc3k",920,431,3.47826086956522,"4","4"
"CAGATCGATATGGC-1","pbmc3k",2546,782,0.981932443047918,"2","2"
"CAGATGACATTCTC-1","pbmc3k",2045,1004,2.64058679706601,"6","6"
"CAGCAATGCCTTCG-1","pbmc3k",2563,833,1.48263753413968,"0","0"
"CAGCAATGGAGGGT-1","pbmc3k",1696,838,1.82783018867925,"6","6"
"CAGCAATGGTGCTA-1","pbmc3k",2288,838,1.57342657342657,"0","0"
"CAGCAATGTCTACT-1","pbmc3k",2372,817,2.65598650927487,"1","1"
"CAGCAATGTGACCA-1","pbmc3k",1910,698,1.15183246073298,"2","2"
"CAGCAATGTGAGGG-1","pbmc3k",1075,486,2.41860465116279,"1","1"
"CAGCACCTAAGCCT-1","pbmc3k",1806,663,2.38095238095238,"0","0"
"CAGCACCTAGGCGA-1","pbmc3k",1447,576,2.34968901174845,"0","0"
"CAGCACCTGTAGGG-1","pbmc3k",3870,1289,2.91989664082687,"1","1"
"CAGCATGACAACCA-1","pbmc3k",3217,1101,3.17065589058129,"1","1"
"CAGCATGAGACGTT-1","pbmc3k",2155,824,4.08352668213457,"4","4"
"CAGCCTACCCAACA-1","pbmc3k",2801,879,0.892538379150304,"2","2"
"CAGCCTTGCTACCC-1","pbmc3k",1841,737,2.60727865290603,"1","1"
"CAGCCTTGGGGACA-1","pbmc3k",2658,900,0.978179082016554,"2","2"
"CAGCGGACACCCTC-1","pbmc3k",1884,685,2.33545647558386,"0","0"
"CAGCGGACCTTTAC-1","pbmc3k",2125,870,2.58823529411765,"6","6"
"CAGCGTCTAAAGCA-1","pbmc3k",2928,886,2.59562841530055,"2","2"
"CAGCGTCTTATCGG-1","pbmc3k",2531,872,3.87198735677598,"2","2"
"CAGCTAGATGTGAC-1","pbmc3k",1260,557,4.20634920634921,"1","1"
"CAGCTCTGAGGCGA-1","pbmc3k",1959,766,1.12302194997448,"2","2"
"CAGCTCTGCAAGCT-1","pbmc3k",1570,710,1.14649681528662,"4","4"
"CAGCTCTGTCGTAG-1","pbmc3k",3301,1134,2.27203877612845,"1","1"
"CAGCTCTGTGTGGT-1","pbmc3k",2163,1047,1.84928340268146,"6","6"
"CAGGAACTAACTGC-1","pbmc3k",2077,805,2.40731824747232,"4","4"
"CAGGAACTCTCAGA-1","pbmc3k",1752,724,1.59817351598174,"1","1"
"CAGGCCGAACACCA-1","pbmc3k",2693,972,2.11659858893427,"0","0"
"CAGGCCGAACACGT-1","pbmc3k",3917,1201,1.09777891243298,"2","2"
"CAGGCCGAACGACT-1","pbmc3k",1193,574,2.7661357921207,"0","0"
"CAGGCCGAATCTCT-1","pbmc3k",2443,837,1.26893164142448,"5","5"
"CAGGCCGACTAGCA-1","pbmc3k",2344,863,2.43174061433447,"3","3"
"CAGGGCACCATACG-1","pbmc3k",1317,545,2.80941533788914,"3","3"
"CAGGGCACCCAACA-1","pbmc3k",2240,810,2.27678571428571,"0","0"
"CAGGGCACTCCCGT-1","pbmc3k",2293,884,1.22110771914522,"2","2"
"CAGGTAACAGACTC-1","pbmc3k",2471,885,2.10441116956698,"1","1"
"CAGGTATGAGTCGT-1","pbmc3k",2131,787,1.3608634443923,"0","0"
"CAGGTATGTGCTTT-1","pbmc3k",2709,1025,1.84569952011812,"2","2"
"CAGGTTGAGGATCT-1","pbmc3k",8011,1996,2.69629259767819,"3","3"
"CAGTGATGGACGGA-1","pbmc3k",1529,643,1.24264224983649,"3","3"
"CAGTGATGGCTAAC-1","pbmc3k",1549,763,3.03421562298257,"4","4"
"CAGTGATGGGACAG-1","pbmc3k",3338,968,2.63630916716597,"2","2"
"CAGTGATGTAAGGA-1","pbmc3k",2269,800,1.71881886293521,"3","3"
"CAGTGATGTACGCA-1","pbmc3k",1013,357,3.15893385982231,"3","3"
"CAGTGTGATGTCAG-1","pbmc3k",2049,623,1.46412884333821,"0","0"
"CAGTTACTAAGGTA-1","pbmc3k",2855,992,2.80210157618214,"3","3"
"CAGTTACTGATAGA-1","pbmc3k",2189,797,1.55322064869804,"2","2"
"CAGTTGGAAAGAGT-1","pbmc3k",3686,1165,1.60065111231687,"1","1"
"CAGTTGGACATACG-1","pbmc3k",2442,830,1.8018018018018,"2","2"
"CAGTTTACACACGT-1","pbmc3k",5343,1868,1.31012539771664,"6","6"
"CAGTTTACCCCAAA-1","pbmc3k",1940,616,2.01030927835052,"0","0"
"CATAAAACGGAGCA-1","pbmc3k",2351,822,3.36027222458528,"1","1"
"CATAAATGAACTGC-1","pbmc3k",2063,647,2.71449345613185,"0","0"
"CATAACCTTCTCCG-1","pbmc3k",3061,999,1.078079059131,"2","2"
"CATACTACCTCGAA-1","pbmc3k",1776,616,1.7454954954955,"0","0"
"CATACTACCTGAAC-1","pbmc3k",2430,733,0.699588477366255,"0","0"
"CATACTACGTACCA-1","pbmc3k",1618,618,0.988875154511743,"1","1"
"CATACTTGGGTTAC-1","pbmc3k",7167,1934,2.35802985907632,"5","5"
"CATAGTCTAATCGC-1","pbmc3k",2908,856,1.82255845942228,"0","0"
"CATAGTCTCACTTT-1","pbmc3k",2710,942,3.65313653136531,"0","0"
"CATATAGACTAAGC-1","pbmc3k",2925,1028,1.64102564102564,"7","7"
"CATATAGATCAGGT-1","pbmc3k",1871,723,2.45857830037413,"3","3"
"CATCAACTAGAAGT-1","pbmc3k",3377,983,1.89517323067812,"2","2"
"CATCAACTCCCTCA-1","pbmc3k",3672,993,0.735294117647059,"0","0"
"CATCAGGACTTCCG-1","pbmc3k",1527,770,2.55402750491159,"6","6"
"CATCAGGATAGCCA-1","pbmc3k",1500,737,1.86666666666667,"6","6"
"CATCAGGATCCTAT-1","pbmc3k",5281,1582,2.42378337436092,"5","5"
"CATCAGGATGCACA-1","pbmc3k",3138,1112,2.96367112810707,"1","1"
"CATCAGGATTTCGT-1","pbmc3k",1400,614,4.14285714285714,"1","1"
"CATCATACCGCATA-1","pbmc3k",3300,1144,1.63636363636364,"1","1"
"CATCATACGGAGCA-1","pbmc3k",1486,615,3.23014804845222,"3","3"
"CATCATACTCAAGC-1","pbmc3k",2455,847,1.58859470468432,"0","0"
"CATCGCTGGGATCT-1","pbmc3k",2801,983,1.96358443413067,"2","2"
"CATCGCTGTGGCAT-1","pbmc3k",1961,676,1.12187659357471,"3","3"
"CATCGGCTATGCTG-1","pbmc3k",3314,970,1.08630054315027,"2","2"
"CATCGGCTTTGGCA-1","pbmc3k",2499,789,2.28091236494598,"2","2"
"CATCTCCTATGTGC-1","pbmc3k",2009,827,2.63812842210055,"3","3"
"CATCTCCTCGAACT-1","pbmc3k",1857,803,2.4232633279483,"1","1"
"CATGAGACACGGGA-1","pbmc3k",747,394,3.7483266398929,"3","3"
"CATGAGACGTTGAC-1","pbmc3k",1758,841,3.46985210466439,"6","6"
"CATGAGACTCGCCT-1","pbmc3k",1155,493,0.432900432900433,"0","0"
"CATGCCACGGGTGA-1","pbmc3k",2420,740,3.7603305785124,"0","0"
"CATGCCACTGCCAA-1","pbmc3k",2396,941,2.54590984974958,"2","2"
"CATGCGCTAGTCAC-1","pbmc3k",5344,1659,2.39520958083832,"5","5"
"CATGCGCTCAGATC-1","pbmc3k",2055,741,2.82238442822384,"1","1"
"CATGCGCTTTGCAG-1","pbmc3k",4790,1515,1.79540709812109,"5","5"
"CATGGCCTAGGGTG-1","pbmc3k",1346,558,2.5260029717682,"1","1"
"CATGGCCTGTGCAT-1","pbmc3k",2836,934,2.25669957686883,"0","0"
"CATGTACTATCGTG-1","pbmc3k",1617,738,1.97897340754484,"4","4"
"CATGTTACAGTCGT-1","pbmc3k",2186,779,1.92131747483989,"4","4"
"CATGTTACCTGAGT-1","pbmc3k",2258,818,1.77147918511958,"2","2"
"CATGTTTGGGGATG-1","pbmc3k",2193,813,2.09758321933425,"1","1"
"CATTACACACGGAG-1","pbmc3k",1480,578,3.98648648648649,"3","3"
"CATTACACCAACTG-1","pbmc3k",2357,1019,3.47899872719559,"6","6"
"CATTACACGGAGTG-1","pbmc3k",3899,1186,1.51320851500385,"0","0"
"CATTACACTACTCT-1","pbmc3k",2439,823,1.8860188601886,"0","0"
"CATTAGCTCCACAA-1","pbmc3k",3496,1145,3.68993135011442,"1","1"
"CATTGACTAGCGGA-1","pbmc3k",1913,755,2.82279142707789,"1","1"
"CATTGGGACTCGAA-1","pbmc3k",1396,637,3.15186246418338,"0","0"
"CATTGTACAGCGTT-1","pbmc3k",2230,827,2.24215246636771,"0","0"
"CATTGTACTCGATG-1","pbmc3k",1856,712,1.61637931034483,"3","3"
"CATTGTACTTATCC-1","pbmc3k",1616,608,2.90841584158416,"0","0"
"CATTGTACTTTGCT-1","pbmc3k",4198,1267,2.97760838494521,"5","5"
"CATTGTTGCTAGTG-1","pbmc3k",2170,680,1.47465437788018,"0","0"
"CATTTCGACTCTAT-1","pbmc3k",1790,767,2.90502793296089,"4","4"
"CATTTCGAGATACC-1","pbmc3k",2656,1118,1.09186746987952,"6","6"
"CATTTGACCACACA-1","pbmc3k",1685,728,2.9080118694362,"4","4"
"CATTTGACCCTGAA-1","pbmc3k",1728,803,1.38888888888889,"4","4"
"CATTTGTGACGACT-1","pbmc3k",2454,779,1.71149144254279,"3","3"
"CATTTGTGCATTGG-1","pbmc3k",2634,914,2.31586940015186,"0","0"
"CATTTGTGCGGAGA-1","pbmc3k",2442,733,3.76740376740377,"0","0"
"CATTTGTGGGATCT-1","pbmc3k",2460,834,1.6260162601626,"3","3"
"CCAAAGTGCTACGA-1","pbmc3k",3438,1253,2.61780104712042,"1","1"
"CCAAAGTGTGAGAA-1","pbmc3k",1051,472,2.09324452901998,"1","1"
"CCAACCTGAAGTAG-1","pbmc3k",2139,878,0.748013090229079,"4","4"
"CCAACCTGACGTAC-1","pbmc3k",2605,848,1.8426103646833,"1","1"
"CCAACCTGTTCGCC-1","pbmc3k",3211,1020,1.8997197134849,"1","1"
"CCAAGAACCCAATG-1","pbmc3k",1740,659,1.66666666666667,"2","2"
"CCAAGAACGTAGCT-1","pbmc3k",3230,1008,1.26934984520124,"0","0"
"CCAAGAACGTGTCA-1","pbmc3k",2329,744,1.2881064834693,"0","0"
"CCAAGAACTACTGG-1","pbmc3k",1765,843,2.32294617563739,"4","4"
"CCAAGAACTCCTAT-1","pbmc3k",838,391,0.71599045346062,"3","3"
"CCAAGATGTCATTC-1","pbmc3k",1713,670,0.99241097489784,"0","0"
"CCAAGATGTTTCAC-1","pbmc3k",2093,837,1.95891065456283,"2","2"
"CCAAGTGAGGAACG-1","pbmc3k",3005,875,2.46256239600666,"0","0"
"CCAAGTGATCAAGC-1","pbmc3k",2711,938,1.7336776097381,"2","2"
"CCAATTTGAACGTC-1","pbmc3k",2671,932,1.04829651815799,"1","1"
"CCACCATGAACGTC-1","pbmc3k",2186,760,1.92131747483989,"0","0"
"CCACCATGATCGGT-1","pbmc3k",2494,732,1.48356054530874,"0","0"
"CCACCATGGACGAG-1","pbmc3k",4779,1558,2.74115923833438,"5","5"
"CCACCATGGGGAGT-1","pbmc3k",2048,750,1.171875,"0","0"
"CCACCATGTCCTGC-1","pbmc3k",2158,940,1.71455050973123,"4","4"
"CCACTGACCCGCTT-1","pbmc3k",1953,705,1.84331797235023,"1","1"
"CCACTGTGGGAAGC-1","pbmc3k",865,404,4.27745664739884,"1","1"
"CCACTGTGTGTAGC-1","pbmc3k",2305,689,2.68980477223427,"0","0"
"CCACTTCTCGGGAA-1","pbmc3k",3465,1070,3.63636363636364,"1","1"
"CCAGAAACCCTGTC-1","pbmc3k",1200,544,1.16666666666667,"3","3"
"CCAGAAACGAACTC-1","pbmc3k",2588,927,1.39103554868624,"2","2"
"CCAGAAACGGTCTA-1","pbmc3k",2790,816,1.18279569892473,"0","0"
"CCAGACCTCTGAGT-1","pbmc3k",794,387,2.39294710327456,"1","1"
"CCAGACCTTGTGGT-1","pbmc3k",1459,559,2.05620287868403,"0","0"
"CCAGCACTGCGATT-1","pbmc3k",4088,1320,2.42172211350294,"5","5"
"CCAGCGGAAAGGCG-1","pbmc3k",1572,640,2.2264631043257,"1","1"
"CCAGCGGACGACTA-1","pbmc3k",2454,886,2.07823960880196,"1","1"
"CCAGCGGATGGGAG-1","pbmc3k",3217,1074,1.11905502020516,"2","2"
"CCAGCTACACAGTC-1","pbmc3k",1758,689,1.59271899886234,"0","0"
"CCAGCTACCAGCTA-1","pbmc3k",1099,524,1.91082802547771,"3","3"
"CCAGGTCTACACCA-1","pbmc3k",1367,604,2.92611558156547,"3","3"
"CCAGGTCTAGCATC-1","pbmc3k",1803,800,1.71935662784248,"1","1"
"CCAGGTCTATGGTC-1","pbmc3k",2846,865,1.86226282501757,"2","2"
"CCAGTCACACTGGT-1","pbmc3k",3250,938,3.69230769230769,"1","1"
"CCAGTCACACTGTG-1","pbmc3k",1761,752,1.3060760931289,"3","3"
"CCAGTCACGTTGTG-1","pbmc3k",2152,770,1.16171003717472,"0","0"
"CCAGTGCTAACCAC-1","pbmc3k",3399,1104,1.50044130626655,"2","2"
"CCAGTGCTCGTAGT-1","pbmc3k",2562,841,2.14676034348166,"2","2"
"CCATCCGAAAGCAA-1","pbmc3k",2456,785,3.66449511400651,"0","0"
"CCATCCGAACGACT-1","pbmc3k",929,444,2.58342303552207,"0","0"
"CCATCCGAAGGTTC-1","pbmc3k",1806,703,1.27353266888151,"3","3"
"CCATCCGATTCGCC-1","pbmc3k",1314,593,3.12024353120244,"1","1"
"CCATCGTGAACGGG-1","pbmc3k",2206,874,1.67724388032638,"2","2"
"CCATCGTGCTAGAC-1","pbmc3k",2559,901,2.18835482610395,"5","5"
"CCCAACACCTCGCT-1","pbmc3k",2863,924,1.64163464896961,"3","3"
"CCCAACACGCATCA-1","pbmc3k",2200,797,1.40909090909091,"0","0"
"CCCAACACTTTGTC-1","pbmc3k",3439,1218,2.06455364931666,"1","1"
"CCCAACTGCAATCG-1","pbmc3k",853,415,1.64126611957796,"1","1"
"CCCAGACTGCCTTC-1","pbmc3k",4754,1378,1.95624737063525,"1","1"
"CCCAGACTGGTTTG-1","pbmc3k",2556,946,1.52582159624413,"3","3"
"CCCAGACTTTCGCC-1","pbmc3k",4410,1320,2.60770975056689,"5","5"
"CCCAGTTGCAGTTG-1","pbmc3k",3416,1169,1.87353629976581,"1","1"
"CCCAGTTGGGTACT-1","pbmc3k",1756,744,2.5626423690205,"4","4"
"CCCAGTTGTCTATC-1","pbmc3k",1924,726,1.66320166320166,"3","3"
"CCCGATTGTGTTTC-1","pbmc3k",2271,797,3.21444297666226,"2","2"
"CCCGGAGAAGGGTG-1","pbmc3k",1019,490,1.66830225711482,"1","1"
"CCCTACGAATTGGC-1","pbmc3k",1865,767,1.34048257372654,"1","1"
"CCCTAGTGCAAAGA-1","pbmc3k",2448,943,2.12418300653595,"2","2"
"CCCTCAGACACTTT-1","pbmc3k",2070,808,1.73913043478261,"3","3"
"CCCTCAGACGAGAG-1","pbmc3k",2925,925,1.74358974358974,"0","0"
"CCCTCAGAGGTCAT-1","pbmc3k",2020,660,1.63366336633663,"0","0"
"CCCTGAACTAAAGG-1","pbmc3k",1530,566,1.96078431372549,"3","3"
"CCCTGATGCAACCA-1","pbmc3k",2914,843,1.75017158544955,"0","0"
"CCCTGATGCAAGCT-1","pbmc3k",1846,727,1.89599133261105,"3","3"
"CCCTTACTAACCAC-1","pbmc3k",3559,1220,2.52880022478224,"1","1"
"CCCTTACTGCAGTT-1","pbmc3k",973,457,1.84994861253854,"4","4"
"CCGAAAACCTTGTT-1","pbmc3k",5144,1512,2.56609642301711,"5","5"
"CCGACACTGGTTTG-1","pbmc3k",3324,1136,1.68471720818291,"2","2"
"CCGACTACCCAGTA-1","pbmc3k",3182,1170,2.1370207416719,"1","1"
"CCGACTACCGTGTA-1","pbmc3k",1455,524,1.92439862542955,"0","0"
"CCGACTACTGAGGG-1","pbmc3k",2370,876,1.72995780590717,"2","2"
"CCGATAGACCTAAG-1","pbmc3k",1636,523,2.50611246943765,"0","0"
"CCGATAGAGTTGGT-1","pbmc3k",2958,999,2.06220419202164,"1","1"
"CCGCGAGACACACA-1","pbmc3k",2108,777,3.41555977229602,"1","1"
"CCGCGAGAGGTTCA-1","pbmc3k",1965,772,1.98473282442748,"4","4"
"CCGCTATGGGACGA-1","pbmc3k",1997,816,2.50375563345018,"3","3"
"CCGCTATGTGCAAC-1","pbmc3k",2523,1015,2.41775663892192,"1","1"
"CCGCTATGTGCACA-1","pbmc3k",2854,939,2.17238962859145,"1","1"
"CCGGTACTGTCCTC-1","pbmc3k",2495,855,2.40480961923848,"0","0"
"CCGTACACAAGCAA-1","pbmc3k",1744,714,1.54816513761468,"0","0"
"CCGTACACAGCGTT-1","pbmc3k",2007,793,1.2954658694569,"3","3"
"CCGTACACGTCATG-1","pbmc3k",2076,837,2.9383429672447,"4","4"
"CCGTACACGTTGGT-1","pbmc3k",3297,1193,2.18380345768881,"1","1"
"CCGTACACTAACGC-1","pbmc3k",2041,763,3.91964723174914,"4","4"
"CCTAAACTTTCGTT-1","pbmc3k",2351,832,0.935772011909826,"0","0"
"CCTAAGGACCCAAA-1","pbmc3k",2053,674,1.7535314174379,"0","0"
"CCTAAGGACTAGCA-1","pbmc3k",1514,623,3.69881109643329,"1","1"
"CCTAAGGAGGGCAA-1","pbmc3k",796,420,2.51256281407035,"4","4"
"CCTAAGGATGATGC-1","pbmc3k",2517,834,1.27135478744537,"0","0"
"CCTAAGGATGTCAG-1","pbmc3k",2882,874,1.73490631505899,"0","0"
"CCTACCGACTCTTA-1","pbmc3k",1893,679,1.58478605388273,"0","0"
"CCTACCGAGGGATG-1","pbmc3k",2343,810,1.66453265044814,"3","3"
"CCTAGAGAGGTGAG-1","pbmc3k",1387,545,1.44196106705119,"3","3"
"CCTATAACCAAAGA-1","pbmc3k",2560,785,2.34375,"0","0"
"CCTATAACGAGACG-1","pbmc3k",1505,586,2.39202657807309,"5","5"
"CCTATAACTCAGAC-1","pbmc3k",2661,819,1.24013528748591,"0","0"
"CCTATAACTGCATG-1","pbmc3k",1721,669,2.0918070889018,"5","5"
"CCTCGAACACTTTC-1","pbmc3k",1644,813,1.94647201946472,"6","6"
"CCTCGAACCCGTAA-1","pbmc3k",2060,780,2.18446601941748,"5","5"
"CCTCGAACGTATCG-1","pbmc3k",1617,647,2.5974025974026,"0","0"
"CCTCGAACTTACTC-1","pbmc3k",3183,923,1.97926484448633,"2","2"
"CCTCTACTCTTCGC-1","pbmc3k",4464,1322,2.26254480286738,"1","1"
"CCTCTACTGGCATT-1","pbmc3k",2174,699,1.5179392824287,"0","0"
"CCTGACTGAAGTAG-1","pbmc3k",2127,791,3.24400564174894,"4","4"
"CCTGACTGGGGAGT-1","pbmc3k",2542,816,1.37686860739575,"0","0"
"CCTGACTGTGTCTT-1","pbmc3k",1618,666,3.89369592088999,"3","3"
"CCTGCAACACGTTG-1","pbmc3k",2093,801,2.29335881509795,"1","1"
"CCTGGACTCGTGAT-1","pbmc3k",1353,592,1.40428677014043,"2","2"
"CCTTAATGCCCAAA-1","pbmc3k",1852,739,1.99784017278618,"3","3"
"CCTTAATGTTCTAC-1","pbmc3k",3832,1241,3.7839248434238,"5","5"
"CCTTCACTACGACT-1","pbmc3k",2168,859,1.38376383763838,"0","0"
"CCTTCACTCAGTCA-1","pbmc3k",1418,683,2.82087447108604,"3","3"
"CCTTCACTGGAGTG-1","pbmc3k",1656,595,2.05314009661836,"1","1"
"CCTTTAGATTCATC-1","pbmc3k",3505,1191,2.19686162624822,"1","1"
"CGAACATGCCCTAC-1","pbmc3k",2320,857,2.5,"1","1"
"CGAACATGTCAGAC-1","pbmc3k",2210,774,1.44796380090498,"2","2"
"CGAAGACTGGAACG-1","pbmc3k",2442,945,2.78460278460278,"4","4"
"CGAAGACTGTTACG-1","pbmc3k",1735,687,2.82420749279539,"2","2"
"CGAAGGGAAACCTG-1","pbmc3k",2154,903,1.20705663881151,"4","4"
"CGAAGGGATCCGAA-1","pbmc3k",1834,731,1.9629225736096,"3","3"
"CGAAGTACCAACTG-1","pbmc3k",1562,618,2.49679897567222,"3","3"
"CGAATCGAGGAGCA-1","pbmc3k",581,336,3.27022375215146,"1","1"
"CGAATCGAGGAGGT-1","pbmc3k",2512,922,1.91082802547771,"0","0"
"CGACAAACCCATAG-1","pbmc3k",2870,801,1.60278745644599,"0","0"
"CGACAAACCGACAT-1","pbmc3k",2096,810,1.2881679389313,"3","3"
"CGACCACTAAAGTG-1","pbmc3k",1933,940,2.01758923952406,"6","6"
"CGACCACTGCCAAT-1","pbmc3k",1849,942,2.97458085451595,"6","6"
"CGACCGGAAGGTCT-1","pbmc3k",2727,867,2.01686835350202,"0","0"
"CGACCGGATGGAAA-1","pbmc3k",2696,945,2.37388724035608,"2","2"
"CGACCTTGCTAGTG-1","pbmc3k",1977,767,0.910470409711684,"2","2"
"CGACGTCTATCGTG-1","pbmc3k",2042,700,2.35063663075416,"4","4"
"CGACGTCTCGTGTA-1","pbmc3k",1953,691,2.25294418842806,"2","2"
"CGACGTCTGAGGCA-1","pbmc3k",1056,422,1.32575757575758,"0","0"
"CGACTCACGTCGTA-1","pbmc3k",2159,774,2.31588698471515,"0","0"
"CGACTCACGTTGCA-1","pbmc3k",1093,500,3.11070448307411,"0","0"
"CGACTCTGTGTGAC-1","pbmc3k",3130,1099,1.50159744408946,"2","2"
"CGACTGCTTCCTCG-1","pbmc3k",2011,808,1.59124813525609,"1","1"
"CGAGAACTAAGGCG-1","pbmc3k",1912,727,2.6673640167364,"4","4"
"CGAGAACTACGTTG-1","pbmc3k",1842,616,2.82301845819761,"0","0"
"CGAGAACTTGTTCT-1","pbmc3k",2548,925,1.49136577708006,"1","1"
"CGAGATTGGACACT-1","pbmc3k",1942,834,1.49330587023687,"4","4"
"CGAGATTGGCCATA-1","pbmc3k",1042,454,2.68714011516315,"4","4"
"CGAGCCGAACACCA-1","pbmc3k",2385,812,3.10272536687631,"2","2"
"CGAGCCGAGGCGAA-1","pbmc3k",2445,767,3.2719836400818,"2","2"
"CGAGCGTGCTCCAC-1","pbmc3k",3298,1053,2.09217707701637,"2","2"
"CGAGCGTGGATACC-1","pbmc3k",3359,913,1.42899672521584,"2","2"
"CGAGCGTGTATGCG-1","pbmc3k",1529,627,3.66252452583388,"1","1"
"CGAGGAGACCTCCA-1","pbmc3k",1530,648,2.2875816993464,"3","3"
"CGAGGAGATGTCGA-1","pbmc3k",1066,449,3.37711069418387,"0","0"
"CGAGGCACCTATGG-1","pbmc3k",1973,752,1.87531677648251,"4","4"
"CGAGGCACTATGCG-1","pbmc3k",4175,1325,2.89820359281437,"1","1"
"CGAGGCACTCTTCA-1","pbmc3k",1827,776,1.91570881226054,"4","4"
"CGAGGCTGACGCTA-1","pbmc3k",1371,668,1.96936542669584,"6","6"
"CGAGGCTGGCAGTT-1","pbmc3k",2937,1014,2.21314266258086,"1","1"
"CGAGGGCTACGACT-1","pbmc3k",1662,598,2.10589651022864,"3","3"
"CGAGGGCTCGAATC-1","pbmc3k",904,430,2.87610619469027,"0","0"
"CGAGTATGTCACCC-1","pbmc3k",2741,963,3.35643925574608,"5","5"
"CGATACGAACAGTC-1","pbmc3k",3042,1073,1.80802103879027,"1","1"
"CGATACGACAGGAG-1","pbmc3k",6722,2023,2.21660220172568,"2","2"
"CGATACGATTCACT-1","pbmc3k",2020,728,1.43564356435644,"3","3"
"CGATAGACCCGTAA-1","pbmc3k",1221,532,3.68550368550369,"1","1"
"CGATAGACCGTACA-1","pbmc3k",2090,926,0.76555023923445,"2","2"
"CGATAGACGTAGGG-1","pbmc3k",1829,724,3.00710770913067,"1","1"
"CGATAGACTGTTCT-1","pbmc3k",1299,559,2.3094688221709,"0","0"
"CGATCAGAAGAACA-1","pbmc3k",2198,869,2.18380345768881,"4","4"
"CGATCAGAGAGGGT-1","pbmc3k",2721,962,2.02131569276001,"0","0"
"CGATCAGAGGTACT-1","pbmc3k",5139,1338,1.14808328468574,"2","2"
"CGATCAGATGTGAC-1","pbmc3k",6908,1974,0.984365952518819,"7","7"
"CGATCCACCGGGAA-1","pbmc3k",3230,1102,2.22910216718266,"4","4"
"CGATCCACTTCCAT-1","pbmc3k",591,326,2.03045685279188,"3","3"
"CGCAAATGCTCGAA-1","pbmc3k",1011,427,4.648862512364,"0","0"
"CGCAACCTCCTTGC-1","pbmc3k",2310,806,1.51515151515152,"0","0"
"CGCAACCTGGACGA-1","pbmc3k",2321,820,1.9819043515726,"0","0"
"CGCACGGAGGACGA-1","pbmc3k",1171,554,2.47651579846285,"3","3"
"CGCACGGATCTTTG-1","pbmc3k",1930,594,3.21243523316062,"0","0"
"CGCACTACAGAATG-1","pbmc3k",1864,680,1.23390557939914,"0","0"
"CGCACTACAGCCAT-1","pbmc3k",3375,1030,1.03703703703704,"2","2"
"CGCACTACATTGGC-1","pbmc3k",2816,849,1.81107954545455,"2","2"
"CGCACTACTCGCCT-1","pbmc3k",1281,563,2.02966432474629,"3","3"
"CGCACTACTCGTGA-1","pbmc3k",2071,879,2.36600676001931,"4","4"
"CGCACTTGTCACGA-1","pbmc3k",3084,1089,1.75097276264591,"1","1"
"CGCAGGACAGATCC-1","pbmc3k",2212,822,3.39059674502712,"4","4"
"CGCAGGACCTACTT-1","pbmc3k",1067,447,1.87441424554827,"0","0"
"CGCAGGACTTGTCT-1","pbmc3k",5162,1687,2.20844633862844,"5","5"
"CGCAGGTGCACTGA-1","pbmc3k",2751,865,2.9807342784442,"2","2"
"CGCAGGTGCCATAG-1","pbmc3k",4314,1252,2.94390356977283,"5","5"
"CGCAGGTGGGAACG-1","pbmc3k",2276,938,2.81195079086116,"2","2"
"CGCATAGATCACGA-1","pbmc3k",954,461,1.15303983228512,"1","1"
"CGCCATACTGCAAC-1","pbmc3k",3446,1053,1.53801508995937,"2","2"
"CGCCATTGAGAGGC-1","pbmc3k",2763,852,2.20774520448788,"0","0"
"CGCCATTGCTATGG-1","pbmc3k",1792,737,1.78571428571429,"2","2"
"CGCCATTGGAGACG-1","pbmc3k",2287,803,1.66156536947967,"2","2"
"CGCCATTGGAGCAG-1","pbmc3k",2021,772,4.60168233547749,"3","3"
"CGCCATTGTACTGG-1","pbmc3k",1684,723,1.90023752969121,"3","3"
"CGCCGAGAGCTTAG-1","pbmc3k",2047,993,1.61211529066927,"6","6"
"CGCCTAACGAATGA-1","pbmc3k",4597,1455,1.82727865999565,"1","1"
"CGCCTAACTGCTCC-1","pbmc3k",3489,1006,1.57638291774147,"2","2"
"CGCGAGACACAGCT-1","pbmc3k",2246,798,3.25022261798753,"2","2"
"CGCGAGACAGGTCT-1","pbmc3k",3171,1033,3.15357931251971,"3","3"
"CGCGAGACGCTACA-1","pbmc3k",1968,785,1.67682926829268,"2","2"
"CGCGATCTCAGTCA-1","pbmc3k",2553,945,1.33176654915785,"1","1"
"CGCGATCTGTTGAC-1","pbmc3k",2109,742,2.60787102892366,"1","1"
"CGCGATCTTTCTTG-1","pbmc3k",2394,761,2.33918128654971,"3","3"
"CGCGGATGGCCAAT-1","pbmc3k",2261,833,1.28261831048209,"2","2"
"CGCTAAGAATGTCG-1","pbmc3k",2703,1040,0.554938956714761,"2","2"
"CGCTAAGACAACTG-1","pbmc3k",2771,858,2.09310718152292,"0","0"
"CGCTAAGACCCTTG-1","pbmc3k",2620,867,2.02290076335878,"0","0"
"CGCTACTGAACAGA-1","pbmc3k",3806,1186,2.81135049921177,"1","1"
"CGCTACTGAGAACA-1","pbmc3k",2460,845,1.01626016260163,"0","0"
"CGCTACTGTGAGCT-1","pbmc3k",1925,686,0.831168831168831,"0","0"
"CGCTACTGTTCCCG-1","pbmc3k",1366,670,3.14787701317716,"4","4"
"CGCTCATGCATTTC-1","pbmc3k",1468,628,2.24795640326975,"1","1"
"CGGAATTGGTTTGG-1","pbmc3k",1896,724,2.26793248945148,"2","2"
"CGGAATTGTGGAGG-1","pbmc3k",1544,660,0.712435233160622,"2","2"
"CGGACCGATGCGTA-1","pbmc3k",1834,808,1.30861504907306,"4","4"
"CGGACCGATGGGAG-1","pbmc3k",985,469,2.63959390862944,"0","0"
"CGGACTCTAAACAG-1","pbmc3k",1658,599,1.99034981905911,"3","3"
"CGGACTCTCCAATG-1","pbmc3k",1999,808,2.20110055027514,"2","2"
"CGGACTCTCCTCGT-1","pbmc3k",1873,854,1.81526962092899,"4","4"
"CGGAGGCTATTCCT-1","pbmc3k",848,397,4.83490566037736,"0","0"
"CGGAGGCTTGGATC-1","pbmc3k",2834,784,1.19971771347918,"0","0"
"CGGATAACAACGAA-1","pbmc3k",2575,892,1.00970873786408,"1","1"
"CGGATAACAGCTCA-1","pbmc3k",2428,878,1.31795716639209,"2","2"
"CGGATAACTCAGTG-1","pbmc3k",959,449,2.39833159541189,"1","1"
"CGGCACGAACTCAG-1","pbmc3k",2270,889,3.65638766519824,"4","4"
"CGGCACGAAGGGTG-1","pbmc3k",2437,823,3.03652031185884,"0","0"
"CGGCACGACTACGA-1","pbmc3k",2837,1049,3.48960169192809,"5","5"
"CGGCATCTTAGAAG-1","pbmc3k",1982,823,2.32088799192735,"4","4"
"CGGCATCTTCGTAG-1","pbmc3k",3310,1053,1.99395770392749,"1","1"
"CGGCCAGAAAGGTA-1","pbmc3k",2076,740,2.40847784200385,"0","0"
"CGGCCAGAGAGGCA-1","pbmc3k",2408,997,2.32558139534884,"4","4"
"CGGCGAACCAGTCA-1","pbmc3k",3764,1240,2.09883103081828,"1","1"
"CGGCGAACGACAAA-1","pbmc3k",1587,788,0.882167611846251,"6","6"
"CGGCGAACGGTCTA-1","pbmc3k",2498,878,1.56124899919936,"2","2"
"CGGCGAACTACTTC-1","pbmc3k",1729,778,2.02429149797571,"6","6"
"CGGGACTGCGTGTA-1","pbmc3k",4275,1063,2.50292397660819,"0","0"
"CGGGACTGGAATAG-1","pbmc3k",2012,814,3.37972166998012,"4","4"
"CGGGCATGACCCAA-1","pbmc3k",1030,463,4.66019417475728,"4","4"
"CGGGCATGTCTCTA-1","pbmc3k",2864,1078,2.06005586592179,"6","6"
"CGGGCATGTTGTGG-1","pbmc3k",2196,742,1.63934426229508,"0","0"
"CGGTAAACTCGCAA-1","pbmc3k",3142,1095,1.36855506047104,"2","2"
"CGGTCACTGTTTGG-1","pbmc3k",2138,805,1.82413470533209,"2","2"
"CGGTCACTTACTTC-1","pbmc3k",3247,1119,1.32429935324915,"2","2"
"CGTAACGATCGCCT-1","pbmc3k",3413,1022,1.55288602402578,"2","2"
"CGTACCACACACAC-1","pbmc3k",2084,804,1.7274472168906,"2","2"
"CGTACCACACGTTG-1","pbmc3k",2157,674,1.48354195642095,"0","0"
"CGTACCACCTCATT-1","pbmc3k",2382,828,2.22502099076406,"0","0"
"CGTACCACGGAGCA-1","pbmc3k",2132,763,1.96998123827392,"0","0"
"CGTACCTGGCATCA-1","pbmc3k",2472,996,2.50809061488673,"6","6"
"CGTAGCCTCTCTCG-1","pbmc3k",2310,851,2.03463203463203,"1","1"
"CGTAGCCTGCGAAG-1","pbmc3k",2242,866,1.2042818911686,"2","2"
"CGTAGCCTGTATGC-1","pbmc3k",3497,1116,4.11781527023163,"1","1"
"CGTCAAGAAAGGTA-1","pbmc3k",1111,505,2.43024302430243,"1","1"
"CGTCAAGAACGTGT-1","pbmc3k",2815,927,1.56305506216696,"0","0"
"CGTCAAGACAGAGG-1","pbmc3k",2748,956,1.92867540029112,"2","2"
"CGTCAAGACAGGAG-1","pbmc3k",2162,931,1.98889916743756,"4","4"
"CGTCCATGCTCTTA-1","pbmc3k",2746,892,1.31099781500364,"0","0"
"CGTCGACTTTCCGC-1","pbmc3k",2188,903,1.64533820840951,"4","4"
"CGTGATGACGCTAA-1","pbmc3k",909,494,1.87018701870187,"0","0"
"CGTGATGAGGTTCA-1","pbmc3k",1747,708,3.20549513451631,"4","4"
"CGTGCACTTATGGC-1","pbmc3k",3067,1064,1.53244212585589,"1","1"
"CGTGTAGAAAAACG-1","pbmc3k",2027,794,2.17069560927479,"2","2"
"CGTGTAGACGATAC-1","pbmc3k",1650,783,1.45454545454545,"6","6"
"CGTGTAGAGTTACG-1","pbmc3k",2074,950,1.78399228543877,"6","6"
"CGTGTAGAGTTCAG-1","pbmc3k",1889,719,1.74695606140815,"1","1"
"CGTGTAGATTCGGA-1","pbmc3k",1674,842,1.61290322580645,"6","6"
"CGTTAGGAAACCAC-1","pbmc3k",2240,888,2.00892857142857,"2","2"
"CGTTAGGATCATTC-1","pbmc3k",4080,1351,1.22549019607843,"1","1"
"CGTTATACCCTGAA-1","pbmc3k",2386,1002,3.26906957250629,"4","4"
"CGTTTAACTGGTCA-1","pbmc3k",2767,872,1.40946873870618,"2","2"
"CTAAACCTCTGACA-1","pbmc3k",2532,1184,3.63349131121643,"6","6"
"CTAAACCTGTGCAT-1","pbmc3k",2516,909,1.4308426073132,"3","3"
"CTAACACTAACGTC-1","pbmc3k",2764,869,3.76266280752533,"2","2"
"CTAACACTAGTGCT-1","pbmc3k",2355,894,2.29299363057325,"1","1"
"CTAACGGAACCGAT-1","pbmc3k",1997,995,1.55232849273911,"6","6"
"CTAACGGATTTCTG-1","pbmc3k",2256,769,1.3741134751773,"0","0"
"CTAACTACGGCAAG-1","pbmc3k",1286,553,1.24416796267496,"0","0"
"CTAAGGACACCATG-1","pbmc3k",2134,805,2.67104029990628,"0","0"
"CTAAGGACCGTTAG-1","pbmc3k",5484,1425,1.75054704595186,"2","2"
"CTAAGGACGCCATA-1","pbmc3k",2878,1011,1.98054204308548,"1","1"
"CTAAGGTGCCTAAG-1","pbmc3k",1111,452,1.8001800180018,"3","3"
"CTAAGGTGTTGCAG-1","pbmc3k",2957,894,3.82144064930673,"2","2"
"CTAAGGTGTTTCTG-1","pbmc3k",1009,426,0.89197224975223,"0","0"
"CTAATAGAGCTATG-1","pbmc3k",600,239,0.166666666666667,"0","0"
"CTAATGCTTGTGGT-1","pbmc3k",2067,829,2.85437832607644,"1","1"
"CTACAACTCCCGTT-1","pbmc3k",2194,895,2.0510483135825,"4","4"
"CTACCTCTCAACCA-1","pbmc3k",2333,786,0.814402057436777,"2","2"
"CTACGCACACCTAG-1","pbmc3k",3710,1136,2.50673854447439,"5","5"
"CTACGCACTCTCCG-1","pbmc3k",2637,923,1.32726583238529,"2","2"
"CTACGCACTGGTCA-1","pbmc3k",2468,1012,2.06645056726094,"6","6"
"CTACGGCTTTCTTG-1","pbmc3k",3911,1357,1.66197903349527,"1","1"
"CTACTATGAACCAC-1","pbmc3k",3184,1093,2.41834170854271,"1","1"
"CTACTATGATGTGC-1","pbmc3k",1662,649,2.34657039711191,"1","1"
"CTACTATGCTAAGC-1","pbmc3k",2704,851,2.40384615384615,"2","2"
"CTACTATGTAAAGG-1","pbmc3k",1264,548,2.53164556962025,"3","3"
"CTACTCCTATGTCG-1","pbmc3k",2181,1052,1.83402109124255,"6","6"
"CTACTCCTGCCATA-1","pbmc3k",586,307,3.7542662116041,"1","1"
"CTAGAGACACTTTC-1","pbmc3k",3199,1150,1.90684588934042,"2","2"
"CTAGAGACAGCATC-1","pbmc3k",2206,907,0.815956482320943,"4","4"
"CTAGAGACTTTGGG-1","pbmc3k",5515,1621,3.35448776065277,"5","5"
"CTAGATCTCTCTAT-1","pbmc3k",1822,731,1.81119648737651,"2","2"
"CTAGATCTTCGACA-1","pbmc3k",2392,897,1.42140468227425,"2","2"
"CTAGGATGAGCCTA-1","pbmc3k",5867,1741,1.56809272200443,"3","3"
"CTAGGATGATCGTG-1","pbmc3k",2159,762,1.71375636868921,"3","3"
"CTAGGCCTCTCAGA-1","pbmc3k",1998,712,0.2002002002002,"2","2"
"CTAGGTGATGGTTG-1","pbmc3k",3254,1195,1.9360786724032,"5","5"
"CTAGTTACCAGAGG-1","pbmc3k",2740,850,1.93430656934307,"2","2"
"CTAGTTACCGCATA-1","pbmc3k",2357,861,2.20619431480696,"2","2"
"CTAGTTACGAAACA-1","pbmc3k",2245,966,2.271714922049,"6","6"
"CTATAAGATCGTTT-1","pbmc3k",2733,843,1.06110501280644,"3","3"
"CTATACTGAGGTTC-1","pbmc3k",732,331,0.40983606557377,"1","1"
"CTATACTGCCAGTA-1","pbmc3k",2691,839,2.11817168338907,"0","0"
"CTATACTGCGCTAA-1","pbmc3k",1856,733,1.61637931034483,"1","1"
"CTATACTGCTACGA-1","pbmc3k",2129,947,1.87881634570221,"6","6"
"CTATACTGTCTCAT-1","pbmc3k",1774,842,4.00225479143179,"6","6"
"CTATACTGTTCGTT-1","pbmc3k",4760,1520,1.23949579831933,"0","0"
"CTATAGCTGTCACA-1","pbmc3k",2123,660,1.97833254828073,"0","0"
"CTATAGCTTCGCTC-1","pbmc3k",2542,980,2.7537372147915,"1","1"
"CTATAGCTTGCCTC-1","pbmc3k",2498,912,3.40272217774219,"1","1"
"CTATCAACGAACTC-1","pbmc3k",2520,910,2.14285714285714,"0","0"
"CTATCAACGCAGAG-1","pbmc3k",3160,1060,2.24683544303797,"2","2"
"CTATCAACTTTGGG-1","pbmc3k",2053,679,3.36093521675597,"0","0"
"CTATCCCTCCACCT-1","pbmc3k",2172,822,2.20994475138122,"1","1"
"CTATGTACGAGAGC-1","pbmc3k",3144,995,1.17684478371501,"2","2"
"CTATGTACGCTTAG-1","pbmc3k",2072,693,1.93050193050193,"0","0"
"CTATGTACTGTTTC-1","pbmc3k",4824,1481,1.20232172470978,"3","3"
"CTATGTTGAAAGCA-1","pbmc3k",3166,925,1.95830701200253,"2","2"
"CTATGTTGTCCTCG-1","pbmc3k",1635,574,1.40672782874618,"0","0"
"CTATGTTGTCTCGC-1","pbmc3k",3493,1051,2.43343830518179,"2","2"
"CTATTGACAAACGA-1","pbmc3k",1289,571,4.26687354538402,"1","1"
"CTATTGACACTGGT-1","pbmc3k",2939,1027,2.21163661109221,"1","1"
"CTATTGACGGTGAG-1","pbmc3k",3967,1262,1.61330980589866,"1","1"
"CTATTGTGGCAAGG-1","pbmc3k",1937,669,3.61383582860093,"0","0"
"CTCAATTGGTTCAG-1","pbmc3k",3235,956,1.36012364760433,"2","2"
"CTCAATTGGTTGCA-1","pbmc3k",1907,746,3.14630309386471,"1","1"
"CTCAGAGATAGAAG-1","pbmc3k",2565,863,1.364522417154,"0","0"
"CTCAGCACTCTAGG-1","pbmc3k",2343,895,2.00597524541187,"2","2"
"CTCAGCACTGAACC-1","pbmc3k",1151,488,1.47697654213727,"1","1"
"CTCAGCACTTGCAG-1","pbmc3k",1860,643,1.55913978494624,"0","0"
"CTCAGCTGAACCTG-1","pbmc3k",2927,922,2.56235052955244,"1","1"
"CTCAGCTGCAGTTG-1","pbmc3k",2341,819,2.47757368645878,"0","0"
"CTCAGGCTCGTTGA-1","pbmc3k",4502,1463,2.46557085739671,"5","5"
"CTCAGGCTGCTAAC-1","pbmc3k",1197,549,1.67084377610693,"0","0"
"CTCATTGACCTTAT-1","pbmc3k",3103,1112,0.676764421527554,"2","2"
"CTCATTGATGCTTT-1","pbmc3k",3006,1005,2.1290751829674,"5","5"
"CTCCACGAGAGATA-1","pbmc3k",4633,1445,2.0289229440967,"7","7"
"CTCCATCTCTTAGG-1","pbmc3k",2107,725,1.18652112007594,"0","0"
"CTCCATCTGACGAG-1","pbmc3k",2886,898,1.52460152460152,"0","0"
"CTCCGAACAAGTGA-1","pbmc3k",2439,992,2.2550225502255,"5","5"
"CTCCTACTGCCTTC-1","pbmc3k",1292,563,3.71517027863777,"1","1"
"CTCGAAGATGTGGT-1","pbmc3k",2951,869,2.30430362588953,"0","0"
"CTCGAAGATTAGGC-1","pbmc3k",2373,903,0.969237252423093,"1","1"
"CTCGACTGCTCTAT-1","pbmc3k",1143,515,1.0498687664042,"0","0"
"CTCGACTGGGTGAG-1","pbmc3k",2020,751,1.73267326732673,"0","0"
"CTCGACTGGTTGAC-1","pbmc3k",1810,875,2.26519337016575,"6","6"
"CTCGAGCTCTGGAT-1","pbmc3k",1157,588,0.950734658599827,"4","4"
"CTCGCATGACTTTC-1","pbmc3k",1839,740,4.2958129418162,"4","4"
"CTCGCATGCTTAGG-1","pbmc3k",2188,796,3.56489945155393,"0","0"
"CTCTAAACCTCGAA-1","pbmc3k",2271,797,1.05680317040951,"0","0"
"CTCTAAACGGCGAA-1","pbmc3k",2001,651,1.74912543728136,"0","0"
"CTCTAATGTCCAAG-1","pbmc3k",2338,901,2.9940119760479,"1","1"
"CTGAACGACAGTCA-1","pbmc3k",2728,986,0.879765395894428,"2","2"
"CTGAACGATGAGGG-1","pbmc3k",1537,723,2.34222511385817,"2","2"
"CTGAAGACCCAACA-1","pbmc3k",2752,952,2.68895348837209,"2","2"
"CTGAAGACGTGCAT-1","pbmc3k",2300,891,2.56521739130435,"3","3"
"CTGAAGTGAAGCCT-1","pbmc3k",4070,1434,2.997542997543,"5","5"
"CTGAAGTGCAGCTA-1","pbmc3k",1714,650,1.34189031505251,"3","3"
"CTGAAGTGGCTATG-1","pbmc3k",1889,712,0.84700899947062,"0","0"
"CTGAAGTGTCCAGA-1","pbmc3k",3299,955,0.606244316459533,"0","0"
"CTGAATCTGAATAG-1","pbmc3k",2022,876,1.87932739861523,"2","2"
"CTGACAGAATCGTG-1","pbmc3k",2698,1010,1.03780578206079,"4","4"
"CTGACCACAGCAAA-1","pbmc3k",2477,823,0.80742834073476,"0","0"
"CTGAGAACCGGGAA-1","pbmc3k",3915,1076,2.06896551724138,"2","2"
"CTGAGAACGTAAAG-1","pbmc3k",1418,738,1.76304654442877,"6","6"
"CTGATACTAGTAGA-1","pbmc3k",2228,691,1.61579892280072,"0","0"
"CTGATTTGGTGTTG-1","pbmc3k",2992,1061,1.16978609625668,"1","1"
"CTGCAGCTAACCGT-1","pbmc3k",2674,771,3.40314136125654,"0","0"
"CTGCAGCTGACACT-1","pbmc3k",3101,807,0.709448564979039,"0","0"
"CTGCAGCTGGATTC-1","pbmc3k",4043,1386,1.55824882512985,"5","5"
"CTGCAGCTTGGCAT-1","pbmc3k",3900,1264,2.30769230769231,"4","4"
"CTGCCAACAGGAGC-1","pbmc3k",2857,952,2.97514875743787,"2","2"
"CTGCCAACCAGCTA-1","pbmc3k",2209,814,1.2675418741512,"0","0"
"CTGCCAACTAACCG-1","pbmc3k",2262,793,2.03359858532272,"1","1"
"CTGCCAACTGCTCC-1","pbmc3k",1869,794,2.72873194221509,"4","4"
"CTGCCAACTTGCAG-1","pbmc3k",2344,760,3.24232081911263,"0","0"
"CTGCCAACTTGCTT-1","pbmc3k",2327,882,2.27761065749893,"4","4"
"CTGCGACTCCACCT-1","pbmc3k",687,348,3.49344978165939,"4","4"
"CTGGAAACAAACGA-1","pbmc3k",2367,868,2.87283481199831,"4","4"
"CTGGAAACATCGAC-1","pbmc3k",2151,842,1.39470013947001,"0","0"
"CTGGATGACTGGAT-1","pbmc3k",2036,818,2.79960707269155,"4","4"
"CTGGATGACTTGTT-1","pbmc3k",1455,624,4.12371134020619,"2","2"
"CTGGATGATGTGAC-1","pbmc3k",868,417,1.61290322580645,"3","3"
"CTGGCACTCAAGCT-1","pbmc3k",2563,901,1.95083886071011,"1","1"
"CTGTAACTAACCAC-1","pbmc3k",2165,836,2.95612009237875,"2","2"
"CTGTAACTAGCGTT-1","pbmc3k",1982,722,0.958627648839556,"0","0"
"CTGTATACGTAAAG-1","pbmc3k",979,436,2.04290091930541,"0","0"
"CTGTATACGTACGT-1","pbmc3k",3500,1108,3.45714285714286,"1","1"
"CTGTATACGTTGGT-1","pbmc3k",1827,723,0.875752599890531,"0","0"
"CTGTGAGACAACCA-1","pbmc3k",4058,1298,2.29176934450468,"5","5"
"CTGTGAGACCTTGC-1","pbmc3k",1660,717,4.21686746987952,"4","4"
"CTGTGAGACGAACT-1","pbmc3k",2277,843,1.36144049187527,"1","1"
"CTGTGAGACTGTAG-1","pbmc3k",3255,1089,2.36559139784946,"1","1"
"CTTAAAGAACCTGA-1","pbmc3k",2297,696,1.56726164562473,"0","0"
"CTTAACACCTGTAG-1","pbmc3k",2068,885,1.69245647969052,"0","0"
"CTTAACACTATCGG-1","pbmc3k",1748,627,2.2883295194508,"3","3"
"CTTAAGCTACCTAG-1","pbmc3k",2360,807,2.07627118644068,"0","0"
"CTTAAGCTAGTACC-1","pbmc3k",920,423,1.73913043478261,"0","0"
"CTTAAGCTCATCAG-1","pbmc3k",1860,729,3.06451612903226,"0","0"
"CTTAAGCTCCGCTT-1","pbmc3k",2372,851,2.99325463743676,"3","3"
"CTTACAACTAACGC-1","pbmc3k",2368,854,1.73141891891892,"0","0"
"CTTACAACTCCCGT-1","pbmc3k",1504,607,1.1968085106383,"1","1"
"CTTACTGACGTACA-1","pbmc3k",1857,627,2.20786214324179,"0","0"
"CTTAGACTAAACGA-1","pbmc3k",2396,823,1.29382303839733,"2","2"
"CTTAGGGACTTGCC-1","pbmc3k",2989,1061,0.669120107059217,"2","2"
"CTTAGGGAGAATCC-1","pbmc3k",1636,573,2.32273838630807,"0","0"
"CTTATCGACTCATT-1","pbmc3k",1966,743,1.93285859613428,"2","2"
"CTTCACCTACCTGA-1","pbmc3k",4888,1528,2.3936170212766,"5","5"
"CTTCATGAAGCATC-1","pbmc3k",1927,681,1.76440062272963,"3","3"
"CTTCATGAAGTACC-1","pbmc3k",1322,542,1.8910741301059,"0","0"
"CTTCATGACCGAAT-1","pbmc3k",935,420,3.52941176470588,"4","4"
"CTTGAACTACGCAT-1","pbmc3k",2077,731,1.63697640828117,"0","0"
"CTTGATTGAGGTTC-1","pbmc3k",2005,920,1.69576059850374,"4","4"
"CTTGATTGATCTTC-1","pbmc3k",2094,761,2.53104106972302,"1","1"
"CTTGATTGCATTCT-1","pbmc3k",2273,881,2.94764628244611,"2","2"
"CTTGATTGTTTCGT-1","pbmc3k",3234,981,1.11317254174397,"2","2"
"CTTGTATGACACCA-1","pbmc3k",2020,784,1.28712871287129,"3","3"
"CTTGTATGCGCAAT-1","pbmc3k",1035,496,1.93236714975845,"3","3"
"CTTTACGAGCGAAG-1","pbmc3k",1483,573,4.04585300067431,"0","0"
"CTTTAGACCGTGAT-1","pbmc3k",1507,521,2.52156602521566,"0","0"
"CTTTAGACGAGACG-1","pbmc3k",2250,662,2.08888888888889,"0","0"
"CTTTAGACGATACC-1","pbmc3k",2498,792,1.1609287429944,"0","0"
"CTTTAGACGTTGGT-1","pbmc3k",2934,972,3.30606680299932,"4","4"
"CTTTAGACTCATTC-1","pbmc3k",2510,855,3.22709163346614,"4","4"
"CTTTAGTGACGGGA-1","pbmc3k",2214,978,2.03252032520325,"6","6"
"CTTTAGTGGGTGGA-1","pbmc3k",1648,590,1.57766990291262,"0","0"
"CTTTCAGAGAAACA-1","pbmc3k",2493,902,1.36381869233855,"0","0"
"CTTTGATGAGCACT-1","pbmc3k",2019,694,1.38682516097078,"0","0"
"CTTTGATGTCTAGG-1","pbmc3k",1935,816,2.94573643410853,"4","4"
"CTTTGATGTGTCCC-1","pbmc3k",3460,974,2.39884393063584,"2","2"
"CTTTGATGTGTGGT-1","pbmc3k",2490,816,1.64658634538153,"0","0"
"GAAACAGAACTACG-1","pbmc3k",1958,751,1.37895812053115,"0","0"
"GAAACAGAATCACG-1","pbmc3k",2178,789,2.02020202020202,"0","0"
"GAAACAGACATTCT-1","pbmc3k",2572,858,1.5552099533437,"0","0"
"GAAACCTGATCGTG-1","pbmc3k",2487,813,1.36710896662646,"0","0"
"GAAACCTGATGCCA-1","pbmc3k",2390,841,2.21757322175732,"2","2"
"GAAACCTGCTTATC-1","pbmc3k",3634,1080,1.01816180517336,"2","2"
"GAAACCTGGACTAC-1","pbmc3k",5326,1690,2.59106271122794,"5","5"
"GAAACCTGTGCTAG-1","pbmc3k",1723,716,1.68311085316309,"2","2"
"GAAAGATGATTTCC-1","pbmc3k",2501,955,1.23950419832067,"2","2"
"GAAAGATGCTGATG-1","pbmc3k",4688,1464,2.32508532423208,"5","5"
"GAAAGATGCTTCGC-1","pbmc3k",2315,740,0.993520518358531,"1","1"
"GAAAGATGTAAGGA-1","pbmc3k",650,295,4.15384615384615,"0","0"
"GAAAGCCTACGTTG-1","pbmc3k",2282,738,1.84049079754601,"3","3"
"GAAAGTGAAAGTGA-1","pbmc3k",6175,1571,2.59109311740891,"7","7"
"GAAAGTGACCACAA-1","pbmc3k",3254,1118,2.64290104486785,"1","1"
"GAAAGTGACTCAAG-1","pbmc3k",3358,917,2.53126861226921,"2","2"
"GAAATACTACCAAC-1","pbmc3k",561,283,1.60427807486631,"1","1"
"GAAATACTCTTAGG-1","pbmc3k",2037,701,2.35640648011782,"3","3"
"GAAATACTTCCTCG-1","pbmc3k",2034,840,1.67158308751229,"2","2"
"GAACACACGTGCAT-1","pbmc3k",3826,1251,2.43073706220596,"1","1"
"GAACACACTGCCTC-1","pbmc3k",2166,674,4.06278855032318,"0","0"
"GAACAGCTAACTGC-1","pbmc3k",5489,1631,2.33193660047367,"5","5"
"GAACAGCTCTCAGA-1","pbmc3k",4199,1273,2.95308406763515,"5","5"
"GAACCAACCACAAC-1","pbmc3k",863,380,1.5063731170336,"0","0"
"GAACCAACTTCCGC-1","pbmc3k",1607,796,2.05351586807716,"6","6"
"GAACCTGAACGTGT-1","pbmc3k",4754,1489,3.19730753050063,"2","2"
"GAACCTGAGAGACG-1","pbmc3k",2490,878,0.803212851405622,"2","2"
"GAACCTGATGAACC-1","pbmc3k",2869,937,1.28964796096201,"2","2"
"GAACGGGATACTTC-1","pbmc3k",2033,725,1.4756517461879,"0","0"
"GAACTGTGACCTGA-1","pbmc3k",4023,1361,2.01342281879195,"5","5"
"GAACTGTGCCAGTA-1","pbmc3k",2040,818,1.81372549019608,"1","1"
"GAAGAATGCAATCG-1","pbmc3k",2089,718,2.2498803255146,"0","0"
"GAAGCGGACCTATT-1","pbmc3k",4006,1341,2.29655516724913,"1","1"
"GAAGCTACGAATGA-1","pbmc3k",2607,902,2.18642117376295,"1","1"
"GAAGCTACGGTTTG-1","pbmc3k",1763,837,1.81508791832104,"2","2"
"GAAGGGTGAAAGTG-1","pbmc3k",2472,802,0.809061488673139,"2","2"
"GAAGGGTGCTTAGG-1","pbmc3k",2937,988,2.41743275451141,"1","1"
"GAAGGTCTGAAAGT-1","pbmc3k",2278,1082,0.9657594381036,"2","2"
"GAAGGTCTGTTGCA-1","pbmc3k",3210,973,1.27725856697819,"0","0"
"GAAGGTCTTAAAGG-1","pbmc3k",5637,1627,1.68529359588434,"7","7"
"GAAGTAGACTCCCA-1","pbmc3k",1871,795,2.35168359166221,"4","4"
"GAAGTAGATCCAAG-1","pbmc3k",4035,1408,2.65179677819083,"5","5"
"GAAGTCACCCTCGT-1","pbmc3k",1853,771,1.56502968159741,"1","1"
"GAAGTCACCCTGTC-1","pbmc3k",1975,647,2.37974683544304,"3","3"
"GAAGTCTGTCGCAA-1","pbmc3k",1998,779,2.1021021021021,"3","3"
"GAAGTCTGTTCTGT-1","pbmc3k",2242,646,2.49776984834969,"0","0"
"GAAGTGCTAAACGA-1","pbmc3k",1804,815,2.93791574279379,"6","6"
"GAAGTGCTCCGCTT-1","pbmc3k",3251,1127,2.79913872654568,"1","1"
"GAAGTGCTTAACCG-1","pbmc3k",2586,881,2.2815158546017,"2","2"
"GAATGCACCCTAAG-1","pbmc3k",3034,950,1.68094924192485,"2","2"
"GAATGCACCTTCGC-1","pbmc3k",1978,828,2.02224469160768,"6","6"
"GAATGCTGCGGTAT-1","pbmc3k",2569,732,3.89256520046711,"0","0"
"GAATTAACGATAAG-1","pbmc3k",2135,782,1.26463700234192,"0","0"
"GAATTAACGGTCAT-1","pbmc3k",1911,753,1.72684458398744,"0","0"
"GAATTAACGTCGTA-1","pbmc3k",1319,705,1.51630022744503,"6","6"
"GAATTAACTGAAGA-1","pbmc3k",2480,975,2.09677419354839,"3","3"
"GACAACACAGGCGA-1","pbmc3k",2576,716,1.5916149068323,"0","0"
"GACAACACATCGTG-1","pbmc3k",2592,887,2.19907407407407,"0","0"
"GACAACACTCGCCT-1","pbmc3k",2228,808,1.57091561938959,"0","0"
"GACAACTGAGGTTC-1","pbmc3k",2501,795,1.99920031987205,"2","2"
"GACAGGGAAGAGTA-1","pbmc3k",1573,661,2.86077558804832,"3","3"
"GACAGGGAATGCCA-1","pbmc3k",2541,911,1.18063754427391,"2","2"
"GACAGTACGAGCTT-1","pbmc3k",4929,1546,2.43457090687766,"5","5"
"GACAGTACTTCGGA-1","pbmc3k",5193,1509,4.7949162333911,"5","5"
"GACAGTTGAGTAGA-1","pbmc3k",3107,1021,1.57708400386225,"3","3"
"GACATTCTCCACCT-1","pbmc3k",6191,1749,2.50363430786626,"7","7"
"GACCAAACGACTAC-1","pbmc3k",2041,774,3.91964723174914,"1","1"
"GACCAAACGTATCG-1","pbmc3k",2228,910,2.96229802513465,"1","1"
"GACCCTACTAAAGG-1","pbmc3k",1493,714,1.4735432016075,"3","3"
"GACCTAGACCTCAC-1","pbmc3k",1177,529,4.92778249787596,"0","0"
"GACCTAGACGAGAG-1","pbmc3k",2591,846,4.32265534542648,"2","2"
"GACCTCACAAGGTA-1","pbmc3k",1822,628,1.59165751920966,"0","0"
"GACCTCACGTACGT-1","pbmc3k",3514,1152,2.2766078542971,"1","1"
"GACCTCTGCATCAG-1","pbmc3k",4014,1118,2.19232685600399,"0","0"
"GACGAACTCCCACT-1","pbmc3k",2191,755,1.46052031036057,"0","0"
"GACGATTGCCAATG-1","pbmc3k",1183,570,1.52155536770921,"3","3"
"GACGCCGACCTTCG-1","pbmc3k",2707,1175,1.73623937938677,"2","2"
"GACGCTCTCTCTCG-1","pbmc3k",682,266,3.2258064516129,"8","8"
"GACGGCACACGGGA-1","pbmc3k",1800,915,1,"6","6"
"GACGGCACGAGATA-1","pbmc3k",3152,1130,2.22081218274112,"1","1"
"GACGTAACCTATGG-1","pbmc3k",2218,849,1.39765554553652,"0","0"
"GACGTAACCTGTGA-1","pbmc3k",2520,937,1.66666666666667,"2","2"
"GACGTAACTATGGC-1","pbmc3k",3217,1138,1.77183711532484,"2","2"
"GACGTATGTTGACG-1","pbmc3k",2551,906,0.901607212857703,"0","0"
"GACGTATGTTTGCT-1","pbmc3k",2409,839,1.12079701120797,"0","0"
"GACGTCCTACGGAG-1","pbmc3k",2223,803,1.66441745389114,"2","2"
"GACGTCCTCTCAAG-1","pbmc3k",2411,902,2.65450020738283,"1","1"
"GACGTCCTGATAAG-1","pbmc3k",2255,787,1.59645232815965,"3","3"
"GACTACGATGGTCA-1","pbmc3k",1872,776,1.70940170940171,"3","3"
"GACTCCTGCTCGCT-1","pbmc3k",1861,714,3.43901128425578,"0","0"
"GACTCCTGGGTTAC-1","pbmc3k",2647,867,2.56894597657726,"0","0"
"GACTCCTGTTATCC-1","pbmc3k",1462,714,2.32558139534884,"2","2"
"GACTCCTGTTGGTG-1","pbmc3k",2716,879,2.06185567010309,"1","1"
"GACTGAACCAATCG-1","pbmc3k",2297,763,1.13191118850675,"1","1"
"GACTGATGTGATGC-1","pbmc3k",2647,855,1.36003022289384,"0","0"
"GACTTTACATGCCA-1","pbmc3k",2475,784,0.929292929292929,"0","0"
"GACTTTACGACAGG-1","pbmc3k",1349,552,1.55670867309118,"3","3"
"GAGAAATGTTCTCA-1","pbmc3k",2055,633,3.21167883211679,"3","3"
"GAGATAGAAAAAGC-1","pbmc3k",3323,1226,1.655130905808,"1","1"
"GAGATCACGACAAA-1","pbmc3k",3174,1131,2.01638311279143,"5","5"
"GAGATGCTCTGGAT-1","pbmc3k",2074,848,2.79652844744455,"4","4"
"GAGATGCTGAATGA-1","pbmc3k",1802,809,1.77580466148724,"2","2"
"GAGCAGGATTCCCG-1","pbmc3k",1896,823,1.74050632911392,"4","4"
"GAGCATACTTTGCT-1","pbmc3k",6691,1750,1.67389030040353,"5","5"
"GAGCGCACGCGTAT-1","pbmc3k",1774,710,2.76211950394589,"1","1"
"GAGCGCACGGTGAG-1","pbmc3k",1054,482,4.64895635673624,"4","4"
"GAGCGCTGAAGATG-1","pbmc3k",1630,782,2.88343558282209,"6","6"
"GAGCGCTGTCTTAC-1","pbmc3k",1978,721,1.46612740141557,"1","1"
"GAGCGGCTGGGAGT-1","pbmc3k",1519,595,2.43581303489138,"3","3"
"GAGGACGACTCAGA-1","pbmc3k",1171,514,1.28095644748079,"0","0"
"GAGGATCTGAAAGT-1","pbmc3k",716,371,0.418994413407821,"3","3"
"GAGGCAGACTTGCC-1","pbmc3k",2237,923,1.20697362539115,"4","4"
"GAGGGAACACCAGT-1","pbmc3k",1676,746,0.596658711217184,"2","2"
"GAGGGAACGAGGGT-1","pbmc3k",1827,840,2.3535851122058,"2","2"
"GAGGGATGGGAAAT-1","pbmc3k",1496,672,2.00534759358289,"0","0"
"GAGGGCCTTCACCC-1","pbmc3k",2479,954,2.7027027027027,"2","2"
"GAGGGTGAAGAGTA-1","pbmc3k",2598,795,1.53964588144727,"0","0"
"GAGGTACTACGGTT-1","pbmc3k",2041,719,3.03772660460559,"0","0"
"GAGGTACTACTCAG-1","pbmc3k",1979,717,2.02122283981809,"1","1"
"GAGGTACTGACACT-1","pbmc3k",1922,857,1.35275754422477,"6","6"
"GAGGTACTGGGAGT-1","pbmc3k",1321,578,0.832702498107494,"0","0"
"GAGGTACTTAGCGT-1","pbmc3k",3385,1062,2.83604135893648,"1","1"
"GAGGTGGAGTACGT-1","pbmc3k",1514,593,4.09511228533686,"0","0"
"GAGGTGGATCCTCG-1","pbmc3k",1988,997,1.96177062374245,"6","6"
"GAGGTTACTCGTTT-1","pbmc3k",3753,1264,1.25233146815881,"1","1"
"GAGGTTTGTAAGCC-1","pbmc3k",684,341,3.3625730994152,"1","1"
"GAGTCAACCATTCT-1","pbmc3k",897,388,1.78372352285396,"0","0"
"GAGTCAACGGGAGT-1","pbmc3k",2625,751,1.9047619047619,"0","0"
"GAGTCTGATCGTGA-1","pbmc3k",2349,829,1.27713920817369,"2","2"
"GAGTCTGATTTGGG-1","pbmc3k",1492,592,2.07774798927614,"3","3"
"GAGTGACTCAGCTA-1","pbmc3k",2883,1185,1.63024627124523,"2","2"
"GAGTGACTCGGTAT-1","pbmc3k",2182,910,1.51237396883593,"4","4"
"GAGTGACTCTTGCC-1","pbmc3k",1833,738,1.52755046372068,"3","3"
"GAGTGACTGACTAC-1","pbmc3k",1253,473,4.07023144453312,"3","3"
"GAGTGACTGTCTAG-1","pbmc3k",2146,816,1.95712954333644,"0","0"
"GAGTGGGAGTCTTT-1","pbmc3k",1580,640,2.53164556962025,"3","3"
"GAGTGGGATGCCCT-1","pbmc3k",2473,744,2.06227254346947,"0","0"
"GAGTGGGATGCTGA-1","pbmc3k",1497,634,1.937207748831,"3","3"
"GAGTGTTGCTGTAG-1","pbmc3k",2788,951,2.08034433285509,"2","2"
"GAGTGTTGTGGTCA-1","pbmc3k",2043,800,1.61527165932452,"0","0"
"GAGTTGTGCATGGT-1","pbmc3k",692,325,2.74566473988439,"1","1"
"GAGTTGTGCTGAGT-1","pbmc3k",2000,849,2.3,"4","4"
"GAGTTGTGGCGAGA-1","pbmc3k",1224,498,1.22549019607843,"1","1"
"GAGTTGTGGTAGCT-1","pbmc3k",2405,849,0.914760914760915,"8","8"
"GAGTTGTGTATGCG-1","pbmc3k",4175,1416,2.53892215568862,"5","5"
"GATAAGGAGAAACA-1","pbmc3k",1138,486,3.07557117750439,"1","1"
"GATAAGGATTCACT-1","pbmc3k",2517,875,2.78108859753675,"1","1"
"GATACTCTATCGGT-1","pbmc3k",2341,795,1.66595472020504,"0","0"
"GATACTCTTACTTC-1","pbmc3k",2879,979,2.8829454671761,"0","0"
"GATACTCTTGACTG-1","pbmc3k",2142,752,2.61437908496732,"1","1"
"GATAGAGAAGGGTG-1","pbmc3k",2063,850,3.10227823557925,"6","6"
"GATAGAGACTGTGA-1","pbmc3k",3962,1095,0.959111559818274,"0","0"
"GATAGAGATCACGA-1","pbmc3k",2808,995,1.42450142450142,"1","1"
"GATAGCACCCATAG-1","pbmc3k",2636,827,2.08649468892261,"2","2"
"GATAGCACGAAGGC-1","pbmc3k",3628,1157,1.95700110253583,"1","1"
"GATAGCACTTGTCT-1","pbmc3k",2941,954,2.04012240734444,"0","0"
"GATATAACAAGGTA-1","pbmc3k",3232,1059,1.5779702970297,"2","2"
"GATATAACACGCAT-1","pbmc3k",2246,695,0.712377560106857,"0","0"
"GATATATGCTGGAT-1","pbmc3k",2668,786,2.24887556221889,"0","0"
"GATATATGTCCGTC-1","pbmc3k",1819,743,1.48433205057724,"4","4"
"GATATATGTGGAGG-1","pbmc3k",3773,1209,2.51789027299231,"1","1"
"GATATCCTAGAAGT-1","pbmc3k",2301,892,1.30378096479791,"0","0"
"GATATCCTCCCGTT-1","pbmc3k",1070,490,1.30841121495327,"1","1"
"GATATTGACAGGAG-1","pbmc3k",1735,743,3.63112391930836,"4","4"
"GATATTGACGAGTT-1","pbmc3k",4409,1446,1.36085280108868,"5","5"
"GATATTGAGCCAAT-1","pbmc3k",2421,764,1.48698884758364,"0","0"
"GATCCCTGACCTTT-1","pbmc3k",2213,1050,1.08450067781292,"6","6"
"GATCCCTGTGTAGC-1","pbmc3k",2322,851,1.46425495262705,"4","4"
"GATCCGCTGGTCAT-1","pbmc3k",3066,1114,1.72863666014351,"1","1"
"GATCGAACCGAGAG-1","pbmc3k",4587,1425,2.48528449967299,"2","2"
"GATCGATGACTAGC-1","pbmc3k",1136,554,0.880281690140845,"3","3"
"GATCGATGGTAAAG-1","pbmc3k",1771,612,1.86335403726708,"3","3"
"GATCGATGTAAGGA-1","pbmc3k",2504,854,1.2779552715655,"1","1"
"GATCGTGACACTAG-1","pbmc3k",2249,786,1.73410404624277,"0","0"
"GATCGTGATTCACT-1","pbmc3k",2068,889,1.06382978723404,"2","2"
"GATCTACTGGTGAG-1","pbmc3k",1967,782,2.69445856634469,"2","2"
"GATCTACTTTGCAG-1","pbmc3k",1624,712,1.16995073891626,"3","3"
"GATCTTACACCCAA-1","pbmc3k",3608,1323,2.57760532150776,"5","5"
"GATCTTACCCTACC-1","pbmc3k",2802,920,2.42683797287652,"2","2"
"GATCTTACGAATAG-1","pbmc3k",1541,681,2.07657365347177,"1","1"
"GATCTTACGAGATA-1","pbmc3k",2197,790,2.6854802002731,"1","1"
"GATGCAACTCCAGA-1","pbmc3k",2486,845,0.884955752212389,"0","0"
"GATGCCCTACGTAC-1","pbmc3k",2808,1010,2.52849002849003,"2","2"
"GATGCCCTCTCATT-1","pbmc3k",2402,838,1.37385512073272,"0","0"
"GATGCCCTGGCAAG-1","pbmc3k",2299,806,1.00043497172684,"1","1"
"GATGCCCTTTTGCT-1","pbmc3k",1522,584,3.61366622864652,"0","0"
"GATTACCTTGTTCT-1","pbmc3k",2468,878,1.98541329011345,"0","0"
"GATTCGGAACGACT-1","pbmc3k",2623,779,2.47807853602745,"0","0"
"GATTCGGACAGGAG-1","pbmc3k",2871,1008,1.63706025774991,"1","1"
"GATTCGGAGAAGGC-1","pbmc3k",3633,1181,2.36718965042664,"5","5"
"GATTCTTGATTCGG-1","pbmc3k",3001,1149,1.5994668443852,"1","1"
"GATTCTTGCCGATA-1","pbmc3k",2258,808,2.03720106288751,"0","0"
"GATTCTTGCGAGTT-1","pbmc3k",1547,604,2.71493212669683,"3","3"
"GATTGGACCCGTTC-1","pbmc3k",3465,1155,1.2987012987013,"3","3"
"GATTGGACGGTGTT-1","pbmc3k",1759,714,3.18362706083002,"3","3"
"GATTGGACTTTCGT-1","pbmc3k",1632,640,2.02205882352941,"3","3"
"GATTGGTGTGTCAG-1","pbmc3k",3235,1087,1.17465224111283,"2","2"
"GATTTAGACACTCC-1","pbmc3k",4119,1290,3.15610585093469,"5","5"
"GATTTAGACTAAGC-1","pbmc3k",2964,1193,1.38326585695007,"3","3"
"GATTTAGATTCGTT-1","pbmc3k",662,323,1.51057401812689,"1","1"
"GATTTGCTAACGAA-1","pbmc3k",2322,804,1.80878552971576,"0","0"
"GATTTGCTAACGGG-1","pbmc3k",691,370,1.15774240231548,"1","1"
"GCAACCCTCCTCGT-1","pbmc3k",744,359,1.61290322580645,"1","1"
"GCAACTGATTGCGA-1","pbmc3k",2803,853,2.64002854084909,"0","0"
"GCAAGACTACTGGT-1","pbmc3k",2894,1165,0.621976503109883,"2","2"
"GCAAGACTAGGTCT-1","pbmc3k",2191,836,2.8297581013236,"2","2"
"GCAAGACTCCCTTG-1","pbmc3k",2701,923,2.07330618289522,"0","0"
"GCAATCGACTGCAA-1","pbmc3k",2344,861,3.54095563139932,"4","4"
"GCAATCGAGACGTT-1","pbmc3k",3898,1283,3.05284761416111,"1","1"
"GCAATCGATCCTTA-1","pbmc3k",3053,1010,2.16180805764821,"1","1"
"GCAATTCTCGTGTA-1","pbmc3k",2592,889,1.89043209876543,"2","2"
"GCAATTCTTCTCCG-1","pbmc3k",3261,983,1.80926096289482,"2","2"
"GCACAAACAATGCC-1","pbmc3k",1238,510,3.47334410339257,"4","4"
"GCACAAACGGTACT-1","pbmc3k",2829,939,1.13114174620007,"2","2"
"GCACAATGGTGCAT-1","pbmc3k",2610,881,1.18773946360153,"1","1"
"GCACACCTGTGCTA-1","pbmc3k",1374,695,2.18340611353712,"6","6"
"GCACCACTCATGAC-1","pbmc3k",3641,1208,1.59296896457017,"1","1"
"GCACCACTGTTTGG-1","pbmc3k",776,362,1.54639175257732,"1","1"
"GCACCACTTCCTTA-1","pbmc3k",1945,969,2.9305912596401,"6","6"
"GCACCACTTTCGGA-1","pbmc3k",3246,1135,1.75600739371534,"1","1"
"GCACCTACGCGATT-1","pbmc3k",4271,1236,1.10044486068836,"2","2"
"GCACCTTGGCTGTA-1","pbmc3k",1753,580,1.36908157444381,"0","0"
"GCACCTTGGGGAGT-1","pbmc3k",3739,1102,1.95239368815191,"1","1"
"GCACGGACCAGCTA-1","pbmc3k",3169,972,1.64089618176081,"2","2"
"GCACGGTGACCTCC-1","pbmc3k",2261,824,1.19416187527643,"2","2"
"GCACGGTGCTATGG-1","pbmc3k",3103,1168,2.57815017724782,"1","1"
"GCACTAGAACGGGA-1","pbmc3k",2491,919,2.52910477719791,"2","2"
"GCACTAGAAGATGA-1","pbmc3k",1545,637,2.45954692556634,"3","3"
"GCACTAGACCTTTA-1","pbmc3k",3626,1176,2.39933811362383,"5","5"
"GCACTAGACGTAAC-1","pbmc3k",743,376,1.8842530282638,"3","3"
"GCACTAGAGTCGTA-1","pbmc3k",2419,977,2.35634559735428,"6","6"
"GCACTAGATGCAAC-1","pbmc3k",2664,913,1.38888888888889,"0","0"
"GCACTGCTGAGGCA-1","pbmc3k",3471,1120,1.84384903486027,"4","4"
"GCAGATACAGCGTT-1","pbmc3k",2092,791,3.72848948374761,"4","4"
"GCAGATACGACGGA-1","pbmc3k",1670,619,1.61676646706587,"0","0"
"GCAGATACGCAGAG-1","pbmc3k",2140,750,2.19626168224299,"0","0"
"GCAGCCGACAGTCA-1","pbmc3k",3034,910,2.80158206987475,"0","0"
"GCAGCGTGCACTCC-1","pbmc3k",2298,775,1.26196692776327,"0","0"
"GCAGCTCTCAATCG-1","pbmc3k",1858,659,1.18406889128095,"0","0"
"GCAGCTCTGTTTCT-1","pbmc3k",1684,762,1.18764845605701,"2","2"
"GCAGGGCTAAGAAC-1","pbmc3k",2968,767,1.95417789757412,"0","0"
"GCAGGGCTAAGGGC-1","pbmc3k",1464,673,1.57103825136612,"0","0"
"GCAGGGCTATCGAC-1","pbmc3k",1980,943,2.32323232323232,"6","6"
"GCAGGGCTTGGGAG-1","pbmc3k",2194,939,4.92251595259799,"4","4"
"GCAGTCCTAACTGC-1","pbmc3k",2107,761,2.13573801613669,"2","2"
"GCAGTCCTCTCTTA-1","pbmc3k",1830,725,2.02185792349727,"0","0"
"GCATCAGATGCGTA-1","pbmc3k",2047,767,3.85930630190523,"4","4"
"GCATGTGACAAGCT-1","pbmc3k",2949,871,2.23804679552391,"0","0"
"GCATTGGAGAAGGC-1","pbmc3k",3069,1043,1.20560443141088,"2","2"
"GCCAAAACGAGGCA-1","pbmc3k",2087,850,4.45615716339243,"4","4"
"GCCAAATGATCGAC-1","pbmc3k",2886,994,1.97505197505198,"2","2"
"GCCAACCTACGGTT-1","pbmc3k",2141,680,2.19523587108828,"0","0"
"GCCAACCTCGCCTT-1","pbmc3k",1770,595,1.1864406779661,"0","0"
"GCCACGGAGGCGAA-1","pbmc3k",1999,699,1.75087543771886,"1","1"
"GCCACGGATACTGG-1","pbmc3k",2407,749,2.11882010801828,"0","0"
"GCCACTACGTCTTT-1","pbmc3k",2096,735,2.24236641221374,"2","2"
"GCCCAACTACCGAT-1","pbmc3k",2575,887,1.55339805825243,"0","0"
"GCCCAACTATGGTC-1","pbmc3k",1831,683,1.85690879300928,"4","4"
"GCCCATACAGCGTT-1","pbmc3k",1957,778,0.408788962698007,"4","4"
"GCCGACGAACTCTT-1","pbmc3k",2980,984,2.08053691275168,"1","1"
"GCCGAGTGCGTTGA-1","pbmc3k",3190,988,3.04075235109718,"2","2"
"GCCGGAACGAACTC-1","pbmc3k",2325,830,2.1505376344086,"4","4"
"GCCGGAACGTTCTT-1","pbmc3k",1581,809,2.65654648956357,"6","6"
"GCCGGAACTGCACA-1","pbmc3k",1591,685,4.90257699560025,"4","4"
"GCCGGAACTTACTC-1","pbmc3k",2019,782,1.08964834076275,"2","2"
"GCCGTACTACCTGA-1","pbmc3k",2258,642,3.49867139061116,"0","0"
"GCCGTACTGGCAAG-1","pbmc3k",1696,740,3.65566037735849,"1","1"
"GCCTACACAGTTCG-1","pbmc3k",2056,959,1.50778210116732,"6","6"
"GCCTACACCACTGA-1","pbmc3k",2617,906,2.10164310278945,"5","5"
"GCCTACACCTTGAG-1","pbmc3k",2816,828,0.852272727272727,"0","0"
"GCCTAGCTACGGAG-1","pbmc3k",1727,618,0.984365952518819,"3","3"
"GCCTAGCTCTATTC-1","pbmc3k",2418,821,1.65425971877585,"0","0"
"GCCTAGCTTCTCAT-1","pbmc3k",2154,716,2.1355617455896,"0","0"
"GCCTAGCTTCTCTA-1","pbmc3k",3409,1208,3.31475506013494,"5","5"
"GCCTCAACCATGGT-1","pbmc3k",2602,800,1.11452728670254,"0","0"
"GCCTCAACTCTTTG-1","pbmc3k",5981,1954,1.12021401103494,"2","2"
"GCCTCATGTCTTAC-1","pbmc3k",2173,749,3.03727565577543,"4","4"
"GCCTGACTCTCAAG-1","pbmc3k",2001,754,1.44927536231884,"1","1"
"GCGAAGGAACTCTT-1","pbmc3k",1247,570,2.32558139534884,"0","0"
"GCGAAGGATGCCAA-1","pbmc3k",2464,827,1.98863636363636,"0","0"
"GCGAGAGAGGGACA-1","pbmc3k",1881,719,1.16959064327485,"0","0"
"GCGAGCACTGTCGA-1","pbmc3k",611,334,1.96399345335516,"3","3"
"GCGAGCACTTGACG-1","pbmc3k",2281,800,2.4989039894783,"0","0"
"GCGAGCACTTGCTT-1","pbmc3k",3144,1001,3.05343511450382,"1","1"
"GCGATATGGTACGT-1","pbmc3k",2070,885,1.01449275362319,"0","0"
"GCGATATGGTGTTG-1","pbmc3k",1762,631,2.44040862656073,"0","0"
"GCGCACGAAGTCGT-1","pbmc3k",2262,755,2.78514588859416,"0","0"
"GCGCACGACTTTAC-1","pbmc3k",1686,628,1.54211150652432,"1","1"
"GCGCATCTAGGTCT-1","pbmc3k",1395,550,1.36200716845878,"0","0"
"GCGCATCTGGTTAC-1","pbmc3k",2513,979,2.86510147234381,"8","8"
"GCGCATCTTCGATG-1","pbmc3k",2295,765,1.6557734204793,"0","0"
"GCGCATCTTGCTCC-1","pbmc3k",1995,835,2.10526315789474,"6","6"
"GCGCATCTTTCTAC-1","pbmc3k",2507,776,1.75508575987236,"0","0"
"GCGCGAACGTTCTT-1","pbmc3k",1659,637,1.38637733574442,"3","3"
"GCGCGATGAACGGG-1","pbmc3k",2632,857,0.987841945288754,"0","0"
"GCGCGATGGTGCAT-1","pbmc3k",3225,1410,3.28682170542636,"6","6"
"GCGGAGCTCCTGAA-1","pbmc3k",1951,746,1.53767298821117,"0","0"
"GCGGCAACCCGATA-1","pbmc3k",2371,778,1.05440742302826,"0","0"
"GCGGCAACGGAGGT-1","pbmc3k",1319,539,2.88097043214556,"3","3"
"GCGGCAACTGTCGA-1","pbmc3k",699,365,4.72103004291846,"1","1"
"GCGTAAACACGGTT-1","pbmc3k",5924,1625,2.14382174206617,"7","7"
"GCGTAATGCACCAA-1","pbmc3k",3965,1375,2.74905422446406,"5","5"
"GCGTATGAACACCA-1","pbmc3k",2130,687,2.30046948356808,"0","0"
"GCGTATGATGAGAA-1","pbmc3k",2731,1000,0.988648846576346,"1","1"
"GCTACAGAAAGGTA-1","pbmc3k",2450,805,1.18367346938776,"0","0"
"GCTACAGAATCTTC-1","pbmc3k",648,337,1.85185185185185,"3","3"
"GCTACCTGAGAAGT-1","pbmc3k",3293,1101,4.49438202247191,"1","1"
"GCTACCTGATCACG-1","pbmc3k",2168,796,1.06088560885609,"2","2"
"GCTACGCTAGAATG-1","pbmc3k",2978,964,4.1974479516454,"0","0"
"GCTACGCTAGCTAC-1","pbmc3k",2110,782,3.83886255924171,"2","2"
"GCTACGCTCCCTAC-1","pbmc3k",2757,1016,1.30576713819369,"2","2"
"GCTAGAACAGAGGC-1","pbmc3k",1512,641,1.65343915343915,"3","3"
"GCTAGAACGGATCT-1","pbmc3k",2698,965,2.18680504077094,"2","2"
"GCTAGAACTCCCGT-1","pbmc3k",1102,434,1.81488203266788,"0","0"
"GCTAGATGAGCTCA-1","pbmc3k",2305,826,3.38394793926247,"1","1"
"GCTAGATGGCGATT-1","pbmc3k",2014,777,2.83018867924528,"4","4"
"GCTATACTAAGGCG-1","pbmc3k",3086,998,1.49060272197019,"2","2"
"GCTATACTAGCGTT-1","pbmc3k",1509,601,3.90987408880053,"4","4"
"GCTATACTCTCTTA-1","pbmc3k",2779,795,1.97912918315941,"0","0"
"GCTATACTGGACGA-1","pbmc3k",2823,944,2.40878498051718,"2","2"
"GCTCAAGAACCATG-1","pbmc3k",5552,1674,1.80115273775216,"5","5"
"GCTCAAGAAGTCAC-1","pbmc3k",3219,1123,2.3609816713265,"1","1"
"GCTCAGCTGTCTAG-1","pbmc3k",1682,595,1.12960760998811,"0","0"
"GCTCCATGAGAAGT-1","pbmc3k",2129,994,1.40911225927666,"4","4"
"GCTCCATGCCGAAT-1","pbmc3k",1953,719,1.02406554019457,"0","0"
"GCTCGACTCTAGTG-1","pbmc3k",1417,587,2.75229357798165,"1","1"
"GCTGATGAGGTATC-1","pbmc3k",1907,758,2.62191924488726,"1","1"
"GCTTAACTACAGTC-1","pbmc3k",916,452,2.94759825327511,"1","1"
"GCTTAACTACTGGT-1","pbmc3k",1796,778,2.17149220489978,"4","4"
"GCTTAACTGCTGAT-1","pbmc3k",2605,836,0.499040307101727,"0","0"
"GCTTAACTTAGACC-1","pbmc3k",1124,515,3.91459074733096,"1","1"
"GCTTAACTTCAGTG-1","pbmc3k",2709,844,1.62421557770395,"0","0"
"GGAACACTCACTTT-1","pbmc3k",778,392,1.9280205655527,"1","1"
"GGAACACTTCAGAC-1","pbmc3k",623,278,2.8892455858748,"8","8"
"GGAACTACTACTTC-1","pbmc3k",1803,707,2.60676650027732,"2","2"
"GGAACTTGAAGGTA-1","pbmc3k",3452,1158,2.49130938586327,"1","1"
"GGAACTTGAGAATG-1","pbmc3k",2301,794,3.21599304650152,"2","2"
"GGAACTTGCTCCAC-1","pbmc3k",2403,892,1.78942987931752,"1","1"
"GGAACTTGGGTAGG-1","pbmc3k",1740,585,4.36781609195402,"3","3"
"GGAAGGACATCGGT-1","pbmc3k",1386,558,0.937950937950938,"1","1"
"GGAAGGACCACTAG-1","pbmc3k",2052,857,1.12085769980507,"2","2"
"GGAAGGACGAGGGT-1","pbmc3k",2879,877,3.36922542549496,"2","2"
"GGAAGGACGCGAAG-1","pbmc3k",2168,857,1.98339483394834,"2","2"
"GGAAGGTGGCGAGA-1","pbmc3k",1630,839,2.33128834355828,"6","6"
"GGAATCTGAAGGGC-1","pbmc3k",1733,642,2.13502596653203,"2","2"
"GGAATCTGAGGAGC-1","pbmc3k",3498,1305,1.20068610634648,"2","2"
"GGAATCTGCTTAGG-1","pbmc3k",1512,594,2.31481481481481,"3","3"
"GGAATCTGCTTGTT-1","pbmc3k",3348,1179,4.86857825567503,"1","1"
"GGAATCTGGGAGGT-1","pbmc3k",2667,908,0.78740157480315,"0","0"
"GGAATGCTTTCTAC-1","pbmc3k",2252,708,1.50976909413854,"0","0"
"GGACAGGAAAGGGC-1","pbmc3k",2172,817,3.82136279926335,"4","4"
"GGACAGGAGTGCTA-1","pbmc3k",2024,814,2.42094861660079,"3","3"
"GGACAGGATCTCGC-1","pbmc3k",2190,840,1.23287671232877,"2","2"
"GGACCCGAAGCTAC-1","pbmc3k",3320,1194,1.62650602409639,"1","1"
"GGACCGTGCTTACT-1","pbmc3k",1554,639,1.09395109395109,"1","1"
"GGACCGTGGGAACG-1","pbmc3k",4455,1425,2.80583613916947,"7","7"
"GGACCGTGTAACGC-1","pbmc3k",2912,945,2.26648351648352,"2","2"
"GGACCTCTGTAAGA-1","pbmc3k",2396,897,3.25542570951586,"1","1"
"GGACCTCTTTTCTG-1","pbmc3k",2023,851,3.06475531389026,"4","4"
"GGACGAGAGTGTCA-1","pbmc3k",930,460,2.58064516129032,"1","1"
"GGACGCTGACGCAT-1","pbmc3k",3046,1096,2.85620485883125,"4","4"
"GGACGCTGCTAGCA-1","pbmc3k",3128,823,1.98209718670077,"0","0"
"GGACGCTGTCCTCG-1","pbmc3k",1529,780,1.3734466971877,"6","6"
"GGAGAGACGTGAGG-1","pbmc3k",2676,931,1.60687593423019,"3","3"
"GGAGCAGATTCAGG-1","pbmc3k",1323,541,2.72108843537415,"3","3"
"GGAGCCACCTTCTA-1","pbmc3k",3349,1135,1.58256195879367,"3","3"
"GGAGCGCTACGCAT-1","pbmc3k",3764,1223,1.48777895855473,"1","1"
"GGAGCGCTCCGAAT-1","pbmc3k",3243,994,1.17175454825779,"2","2"
"GGAGGATGCCACCT-1","pbmc3k",1585,572,0.946372239747634,"0","0"
"GGAGGATGGTTGAC-1","pbmc3k",1790,778,2.01117318435754,"1","1"
"GGAGGATGTCAGTG-1","pbmc3k",2009,765,2.33947237431558,"1","1"
"GGAGGCCTCGTTGA-1","pbmc3k",1941,906,1.59711488923235,"6","6"
"GGAGGCCTTTCTTG-1","pbmc3k",2407,792,2.11882010801828,"0","0"
"GGAGGTGATACGCA-1","pbmc3k",2326,753,2.19260533104041,"2","2"
"GGAGGTGATCGCTC-1","pbmc3k",1811,770,1.93263390392049,"2","2"
"GGATACTGCAGCTA-1","pbmc3k",2650,852,1.73584905660377,"2","2"
"GGATACTGTCTAGG-1","pbmc3k",2713,934,1.3638039071139,"2","2"
"GGATAGCTCGTCTC-1","pbmc3k",3052,1046,1.8348623853211,"2","2"
"GGATAGCTCTGAAC-1","pbmc3k",2051,817,3.12042905899561,"4","4"
"GGATGTACCAAAGA-1","pbmc3k",1886,644,1.64369034994698,"3","3"
"GGATGTACGCGAAG-1","pbmc3k",1594,618,1.56838143036386,"0","0"
"GGATGTACGTCTTT-1","pbmc3k",562,314,3.02491103202847,"1","1"
"GGATGTACGTGTCA-1","pbmc3k",1635,723,3.18042813455657,"4","4"
"GGATTTCTAGGTTC-1","pbmc3k",1900,735,2.31578947368421,"2","2"
"GGATTTCTTTGTCT-1","pbmc3k",3343,1160,1.94436135207897,"1","1"
"GGCAAGGAAAAAGC-1","pbmc3k",2374,1078,2.14827295703454,"6","6"
"GGCAAGGAAGAAGT-1","pbmc3k",2710,867,1.77121771217712,"2","2"
"GGCAAGGACTTGGA-1","pbmc3k",3092,1030,2.23156532988357,"1","1"
"GGCAAGGAGGACTT-1","pbmc3k",2909,913,1.58129941560674,"0","0"
"GGCAATACGCTAAC-1","pbmc3k",1076,474,3.25278810408922,"3","3"
"GGCAATACGGCATT-1","pbmc3k",1107,488,2.4390243902439,"4","4"
"GGCAATACGTTTCT-1","pbmc3k",2075,795,2.21686746987952,"3","3"
"GGCACGTGGCTTAG-1","pbmc3k",3599,1200,1.33370380661295,"5","5"
"GGCACTCTTTTGTC-1","pbmc3k",2542,994,1.1801730920535,"2","2"
"GGCATATGCTTATC-1","pbmc3k",1939,897,1.49561629706034,"6","6"
"GGCATATGGGGAGT-1","pbmc3k",575,212,1.21739130434783,"8","8"
"GGCATATGTGTGAC-1","pbmc3k",5303,1584,2.71544408825193,"2","2"
"GGCCACGACAGAGG-1","pbmc3k",890,426,3.03370786516854,"0","0"
"GGCCAGACTGGTTG-1","pbmc3k",2562,945,1.6783762685402,"2","2"
"GGCCCAGAAAGTAG-1","pbmc3k",2684,935,1.08047690014903,"1","1"
"GGCCGAACAACGAA-1","pbmc3k",2353,723,2.59243518912027,"0","0"
"GGCCGAACGCAGAG-1","pbmc3k",837,380,3.584229390681,"0","0"
"GGCCGAACGTAGGG-1","pbmc3k",1808,714,2.10176991150442,"0","0"
"GGCCGAACTCTAGG-1","pbmc3k",1494,739,0.602409638554217,"6","6"
"GGCCGATGCAGGAG-1","pbmc3k",2877,930,1.42509558567953,"2","2"
"GGCCGATGCCGAAT-1","pbmc3k",2614,971,1.3389441469013,"2","2"
"GGCCGATGTACTCT-1","pbmc3k",2606,771,2.41749808135073,"4","4"
"GGCGACACTGCCCT-1","pbmc3k",4438,1494,1.75754844524561,"4","4"
"GGCGACTGCGTAAC-1","pbmc3k",2522,904,0.713719270420301,"2","2"
"GGCGCATGCCTAAG-1","pbmc3k",2095,797,2.05250596658711,"5","5"
"GGCGCATGCTCCAC-1","pbmc3k",2534,952,0.710339384372534,"2","2"
"GGCGCATGTGGAAA-1","pbmc3k",1200,470,0.666666666666667,"0","0"
"GGCGGACTAGAGGC-1","pbmc3k",1759,820,1.70551449687322,"2","2"
"GGCGGACTAGGAGC-1","pbmc3k",1974,805,1.67173252279635,"4","4"
"GGCGGACTCTGACA-1","pbmc3k",2075,713,1.49397590361446,"0","0"
"GGCGGACTCTTGGA-1","pbmc3k",1933,827,3.36264873254009,"4","4"
"GGCGGACTTACTGG-1","pbmc3k",2403,726,3.16271327507283,"0","0"
"GGCGGACTTGAACC-1","pbmc3k",2110,771,1.61137440758294,"2","2"
"GGCTAAACACCTGA-1","pbmc3k",2433,975,0.534319769831484,"6","6"
"GGCTAAACTCTTAC-1","pbmc3k",2665,854,1.68855534709193,"0","0"
"GGCTAATGAGCACT-1","pbmc3k",1650,727,1.87878787878788,"4","4"
"GGCTAATGGTCTAG-1","pbmc3k",2253,759,2.0861074123391,"0","0"
"GGCTCACTACTCAG-1","pbmc3k",3515,1083,1.90611664295875,"1","1"
"GGGAACGAAGCTCA-1","pbmc3k",4319,1554,2.50057883769391,"5","5"
"GGGAACGACACAAC-1","pbmc3k",1711,691,1.87025131502046,"3","3"
"GGGAACGAGTGTCA-1","pbmc3k",1148,558,2.26480836236934,"1","1"
"GGGAAGTGTTGAGC-1","pbmc3k",1553,625,4.31423052157115,"1","1"
"GGGACCACACGTTG-1","pbmc3k",1863,795,2.63016639828234,"4","4"
"GGGACCACAGAACA-1","pbmc3k",2090,749,2.3444976076555,"0","0"
"GGGACCACGAATAG-1","pbmc3k",2384,837,1.25838926174497,"2","2"
"GGGACCACGTCATG-1","pbmc3k",2558,797,2.07193119624707,"0","0"
"GGGACCACTCAAGC-1","pbmc3k",1064,453,1.69172932330827,"0","0"
"GGGACCACTCGTGA-1","pbmc3k",2290,733,2.2707423580786,"0","0"
"GGGACCACTGCATG-1","pbmc3k",1929,604,1.71073094867807,"0","0"
"GGGACCTGACCCTC-1","pbmc3k",3079,1028,1.75381617408249,"1","1"
"GGGACCTGCTTGCC-1","pbmc3k",2338,803,1.96749358426005,"0","0"
"GGGACCTGTGGAGG-1","pbmc3k",1762,669,3.23496027241771,"3","3"
"GGGATGGACGACAT-1","pbmc3k",1307,503,1.07115531752104,"3","3"
"GGGATGGATACTTC-1","pbmc3k",2272,858,2.77288732394366,"2","2"
"GGGATGGATGGTTG-1","pbmc3k",2068,832,2.36943907156673,"1","1"
"GGGATTACGTCTAG-1","pbmc3k",3000,1018,1.86666666666667,"0","0"
"GGGCAAGATGCATG-1","pbmc3k",1424,585,2.3876404494382,"1","1"
"GGGCACACGGTGAG-1","pbmc3k",4254,1221,3.4555712270804,"5","5"
"GGGCACACGTTGCA-1","pbmc3k",4081,1286,2.08282283753982,"2","2"
"GGGCAGCTTGGGAG-1","pbmc3k",2245,902,2.44988864142539,"4","4"
"GGGCAGCTTTTCTG-1","pbmc3k",2333,752,1.58594084869267,"0","0"
"GGGCCAACCTTGGA-1","pbmc3k",8415,2013,1.05763517528223,"7","7"
"GGGCCAACGCGTTA-1","pbmc3k",2177,773,2.57234726688103,"3","3"
"GGGCCAACTACGCA-1","pbmc3k",1432,663,2.58379888268156,"1","1"
"GGGCCAACTCCAAG-1","pbmc3k",2437,840,1.84653262207632,"3","3"
"GGGCCATGATGGTC-1","pbmc3k",2480,851,3.34677419354839,"4","4"
"GGGCCATGTTGACG-1","pbmc3k",2262,887,1.63572060123784,"2","2"
"GGGTAACTCAGCTA-1","pbmc3k",3427,1079,2.07178290049606,"2","2"
"GGGTAACTCTAGTG-1","pbmc3k",1770,653,1.52542372881356,"3","3"
"GGGTAACTCTGGAT-1","pbmc3k",1948,674,1.95071868583162,"0","0"
"GGGTTAACGTGCAT-1","pbmc3k",1812,908,1.65562913907285,"6","6"
"GGTAAAGAGCTAAC-1","pbmc3k",1614,734,3.15985130111524,"4","4"
"GGTACAACTGCAAC-1","pbmc3k",2654,909,0.678221552373775,"2","2"
"GGTACATGAAAGCA-1","pbmc3k",1697,670,2.18031820860342,"3","3"
"GGTACATGAGCTCA-1","pbmc3k",1751,800,0.913763563677898,"2","2"
"GGTACATGCGGTAT-1","pbmc3k",1373,539,1.74799708667152,"0","0"
"GGTACATGGTTACG-1","pbmc3k",1928,697,1.45228215767635,"2","2"
"GGTACATGTGGGAG-1","pbmc3k",2747,941,2.32981434291955,"2","2"
"GGTACTGAACTCTT-1","pbmc3k",2048,826,2.83203125,"1","1"
"GGTAGTACACCACA-1","pbmc3k",2290,800,2.62008733624454,"4","4"
"GGTAGTACACTAGC-1","pbmc3k",1655,642,3.02114803625378,"1","1"
"GGTAGTACCCTGTC-1","pbmc3k",2091,733,1.96078431372549,"0","0"
"GGTAGTACGCCATA-1","pbmc3k",1345,605,1.56133828996283,"1","1"
"GGTAGTACTGTCTT-1","pbmc3k",2747,991,1.23771386967601,"2","2"
"GGTATCGAGACAAA-1","pbmc3k",809,379,1.85414091470952,"1","1"
"GGTATCGATGAACC-1","pbmc3k",1507,561,2.05706702057067,"3","3"
"GGTCAAACCAAAGA-1","pbmc3k",2389,844,1.1301799916283,"0","0"
"GGTCTAGAGAAACA-1","pbmc3k",2333,787,2.82897556793828,"1","1"
"GGTCTAGATAGCGT-1","pbmc3k",4660,1460,1.20171673819742,"1","1"
"GGTGATACCGACTA-1","pbmc3k",1694,728,2.47933884297521,"3","3"
"GGTGATACGACTAC-1","pbmc3k",2716,940,1.4359351988218,"1","1"
"GGTGATACTGTTTC-1","pbmc3k",2082,783,1.20076849183477,"0","0"
"GGTGGAGAAACGGG-1","pbmc3k",1394,693,1.72166427546628,"6","6"
"GGTGGAGAAGTAGA-1","pbmc3k",1897,794,1.68687401159726,"2","2"
"GGTGGAGACAGATC-1","pbmc3k",1440,809,2.01388888888889,"4","4"
"GGTGGAGATCGATG-1","pbmc3k",2296,827,2.09059233449477,"2","2"
"GGTGGAGATCTCTA-1","pbmc3k",1832,647,2.45633187772926,"1","1"
"GGTGGAGATTACTC-1","pbmc3k",2452,880,1.01957585644372,"4","4"
"GGTTTACTACGCAT-1","pbmc3k",2344,970,2.26109215017065,"4","4"
"GTAACGTGACCTCC-1","pbmc3k",4521,1321,1.79163901791639,"1","1"
"GTAACGTGATCGGT-1","pbmc3k",1887,679,2.43773184949656,"3","3"
"GTAACGTGCAGCTA-1","pbmc3k",2107,772,1.61366872330327,"3","3"
"GTAACGTGGTTGAC-1","pbmc3k",2304,781,2.08333333333333,"3","3"
"GTAAGCACAACGGG-1","pbmc3k",2030,766,0.83743842364532,"0","0"
"GTAAGCACTCATTC-1","pbmc3k",1137,519,2.11081794195251,"3","3"
"GTAAGCTGGTACCA-1","pbmc3k",1449,670,2.89855072463768,"1","1"
"GTAATAACCTTCTA-1","pbmc3k",2207,795,3.57951971001359,"1","1"
"GTAATAACGTTGTG-1","pbmc3k",2117,643,2.55077940481814,"0","0"
"GTACCCTGACAGTC-1","pbmc3k",5049,1548,1.60427807486631,"5","5"
"GTACCCTGGAGCTT-1","pbmc3k",2350,756,1.65957446808511,"0","0"
"GTACCCTGTCCTTA-1","pbmc3k",1631,723,1.83936235438381,"4","4"
"GTACCCTGTGAACC-1","pbmc3k",2510,787,2.47011952191235,"0","0"
"GTACGTGAACGTTG-1","pbmc3k",1741,642,2.81447443997702,"4","4"
"GTACTTTGTCGACA-1","pbmc3k",2420,856,2.60330578512397,"4","4"
"GTAGACTGAGATGA-1","pbmc3k",2139,825,2.80504908835905,"1","1"
"GTAGACTGTATTCC-1","pbmc3k",2008,730,1.09561752988048,"0","0"
"GTAGCAACAGTCGT-1","pbmc3k",2231,830,1.97220977140296,"1","1"
"GTAGCAACCATTTC-1","pbmc3k",1655,651,3.38368580060423,"3","3"
"GTAGCAACGGTAGG-1","pbmc3k",955,429,0.418848167539267,"1","1"
"GTAGCATGCACTCC-1","pbmc3k",1680,641,2.44047619047619,"3","3"
"GTAGCATGTAAGCC-1","pbmc3k",1542,635,4.15045395590143,"1","1"
"GTAGCCCTGACGTT-1","pbmc3k",2451,810,3.22317421460628,"0","0"
"GTAGCTGAAGCTAC-1","pbmc3k",5102,1526,2.72442179537436,"5","5"
"GTAGCTGAATTCGG-1","pbmc3k",2429,858,2.2231370934541,"0","0"
"GTAGGTACACGGGA-1","pbmc3k",2857,971,1.71508575428771,"1","1"
"GTAGTGACCTCATT-1","pbmc3k",2327,743,1.76192522561238,"0","0"
"GTAGTGTGAGCGGA-1","pbmc3k",2053,866,1.55869459327813,"6","6"
"GTAGTGTGAGGCGA-1","pbmc3k",1146,506,2.35602094240838,"1","1"
"GTAGTGTGTGGTTG-1","pbmc3k",1968,623,0.863821138211382,"0","0"
"GTATCACTGGTAGG-1","pbmc3k",2502,922,2.75779376498801,"1","1"
"GTATCTACAGAAGT-1","pbmc3k",2282,974,1.97195442594216,"4","4"
"GTATCTACGACGAG-1","pbmc3k",1938,800,1.70278637770898,"4","4"
"GTATCTACGTTACG-1","pbmc3k",2807,1013,3.02814392589954,"2","2"
"GTATTAGAAACAGA-1","pbmc3k",3487,1426,1.43389733295096,"2","2"
"GTATTAGAGGTCTA-1","pbmc3k",1408,584,1.42045454545455,"0","0"
"GTATTCACACAGCT-1","pbmc3k",1804,690,2.99334811529933,"0","0"
"GTATTCACGGGTGA-1","pbmc3k",1739,702,2.12765957446809,"4","4"
"GTCAACGACACTGA-1","pbmc3k",3628,1175,1.79162072767365,"2","2"
"GTCAACGAGTGTAC-1","pbmc3k",2148,806,1.86219739292365,"1","1"
"GTCAATCTACACCA-1","pbmc3k",2272,882,2.42077464788732,"4","4"
"GTCAATCTGTAGCT-1","pbmc3k",3332,1245,3.21128451380552,"4","4"
"GTCAATCTTGTGGT-1","pbmc3k",2260,764,0.663716814159292,"0","0"
"GTCACCTGCCTCCA-1","pbmc3k",2126,742,1.03480714957667,"0","0"
"GTCACCTGTCCCGT-1","pbmc3k",2794,905,2.43378668575519,"2","2"
"GTCATACTAATCGC-1","pbmc3k",1607,663,2.9869321717486,"3","3"
"GTCATACTGCGATT-1","pbmc3k",1456,668,0.686813186813187,"4","4"
"GTCATACTTCGCCT-1","pbmc3k",979,359,2.96220633299285,"8","8"
"GTCATACTTTACCT-1","pbmc3k",1859,792,1.88273265196342,"4","4"
"GTCATACTTTGACG-1","pbmc3k",2734,955,1.17044623262619,"2","2"
"GTCCAAGAAAAACG-1","pbmc3k",2260,765,1.32743362831858,"0","0"
"GTCCACTGACCTCC-1","pbmc3k",3330,935,1.17117117117117,"0","0"
"GTCCACTGGGTACT-1","pbmc3k",4414,1396,2.78658812868147,"5","5"
"GTCCAGCTACGGGA-1","pbmc3k",2634,942,1.25284738041002,"0","0"
"GTCCCATGTGGTGT-1","pbmc3k",4744,1467,2.52951096121417,"1","1"
"GTCGAATGAAGGCG-1","pbmc3k",2119,904,2.2180273714016,"1","1"
"GTCGACCTGAATGA-1","pbmc3k",1550,812,2.06451612903226,"6","6"
"GTCGACCTGTTCAG-1","pbmc3k",1832,568,1.96506550218341,"0","0"
"GTCGCACTTGAGAA-1","pbmc3k",4063,1374,1.6490278119616,"3","3"
"GTCTAACTGGTCTA-1","pbmc3k",3369,1058,2.87919263876521,"5","5"
"GTCTAGGAGCTTCC-1","pbmc3k",3650,1211,2.10958904109589,"1","1"
"GTGAACACACTCTT-1","pbmc3k",2214,693,1.3550135501355,"0","0"
"GTGAACACTCAGGT-1","pbmc3k",1243,530,0.965406275140788,"0","0"
"GTGACCCTTAAGCC-1","pbmc3k",1895,675,1.53034300791557,"2","2"
"GTGATGACAAGTGA-1","pbmc3k",6329,1815,2.11723811028599,"2","2"
"GTGATGACCTGAGT-1","pbmc3k",1095,502,2.00913242009132,"3","3"
"GTGATGACGGTTTG-1","pbmc3k",2084,801,2.44721689059501,"4","4"
"GTGATTCTCATTTC-1","pbmc3k",2567,941,0.934943513829373,"2","2"
"GTGATTCTCTCTCG-1","pbmc3k",2595,872,2.65895953757225,"1","1"
"GTGATTCTGGTTCA-1","pbmc3k",1653,810,1.69388989715668,"6","6"
"GTGATTCTGTCGAT-1","pbmc3k",1991,694,1.80813661476645,"0","0"
"GTGATTCTTAGCGT-1","pbmc3k",1343,493,2.45718540580789,"3","3"
"GTGCCACTCAGGAG-1","pbmc3k",1895,658,0.897097625329815,"0","0"
"GTGGATTGCACTAG-1","pbmc3k",4560,1466,3.22368421052632,"5","5"
"GTGGATTGCGGAGA-1","pbmc3k",2773,975,2.27190768121168,"2","2"
"GTGGATTGTAACGC-1","pbmc3k",2764,832,1.88133140376266,"0","0"
"GTGTACGATCAGTG-1","pbmc3k",1979,689,1.66750884284992,"0","0"
"GTGTAGTGGGTACT-1","pbmc3k",2625,919,2.74285714285714,"2","2"
"GTGTATCTAGCCTA-1","pbmc3k",1432,623,2.44413407821229,"3","3"
"GTGTATCTAGTAGA-1","pbmc3k",4442,1426,2.04862674470959,"6","6"
"GTGTATCTGTTACG-1","pbmc3k",2120,815,1.60377358490566,"3","3"
"GTGTCAGAAGCGTT-1","pbmc3k",2052,905,2.09551656920078,"4","4"
"GTTAAAACCGAGAG-1","pbmc3k",2019,956,0.842000990589401,"6","6"
"GTTAAATGCTCGAA-1","pbmc3k",2650,764,2.26415094339623,"0","0"
"GTTAAATGTCGACA-1","pbmc3k",3778,1202,1.95870831127581,"3","3"
"GTTAACCTAGCTAC-1","pbmc3k",2447,826,2.69718022067838,"2","2"
"GTTAACCTTGCTTT-1","pbmc3k",6097,1643,1.62374938494341,"7","7"
"GTTAGGTGCACTCC-1","pbmc3k",1389,552,3.52771778257739,"0","0"
"GTTAGGTGCCAGTA-1","pbmc3k",4971,1496,2.67551800442567,"1","1"
"GTTAGGTGCCCAAA-1","pbmc3k",2189,953,0.59387848332572,"5","5"
"GTTAGGTGGAACTC-1","pbmc3k",1652,646,1.75544794188862,"3","3"
"GTTAGTCTAAGAAC-1","pbmc3k",1153,536,4.33651344319167,"4","4"
"GTTATAGAGGACAG-1","pbmc3k",2052,785,1.60818713450292,"0","0"
"GTTATGCTTTCATC-1","pbmc3k",2427,810,1.89534404614751,"0","0"
"GTTCAACTGGGACA-1","pbmc3k",1501,759,2.13191205862758,"6","6"
"GTTCAACTTATGCG-1","pbmc3k",2656,861,2.22138554216867,"0","0"
"GTTGACGAGCCCTT-1","pbmc3k",1898,837,0.948366701791359,"4","4"
"GTTGACGATATCGG-1","pbmc3k",2262,1100,1.94518125552608,"6","6"
"GTTGAGTGGTCTTT-1","pbmc3k",4394,1389,1.06964041875284,"1","1"
"GTTGAGTGTGCTTT-1","pbmc3k",3840,1042,1.953125,"2","2"
"GTTGATCTGGGACA-1","pbmc3k",943,371,0.424178154825027,"0","0"
"GTTGATCTTTTCAC-1","pbmc3k",2460,970,2.15447154471545,"4","4"
"GTTGGATGTTTACC-1","pbmc3k",4436,1362,2.52479711451758,"5","5"
"GTTGTACTATTCCT-1","pbmc3k",3101,1135,1.96710738471461,"1","1"
"GTTGTACTTTTGGG-1","pbmc3k",2402,845,2.248126561199,"2","2"
"GTTTAAGACCATGA-1","pbmc3k",2598,935,2.27097767513472,"1","1"
"GTTTAAGACTGTCC-1","pbmc3k",1584,710,2.20959595959596,"4","4"
"TAAACAACCAACCA-1","pbmc3k",3425,1070,1.86861313868613,"2","2"
"TAAACAACGAATCC-1","pbmc3k",2815,911,1.06571936056838,"3","3"
"TAAAGACTCAGGAG-1","pbmc3k",2373,853,1.51706700379267,"2","2"
"TAAATCGATGAGGG-1","pbmc3k",2035,758,1.91646191646192,"0","0"
"TAACAATGTGCCCT-1","pbmc3k",1343,654,1.56366344005957,"3","3"
"TAACACCTTCGCTC-1","pbmc3k",2754,980,1.45243282498184,"1","1"
"TAACACCTTCGTAG-1","pbmc3k",3282,1192,1.76721511273614,"1","1"
"TAACACCTTGTTTC-1","pbmc3k",999,394,1.1011011011011,"8","8"
"TAACATGACACTAG-1","pbmc3k",3388,1121,1.94805194805195,"3","3"
"TAACCGGACTTACT-1","pbmc3k",2009,616,1.34395221503235,"0","0"
"TAACGTCTCAACCA-1","pbmc3k",1930,746,2.17616580310881,"1","1"
"TAACGTCTCATTGG-1","pbmc3k",2567,876,2.14257888585898,"0","0"
"TAACTAGAATTTCC-1","pbmc3k",2537,948,1.41899881750099,"2","2"
"TAACTAGACTTAGG-1","pbmc3k",2921,965,2.01985621362547,"2","2"
"TAACTAGATCTGGA-1","pbmc3k",2348,789,1.44804088586031,"0","0"
"TAACTCACGAGGAC-1","pbmc3k",1920,750,4.0625,"1","1"
"TAACTCACGTACAC-1","pbmc3k",2011,717,2.6355047240179,"3","3"
"TAACTCACGTATCG-1","pbmc3k",3806,1197,1.94429847609038,"1","1"
"TAACTCACTCTACT-1","pbmc3k",2223,948,3.01394511920828,"6","6"
"TAAGAACTGTGTCA-1","pbmc3k",1729,624,3.7593984962406,"1","1"
"TAAGAGGACTAAGC-1","pbmc3k",2017,782,2.13187902825979,"3","3"
"TAAGAGGACTTGTT-1","pbmc3k",2060,913,1.55339805825243,"6","6"
"TAAGATACGGTTCA-1","pbmc3k",1465,659,0.955631399317406,"1","1"
"TAAGATTGCGTAGT-1","pbmc3k",2788,912,1.57819225251076,"2","2"
"TAAGATTGTTGCTT-1","pbmc3k",2289,863,1.26692878986457,"2","2"
"TAAGCGTGAGGTTC-1","pbmc3k",2837,958,2.29115262601339,"1","1"
"TAAGCGTGGACAAA-1","pbmc3k",5189,1634,2.06205434573135,"1","1"
"TAAGCGTGGGAAAT-1","pbmc3k",2329,795,1.15929583512237,"0","0"
"TAAGCGTGTGCTCC-1","pbmc3k",4972,1502,2.23250201126307,"5","5"
"TAAGGCTGCCATGA-1","pbmc3k",2360,905,2.5,"2","2"
"TAAGGCTGCTGCTC-1","pbmc3k",2146,713,1.58434296365331,"0","0"
"TAAGGCTGTCTCGC-1","pbmc3k",3420,1195,2.13450292397661,"1","1"
"TAAGGGCTGCTGTA-1","pbmc3k",1852,867,1.34989200863931,"2","2"
"TAAGGGCTTTACTC-1","pbmc3k",2206,817,3.21849501359927,"0","0"
"TAAGTAACCGAGAG-1","pbmc3k",701,374,2.71041369472183,"3","3"
"TAAGTAACCTCCAC-1","pbmc3k",1740,656,3.33333333333333,"3","3"
"TAAGTAACCTGTAG-1","pbmc3k",3395,1045,2.76877761413844,"2","2"
"TAAGTAACTTGTCT-1","pbmc3k",2112,744,2.93560606060606,"2","2"
"TAATGATGAGCGGA-1","pbmc3k",2767,865,1.55402963498374,"0","0"
"TAATGCCTCATGAC-1","pbmc3k",4185,1182,0.955794504181601,"2","2"
"TAATGCCTCGTCTC-1","pbmc3k",4211,1667,1.97102825932083,"6","6"
"TAATGTGAAGATGA-1","pbmc3k",1314,539,1.44596651445966,"0","0"
"TAATGTGACTGCAA-1","pbmc3k",2532,942,2.17219589257504,"1","1"
"TAATGTGATTACTC-1","pbmc3k",2325,838,2.83870967741935,"2","2"
"TACAAATGGGTACT-1","pbmc3k",2545,925,2.20039292730845,"2","2"
"TACAATGAAAACAG-1","pbmc3k",1994,795,1.60481444332999,"1","1"
"TACAATGACTTAGG-1","pbmc3k",1946,732,1.69578622816033,"2","2"
"TACAATGATGCTAG-1","pbmc3k",2466,831,3.28467153284672,"4","4"
"TACACACTCACACA-1","pbmc3k",3128,967,2.30179028132992,"0","0"
"TACACACTCTTACT-1","pbmc3k",1246,620,3.21027287319422,"2","2"
"TACATAGAACGCAT-1","pbmc3k",2223,814,3.55375618533513,"4","4"
"TACATCACACGGGA-1","pbmc3k",1621,604,1.66563849475632,"0","0"
"TACATCACCTGTTT-1","pbmc3k",4201,1390,3.6895977148298,"5","5"
"TACATCACGCTAAC-1","pbmc3k",1792,652,1.78571428571429,"3","3"
"TACATCACTGAACC-1","pbmc3k",4600,1507,1.28260869565217,"5","5"
"TACCATTGAGGTTC-1","pbmc3k",1531,621,1.50228608752449,"0","0"
"TACCATTGCGGGAA-1","pbmc3k",2067,715,3.096274794388,"1","1"
"TACCATTGGGGATG-1","pbmc3k",1424,546,2.31741573033708,"1","1"
"TACCATTGTGAGGG-1","pbmc3k",2347,862,3.70685982104815,"1","1"
"TACCGGCTGTTGGT-1","pbmc3k",2807,900,2.77876736729605,"0","0"
"TACGAGTGATCTCT-1","pbmc3k",2692,853,1.85735512630015,"0","0"
"TACGAGTGATGCTG-1","pbmc3k",3687,1141,2.00705180363439,"1","1"
"TACGAGTGCGGAGA-1","pbmc3k",2264,989,1.7226148409894,"2","2"
"TACGAGTGGTTGGT-1","pbmc3k",2222,858,1.84518451845185,"2","2"
"TACGATCTAGTGTC-1","pbmc3k",1421,603,2.74454609429979,"0","0"
"TACGATCTCACTGA-1","pbmc3k",4200,1285,2.35714285714286,"1","1"
"TACGATCTTACGAC-1","pbmc3k",1686,701,2.78766310794781,"4","4"
"TACGCAGAGAATCC-1","pbmc3k",2121,859,0.801508722300802,"4","4"
"TACGCCACATTCCT-1","pbmc3k",1965,766,0.610687022900763,"2","2"
"TACGCCACTCCCAC-1","pbmc3k",5286,1618,3.159288687098,"5","5"
"TACGCCACTCCGAA-1","pbmc3k",1856,714,2.10129310344828,"3","3"
"TACGGAACGCGTTA-1","pbmc3k",1379,593,2.24800580130529,"3","3"
"TACGGCCTGGGACA-1","pbmc3k",1557,783,1.73410404624277,"6","6"
"TACGTACTACGGAG-1","pbmc3k",5280,1606,1.49621212121212,"2","2"
"TACGTACTCAGTTG-1","pbmc3k",2993,927,1.63715335783495,"2","2"
"TACGTACTCCCGTT-1","pbmc3k",1936,739,1.91115702479339,"3","3"
"TACGTTACAGAAGT-1","pbmc3k",2256,805,1.41843971631206,"2","2"
"TACGTTACCAAGCT-1","pbmc3k",1701,705,2.52792475014697,"1","1"
"TACTAAGAAAGGTA-1","pbmc3k",988,491,1.417004048583,"3","3"
"TACTAAGAATCACG-1","pbmc3k",1217,513,3.12243221035333,"0","0"
"TACTAAGATGATGC-1","pbmc3k",1861,765,2.31058570660935,"1","1"
"TACTAAGATTGCGA-1","pbmc3k",2549,878,1.49078069831306,"2","2"
"TACTACACGAGAGC-1","pbmc3k",3236,993,0.927070457354759,"2","2"
"TACTACACTTACCT-1","pbmc3k",750,356,3.73333333333333,"3","3"
"TACTACTGAACCTG-1","pbmc3k",1830,747,1.69398907103825,"1","1"
"TACTACTGATGTCG-1","pbmc3k",2304,993,1.5625,"6","6"
"TACTACTGATTCTC-1","pbmc3k",2383,801,1.30088124213177,"0","0"
"TACTACTGTATGGC-1","pbmc3k",2843,843,2.84910306014773,"0","0"
"TACTCAACGGTCTA-1","pbmc3k",3738,1191,1.39111824505083,"1","1"
"TACTCAACTGCTAG-1","pbmc3k",2240,792,2.94642857142857,"3","3"
"TACTCCCTCAGTTG-1","pbmc3k",1553,603,1.15904700579523,"0","0"
"TACTCTGAATCGAC-1","pbmc3k",1983,807,1.81543116490166,"6","6"
"TACTCTGACGAGTT-1","pbmc3k",2523,881,1.86286167261197,"2","2"
"TACTCTGATTGACG-1","pbmc3k",1490,680,1.54362416107383,"3","3"
"TACTGGGATCGATG-1","pbmc3k",3823,1126,1.5694480774261,"0","0"
"TACTGTTGAAAGCA-1","pbmc3k",1990,791,1.80904522613065,"0","0"
"TACTGTTGAGGCGA-1","pbmc3k",1700,828,2.76470588235294,"6","6"
"TACTGTTGCTGAAC-1","pbmc3k",5187,1650,3.20030846346636,"3","3"
"TACTTGACTCCTCG-1","pbmc3k",1705,786,1.64222873900293,"4","4"
"TACTTGACTGGTGT-1","pbmc3k",1598,609,1.93992490613267,"3","3"
"TACTTTCTTTTGGG-1","pbmc3k",1590,663,4.15094339622642,"4","4"
"TAGAAACTAATCGC-1","pbmc3k",2207,789,1.22338015405528,"0","0"
"TAGAAACTGCTTCC-1","pbmc3k",2206,848,2.35720761559383,"1","1"
"TAGAAACTGGGATG-1","pbmc3k",1371,678,1.31291028446389,"4","4"
"TAGAATTGCGACAT-1","pbmc3k",1741,588,2.12521539345204,"0","0"
"TAGAATTGTATCGG-1","pbmc3k",3220,928,2.04968944099379,"0","0"
"TAGACGTGCTTGAG-1","pbmc3k",1986,690,3.37361530715005,"0","0"
"TAGACGTGTCGCTC-1","pbmc3k",2593,840,1.00269957578095,"0","0"
"TAGAGCACCTTACT-1","pbmc3k",1442,645,2.01109570041609,"3","3"
"TAGATTGACTTGTT-1","pbmc3k",1592,620,3.45477386934673,"3","3"
"TAGATTGAGGCATT-1","pbmc3k",812,426,2.21674876847291,"4","4"
"TAGCATCTCAGCTA-1","pbmc3k",1699,855,1.23602118893467,"6","6"
"TAGCATCTCCCTCA-1","pbmc3k",1138,522,2.63620386643234,"0","0"
"TAGCATCTGCTGTA-1","pbmc3k",3624,1258,2.23509933774834,"5","5"
"TAGCATCTGGGACA-1","pbmc3k",2067,720,2.03193033381713,"0","0"
"TAGCATCTTGTCGA-1","pbmc3k",1753,641,1.48317170564746,"0","0"
"TAGCCCACAAAAGC-1","pbmc3k",3162,995,1.32827324478178,"2","2"
"TAGCCCACAGCCAT-1","pbmc3k",2261,983,2.21141088014153,"4","4"
"TAGCCCACAGCTAC-1","pbmc3k",2171,1099,2.90188853063105,"6","6"
"TAGCCCACCCACAA-1","pbmc3k",1985,606,2.21662468513854,"0","0"
"TAGCCCTGCGGAGA-1","pbmc3k",2042,702,4.89715964740451,"4","4"
"TAGCCGCTTACGAC-1","pbmc3k",2793,944,1.2531328320802,"2","2"
"TAGCCGCTTACTTC-1","pbmc3k",2301,886,1.73837461973055,"4","4"
"TAGCCGCTTTCCAT-1","pbmc3k",3330,1061,2.25225225225225,"1","1"
"TAGCTACTGAATAG-1","pbmc3k",1645,659,1.15501519756839,"3","3"
"TAGCTACTGTAGCT-1","pbmc3k",2915,995,1.26929674099485,"2","2"
"TAGCTACTTTTGCT-1","pbmc3k",1078,491,2.69016697588126,"4","4"
"TAGGACTGTGCTGA-1","pbmc3k",1708,753,2.98594847775176,"2","2"
"TAGGAGCTAAGGCG-1","pbmc3k",2038,676,3.09126594700687,"3","3"
"TAGGAGCTGAGGGT-1","pbmc3k",2596,837,1.84899845916795,"0","0"
"TAGGAGCTTGCATG-1","pbmc3k",1161,530,0.775193798449612,"3","3"
"TAGGCAACCGTCTC-1","pbmc3k",1690,597,1.71597633136095,"3","3"
"TAGGCATGCTCTCG-1","pbmc3k",3097,1265,1.35615111398127,"7","7"
"TAGGCATGGCGAGA-1","pbmc3k",2402,920,1.20732722731057,"4","4"
"TAGGCTGATGCCTC-1","pbmc3k",1639,699,1.46430750457596,"1","1"
"TAGGGACTGAACTC-1","pbmc3k",1917,826,2.76473656755347,"6","6"
"TAGGTCGACACTGA-1","pbmc3k",2468,827,2.18800648298217,"0","0"
"TAGGTCGAGGATCT-1","pbmc3k",1221,543,2.04750204750205,"3","3"
"TAGGTGACACACTG-1","pbmc3k",1991,815,3.66649924660974,"2","2"
"TAGGTGACACGTTG-1","pbmc3k",1888,708,3.86652542372881,"3","3"
"TAGGTGTGTTCTGT-1","pbmc3k",1726,842,3.01274623406721,"2","2"
"TAGGTTCTGAAGGC-1","pbmc3k",3538,1199,1.89372526851328,"2","2"
"TAGGTTCTTCTTAC-1","pbmc3k",3244,1124,2.46609124537608,"5","5"
"TAGGTTCTTGCTGA-1","pbmc3k",3805,1324,1.81340341655716,"1","1"
"TAGTAAACCTCGCT-1","pbmc3k",2781,849,1.90578928443006,"0","0"
"TAGTAAACGTCACA-1","pbmc3k",4042,1157,2.12765957446809,"2","2"
"TAGTAATGAGATCC-1","pbmc3k",1812,705,0.827814569536424,"0","0"
"TAGTACCTAAGAAC-1","pbmc3k",1663,675,1.86410102224895,"1","1"
"TAGTATGATCTTAC-1","pbmc3k",1833,709,3.05510092744135,"3","3"
"TAGTATGATTCTCA-1","pbmc3k",3357,989,2.025618111409,"2","2"
"TAGTCTTGGCTGTA-1","pbmc3k",652,270,0,"0","0"
"TAGTCTTGGGACTT-1","pbmc3k",943,443,1.69671261930011,"0","0"
"TAGTCTTGTGGAAA-1","pbmc3k",2206,891,3.53581142339075,"4","4"
"TAGTGGTGAAGTGA-1","pbmc3k",2003,1037,3.5946080878682,"6","6"
"TAGTTAGAACCACA-1","pbmc3k",1735,830,1.55619596541787,"6","6"
"TAGTTAGATGAACC-1","pbmc3k",2215,813,1.53498871331828,"0","0"
"TATAAGACAACAGA-1","pbmc3k",982,437,4.88798370672098,"4","4"
"TATAAGACAGCTCA-1","pbmc3k",4145,1396,2.19541616405308,"5","5"
"TATAAGTGACACCA-1","pbmc3k",3898,1339,4.3099025141098,"5","5"
"TATAAGTGTATCGG-1","pbmc3k",973,480,1.64439876670092,"1","1"
"TATAAGTGTGGTGT-1","pbmc3k",4913,1517,2.44249949114594,"5","5"
"TATACAGAACCCTC-1","pbmc3k",1975,703,2.37974683544304,"4","4"
"TATACAGAAGAACA-1","pbmc3k",1662,622,1.56438026474128,"0","0"
"TATACAGATCCAGA-1","pbmc3k",2248,822,1.82384341637011,"0","0"
"TATACCACCTGATG-1","pbmc3k",1971,730,3.39928970065956,"3","3"
"TATACGCTACCAAC-1","pbmc3k",2143,780,1.49323378441437,"2","2"
"TATAGATGGACGGA-1","pbmc3k",2087,848,1.43747005270724,"2","2"
"TATAGATGTTCCGC-1","pbmc3k",3648,1207,3.15241228070175,"5","5"
"TATCCAACCAGCTA-1","pbmc3k",1074,472,1.48975791433892,"1","1"
"TATCCAACTCTCTA-1","pbmc3k",1971,836,2.73972602739726,"4","4"
"TATCGACTACTAGC-1","pbmc3k",1478,643,2.50338294993234,"4","4"
"TATCGACTCGATAC-1","pbmc3k",3150,1100,2.6031746031746,"5","5"
"TATCGTACAGATGA-1","pbmc3k",2185,879,2.51716247139588,"4","4"
"TATCGTACATTCCT-1","pbmc3k",2323,894,2.41067585019371,"1","1"
"TATCTCGAGAGATA-1","pbmc3k",1173,407,1.36402387041773,"0","0"
"TATCTGACAGGTTC-1","pbmc3k",1888,832,2.48940677966102,"4","4"
"TATCTGACTGTTTC-1","pbmc3k",2659,842,1.27867619405792,"2","2"
"TATCTTCTAAACAG-1","pbmc3k",3050,927,2.0655737704918,"0","0"
"TATGAATGGAGGAC-1","pbmc3k",2028,915,1.03550295857988,"6","6"
"TATGAATGTTTGCT-1","pbmc3k",3725,1269,2.57718120805369,"5","5"
"TATGCGGATAACCG-1","pbmc3k",1373,652,3.35032774945375,"2","2"
"TATGGGTGCATCAG-1","pbmc3k",3544,1457,1.18510158013544,"6","6"
"TATGGGTGCTAGCA-1","pbmc3k",2022,839,2.324431256182,"3","3"
"TATGGTCTCTACCC-1","pbmc3k",1897,705,2.47759620453347,"0","0"
"TATGTCACGGAACG-1","pbmc3k",3333,953,2.55025502550255,"3","3"
"TATGTCACTAACCG-1","pbmc3k",3464,1216,1.81870669745958,"1","1"
"TATGTCACTTCTCA-1","pbmc3k",1384,608,2.96242774566474,"3","3"
"TATGTGCTCCGATA-1","pbmc3k",2909,967,1.65005156411138,"1","1"
"TATGTGCTGGATTC-1","pbmc3k",2276,789,0.834797891036907,"0","0"
"TATTGCTGAAGAAC-1","pbmc3k",805,382,3.85093167701863,"1","1"
"TATTGCTGCCGTTC-1","pbmc3k",1288,532,4.89130434782609,"3","3"
"TATTGCTGTCTGGA-1","pbmc3k",2093,627,2.10224558050645,"0","0"
"TATTGCTGTGCACA-1","pbmc3k",780,388,3.07692307692308,"4","4"
"TATTTCCTATTGGC-1","pbmc3k",1638,655,1.89255189255189,"1","1"
"TATTTCCTGGAGGT-1","pbmc3k",2263,1101,1.81175430844012,"6","6"
"TATTTCCTGGTGTT-1","pbmc3k",2208,781,0.905797101449275,"0","0"
"TCAACACTGTTTGG-1","pbmc3k",2764,1230,2.42402315484805,"6","6"
"TCAAGGACAGCGTT-1","pbmc3k",1738,617,1.49597238204833,"0","0"
"TCAAGGACATTCTC-1","pbmc3k",1217,588,1.80772391125719,"4","4"
"TCAAGGACGGTGTT-1","pbmc3k",2070,754,1.01449275362319,"1","1"
"TCAATCACACTCTT-1","pbmc3k",2134,882,2.76476101218369,"4","4"
"TCAATCACAGTCGT-1","pbmc3k",2581,907,3.21580782642387,"5","5"
"TCACAACTATGTGC-1","pbmc3k",1839,661,1.95758564437194,"0","0"
"TCACAACTTTGCTT-1","pbmc3k",1299,557,3.38722093918399,"1","1"
"TCACATACACTTTC-1","pbmc3k",2579,946,1.58976347421481,"2","2"
"TCACATACAGGGTG-1","pbmc3k",1202,490,1.66389351081531,"0","0"
"TCACCCGAGACGGA-1","pbmc3k",4217,1383,2.15793217927437,"1","1"
"TCACCGTGCTCGCT-1","pbmc3k",4572,1477,3.49956255468067,"5","5"
"TCACCTCTACGACT-1","pbmc3k",2130,822,3.6150234741784,"4","4"
"TCACCTCTTCCAAG-1","pbmc3k",2765,1064,2.56781193490054,"5","5"
"TCACGAGAGGAGGT-1","pbmc3k",1644,681,1.94647201946472,"3","3"
"TCACTATGGGGCAA-1","pbmc3k",1429,650,1.88943317004899,"4","4"
"TCACTATGGTTGTG-1","pbmc3k",808,363,0.618811881188119,"3","3"
"TCAGACGACGCTAA-1","pbmc3k",2308,823,1.25649913344887,"2","2"
"TCAGACGACGTTAG-1","pbmc3k",2037,932,1.91458026509573,"6","6"
"TCAGAGACTCCAGA-1","pbmc3k",2093,611,1.48112756808409,"0","0"
"TCAGCAGACTCCAC-1","pbmc3k",2638,884,1.09931766489765,"0","0"
"TCAGCGCTCTAGTG-1","pbmc3k",1778,803,2.69966254218223,"4","4"
"TCAGCGCTGGATCT-1","pbmc3k",1275,530,2.03921568627451,"3","3"
"TCAGCGCTGGTATC-1","pbmc3k",2359,860,3.00974989402289,"4","4"
"TCAGGATGAAGTAG-1","pbmc3k",1617,645,1.23685837971552,"0","0"
"TCAGGATGCCTTTA-1","pbmc3k",3121,1141,2.59532201217558,"5","5"
"TCAGTGGAAGATCC-1","pbmc3k",1688,736,1.8957345971564,"4","4"
"TCAGTTACCTACGA-1","pbmc3k",2573,954,2.68169452001555,"1","1"
"TCAGTTACTAGAAG-1","pbmc3k",2237,824,1.25167635225749,"0","0"
"TCATCAACCCGATA-1","pbmc3k",2338,723,2.22412318220701,"0","0"
"TCATCAACTGTTCT-1","pbmc3k",4047,1169,2.74277242401779,"1","1"
"TCATCATGCAGTTG-1","pbmc3k",2218,840,1.35256988277728,"2","2"
"TCATCCCTTACTGG-1","pbmc3k",2833,1005,1.37663254500529,"2","2"
"TCATTCGATACAGC-1","pbmc3k",4629,1416,2.98120544394038,"5","5"
"TCCACGTGGAAACA-1","pbmc3k",3198,952,1.59474671669794,"2","2"
"TCCACTCTACACTG-1","pbmc3k",2047,827,0.683927699071812,"2","2"
"TCCACTCTGAGCTT-1","pbmc3k",3183,1035,2.51335218347471,"1","1"
"TCCACTCTTACTTC-1","pbmc3k",1502,632,0.732356857523302,"3","3"
"TCCATAACAAAGTG-1","pbmc3k",2226,750,2.24618149146451,"0","0"
"TCCATAACCGTAGT-1","pbmc3k",2093,846,1.00334448160535,"3","3"
"TCCATAACGATGAA-1","pbmc3k",2553,1031,1.60595377986682,"2","2"
"TCCATAACTACGCA-1","pbmc3k",2496,858,1.76282051282051,"0","0"
"TCCATCCTCCCTAC-1","pbmc3k",2010,890,2.13930348258706,"4","4"
"TCCCACGATCATTC-1","pbmc3k",2636,893,1.06221547799697,"2","2"
"TCCCATCTCAAAGA-1","pbmc3k",3217,1030,1.9894311470314,"1","1"
"TCCCGAACACAGTC-1","pbmc3k",1721,912,3.54445090063916,"6","6"
"TCCCGAACTTCGCC-1","pbmc3k",4177,1383,2.41800335168781,"5","5"
"TCCCGATGAGATCC-1","pbmc3k",1770,747,2.09039548022599,"2","2"
"TCCCGATGCCTGAA-1","pbmc3k",810,416,2.09876543209877,"1","1"
"TCCCTACTCAACTG-1","pbmc3k",1717,703,1.45602795573675,"3","3"
"TCCGAAGACAATCG-1","pbmc3k",1103,522,1.63191296464189,"1","1"
"TCCGAAGACGTTAG-1","pbmc3k",2865,855,1.74520069808028,"0","0"
"TCCGGACTGAGGTG-1","pbmc3k",2387,914,0.879765395894428,"2","2"
"TCCGGACTGTACGT-1","pbmc3k",1940,740,2.62886597938144,"4","4"
"TCCTAAACATCGAC-1","pbmc3k",893,381,0.783874580067189,"0","0"
"TCCTAAACCGAGAG-1","pbmc3k",3318,1076,2.65220012055455,"2","2"
"TCCTAAACCGCATA-1","pbmc3k",1384,669,2.16763005780347,"6","6"
"TCCTAATGGTTTGG-1","pbmc3k",2659,1100,1.69236555095901,"4","4"
"TCCTACCTGTCGTA-1","pbmc3k",2507,857,1.03709613083367,"2","2"
"TCCTATGAAAAGCA-1","pbmc3k",1544,662,2.2020725388601,"4","4"
"TCGAATCTCTGGTA-1","pbmc3k",1305,581,2.37547892720307,"4","4"
"TCGACCTGCCGATA-1","pbmc3k",2173,845,1.4726184997699,"5","5"
"TCGACGCTTCTATC-1","pbmc3k",2540,880,1.02362204724409,"1","1"
"TCGACGCTTTGACG-1","pbmc3k",2194,821,3.19051959890611,"2","2"
"TCGAGAACGACAGG-1","pbmc3k",2494,833,4.33039294306335,"2","2"
"TCGAGAACGTTAGC-1","pbmc3k",3383,1289,1.59621637599764,"2","2"
"TCGAGCCTATCAGC-1","pbmc3k",1487,596,2.21923335574983,"3","3"
"TCGAGCCTGCGAGA-1","pbmc3k",3235,1128,2.44204018547141,"4","4"
"TCGAGCCTTGTGAC-1","pbmc3k",2607,792,3.33716915995397,"0","0"
"TCGATACTATTCCT-1","pbmc3k",2484,836,1.36876006441224,"4","4"
"TCGATACTTGCACA-1","pbmc3k",1825,765,2.13698630136986,"2","2"
"TCGATTTGATGCCA-1","pbmc3k",2115,767,1.18203309692671,"1","1"
"TCGATTTGCACTCC-1","pbmc3k",2505,814,1.07784431137725,"0","0"
"TCGATTTGCAGCTA-1","pbmc3k",1685,809,2.37388724035608,"6","6"
"TCGATTTGCCTACC-1","pbmc3k",2280,911,2.80701754385965,"1","1"
"TCGATTTGTCGTGA-1","pbmc3k",2734,815,1.86539868324799,"3","3"
"TCGCAGCTAGATCC-1","pbmc3k",2098,790,2.38322211630124,"4","4"
"TCGCCATGAGACTC-1","pbmc3k",1862,663,1.77228786251343,"0","0"
"TCGCCATGTGGTCA-1","pbmc3k",1581,702,1.77103099304238,"3","3"
"TCGGACCTAACAGA-1","pbmc3k",2908,873,1.13480055020633,"0","0"
"TCGGACCTATAAGG-1","pbmc3k",1368,657,1.16959064327485,"3","3"
"TCGGACCTGTACAC-1","pbmc3k",5599,1566,1.42882657617432,"2","2"
"TCGGTAGAGTAGGG-1","pbmc3k",2104,688,1.52091254752852,"0","0"
"TCGGTAGATCCCAC-1","pbmc3k",2176,748,1.74632352941176,"3","3"
"TCGTAGGATCGACA-1","pbmc3k",2904,1075,3.133608815427,"2","2"
"TCGTTATGGACAAA-1","pbmc3k",2162,782,1.24884366327475,"2","2"
"TCTAACACCAGTTG-1","pbmc3k",1086,540,3.68324125230203,"6","6"
"TCTAACACGAGCAG-1","pbmc3k",3176,1094,1.60579345088161,"7","7"
"TCTAACTGAACCAC-1","pbmc3k",2300,838,2.65217391304348,"2","2"
"TCTAAGCTAATGCC-1","pbmc3k",2512,806,1.27388535031847,"0","0"
"TCTAAGCTTAGTCG-1","pbmc3k",1791,789,1.78671133445003,"4","4"
"TCTAAGCTTCTAGG-1","pbmc3k",3781,1262,1.69267389579476,"5","5"
"TCTAAGCTTGTTCT-1","pbmc3k",2050,756,2.48780487804878,"1","1"
"TCTAAGCTTTCGCC-1","pbmc3k",685,367,0.875912408759124,"3","3"
"TCTACAACGACTAC-1","pbmc3k",2562,1020,2.26385636221702,"1","1"
"TCTAGACTTAGAAG-1","pbmc3k",1831,727,3.71381758601857,"1","1"
"TCTAGTTGCACCAA-1","pbmc3k",3302,1100,1.33252574197456,"1","1"
"TCTATGTGAAGAGT-1","pbmc3k",1129,476,1.6829052258636,"1","1"
"TCTATGTGAGTCTG-1","pbmc3k",951,488,2.94426919032597,"4","4"
"TCTCAAACCTAAGC-1","pbmc3k",1477,616,1.6926201760325,"3","3"
"TCTCTAGAATTTCC-1","pbmc3k",2723,940,1.21189864120455,"2","2"
"TCTGATACACGTGT-1","pbmc3k",2224,770,2.06834532374101,"0","0"
"TCTGATACTCGCCT-1","pbmc3k",2448,781,3.34967320261438,"0","0"
"TCTTACGAACCTGA-1","pbmc3k",2154,845,2.50696378830084,"1","1"
"TCTTCAGAGCTACA-1","pbmc3k",3624,1302,1.95916114790287,"1","1"
"TCTTGATGCGGAGA-1","pbmc3k",2273,821,2.1997360316762,"4","4"
"TGAAATTGGTGAGG-1","pbmc3k",3345,1108,2.4813153961136,"1","1"
"TGAACCGAAAACGA-1","pbmc3k",2181,748,2.61348005502063,"0","0"
"TGAACCGACTACTT-1","pbmc3k",2912,1127,1.44230769230769,"5","5"
"TGAACCGATTCGGA-1","pbmc3k",2869,956,2.02161031718369,"5","5"
"TGAAGCACTCACGA-1","pbmc3k",1915,740,2.55874673629243,"4","4"
"TGAAGCTGAACGAA-1","pbmc3k",2511,779,2.11071286340104,"0","0"
"TGAAGCTGCATGGT-1","pbmc3k",2028,823,1.92307692307692,"3","3"
"TGAAGCTGCGTAAC-1","pbmc3k",2177,750,2.38860817638953,"0","0"
"TGAATAACCACTTT-1","pbmc3k",2590,871,1.73745173745174,"0","0"
"TGAATAACTCCCAC-1","pbmc3k",2140,937,4.53271028037383,"4","4"
"TGACACGACCTTAT-1","pbmc3k",1510,606,1.9205298013245,"3","3"
"TGACCAGACAACCA-1","pbmc3k",1799,697,1.11172873818788,"0","0"
"TGACCAGAGGATTC-1","pbmc3k",1923,705,2.44409776391056,"0","0"
"TGACCGCTAAAAGC-1","pbmc3k",3020,962,1.42384105960265,"2","2"
"TGACCGCTCTGCAA-1","pbmc3k",1925,606,1.61038961038961,"0","0"
"TGACGATGCAAAGA-1","pbmc3k",1632,620,1.7156862745098,"1","1"
"TGACGCCTGTACCA-1","pbmc3k",5155,1646,2.96799224054316,"2","2"
"TGACGCCTTTACTC-1","pbmc3k",2608,1088,0.881901840490797,"2","2"
"TGACTGGAAGAGAT-1","pbmc3k",1442,545,2.21914008321775,"1","1"
"TGACTGGACCGTAA-1","pbmc3k",1491,667,0.469483568075117,"0","0"
"TGACTGGACGCAAT-1","pbmc3k",1754,615,1.6533637400228,"0","0"
"TGACTGGAGGACAG-1","pbmc3k",1848,719,2.16450216450216,"3","3"
"TGACTGGATTCTCA-1","pbmc3k",4073,1191,1.96415418610361,"2","2"
"TGACTTACACACCA-1","pbmc3k",3323,1018,0.902798675895275,"2","2"
"TGACTTACAGTCTG-1","pbmc3k",4135,1290,1.91051995163241,"1","1"
"TGACTTTGCGCATA-1","pbmc3k",2347,757,1.36344269279932,"0","0"
"TGACTTTGTTTGTC-1","pbmc3k",2288,854,1.57342657342657,"2","2"
"TGAGACACAAGGTA-1","pbmc3k",5135,1546,1.32424537487829,"2","2"
"TGAGACACTCAAGC-1","pbmc3k",1815,742,3.96694214876033,"4","4"
"TGAGCTGAATGCTG-1","pbmc3k",4164,1371,2.04130643611912,"5","5"
"TGAGCTGACTGGAT-1","pbmc3k",2132,802,3.28330206378987,"1","1"
"TGAGCTGATGCTAG-1","pbmc3k",661,337,3.32829046898638,"1","1"
"TGAGGACTCTCATT-1","pbmc3k",3665,1117,4.03819918144611,"1","1"
"TGAGGACTTCATTC-1","pbmc3k",3087,1026,1.84645286686103,"2","2"
"TGAGGTACGAACCT-1","pbmc3k",4752,1521,2.86195286195286,"5","5"
"TGAGTCGAGTTACG-1","pbmc3k",1375,643,2.47272727272727,"3","3"
"TGAGTGACTGAGCT-1","pbmc3k",2456,846,1.91368078175896,"0","0"
"TGATAAACGAATCC-1","pbmc3k",2518,865,2.14455917394758,"2","2"
"TGATAAACTCCGTC-1","pbmc3k",2067,940,1.79003386550556,"6","6"
"TGATAAACTTTCAC-1","pbmc3k",1922,751,1.8210197710718,"0","0"
"TGATACCTCACTAG-1","pbmc3k",1506,583,1.32802124833997,"1","1"
"TGATACCTGTTGGT-1","pbmc3k",2215,795,1.53498871331828,"0","0"
"TGATACCTTATGCG-1","pbmc3k",2264,793,2.34098939929329,"0","0"
"TGATACCTTGAAGA-1","pbmc3k",3061,973,1.27409343351846,"0","0"
"TGATATGAACCTTT-1","pbmc3k",2957,935,1.72472100101454,"0","0"
"TGATCACTAGCATC-1","pbmc3k",1110,524,4.5945945945946,"4","4"
"TGATCACTCTCGCT-1","pbmc3k",1843,659,2.44167118827998,"0","0"
"TGATCACTTCTACT-1","pbmc3k",1755,606,2.67806267806268,"3","3"
"TGATCGGACTGACA-1","pbmc3k",4211,1433,3.63334124910947,"5","5"
"TGATCGGAGGAGCA-1","pbmc3k",1352,562,1.25739644970414,"3","3"
"TGATCGGATATGCG-1","pbmc3k",1526,696,3.6697247706422,"5","5"
"TGATTAGACATTGG-1","pbmc3k",2276,925,1.31810193321617,"2","2"
"TGATTAGATGACTG-1","pbmc3k",1173,515,2.98380221653879,"3","3"
"TGATTAGATGCTAG-1","pbmc3k",2241,718,1.82954038375725,"0","0"
"TGATTCACTATGCG-1","pbmc3k",1900,598,2.31578947368421,"0","0"
"TGATTCACTGTCAG-1","pbmc3k",1732,638,1.50115473441109,"3","3"
"TGATTCTGCCGAAT-1","pbmc3k",3100,975,1.80645161290323,"2","2"
"TGATTCTGCTCTTA-1","pbmc3k",2819,1018,1.38346931536006,"2","2"
"TGCAAGTGAGAACA-1","pbmc3k",2060,813,2.9126213592233,"2","2"
"TGCAAGTGGGTAGG-1","pbmc3k",1702,669,1.8213866039953,"1","1"
"TGCAATCTTCAGGT-1","pbmc3k",6316,1902,1.69411019632679,"7","7"
"TGCACAGACGACAT-1","pbmc3k",2460,1159,2.80487804878049,"6","6"
"TGCCAAGAGCAGTT-1","pbmc3k",2914,964,1.61290322580645,"5","5"
"TGCCAAGATCTCTA-1","pbmc3k",3091,933,1.74700744095762,"2","2"
"TGCCACTGAACGTC-1","pbmc3k",2652,943,0.754147812971342,"0","0"
"TGCCACTGCGATAC-1","pbmc3k",1948,988,1.28336755646817,"6","6"
"TGCCAGCTTGGCAT-1","pbmc3k",2183,789,1.37425561154375,"0","0"
"TGCCCAACAGCAAA-1","pbmc3k",2790,898,1.21863799283154,"0","0"
"TGCCCAACCGCATA-1","pbmc3k",2799,982,3.25116112897463,"5","5"
"TGCCGACTCTCCCA-1","pbmc3k",1901,670,2.20936349289847,"3","3"
"TGCGAAACAGTCAC-1","pbmc3k",2339,856,2.47969217614365,"3","3"
"TGCGAAACGTTGCA-1","pbmc3k",1417,626,3.24629498941426,"3","3"
"TGCGATGAACGGTT-1","pbmc3k",1827,690,2.29885057471264,"2","2"
"TGCGATGACCTCGT-1","pbmc3k",2220,843,2.02702702702703,"0","0"
"TGCGATGACTAGTG-1","pbmc3k",2844,938,1.89873417721519,"3","3"
"TGCGATGACTGCTC-1","pbmc3k",2314,795,1.94468452895419,"3","3"
"TGCGATGACTTGCC-1","pbmc3k",1950,779,1.28205128205128,"3","3"
"TGCGATGAGTGCTA-1","pbmc3k",1914,820,2.35109717868339,"1","1"
"TGCGCACTCTTGAG-1","pbmc3k",1056,468,1.79924242424242,"1","1"
"TGCGTAGAATAAGG-1","pbmc3k",1587,701,2.83553875236295,"1","1"
"TGCGTAGACGGGAA-1","pbmc3k",1551,629,2.19213410702772,"3","3"
"TGCGTAGATGGTCA-1","pbmc3k",5486,1557,2.7706890266132,"5","5"
"TGCTAGGAAACCGT-1","pbmc3k",2221,866,2.43133723547951,"4","4"
"TGCTAGGATAGTCG-1","pbmc3k",3055,900,1.73486088379705,"0","0"
"TGCTATACGGTTCA-1","pbmc3k",2120,795,2.54716981132075,"1","1"
"TGCTATACTGCTGA-1","pbmc3k",2582,1019,2.9434546862897,"4","4"
"TGCTGAGAGAGCAG-1","pbmc3k",1992,885,3.4136546184739,"6","6"
"TGCTGAGATTATCC-1","pbmc3k",2752,879,1.4171511627907,"0","0"
"TGGAAAGACTCTCG-1","pbmc3k",1913,714,2.45687401986409,"3","3"
"TGGAAAGAGCGATT-1","pbmc3k",2878,1042,1.14662960389159,"2","2"
"TGGAAAGAGGTCAT-1","pbmc3k",3493,1237,3.54995705697108,"5","5"
"TGGAAAGATATGGC-1","pbmc3k",1647,565,2.42865816636308,"0","0"
"TGGAACACAAACAG-1","pbmc3k",1467,776,2.99931833674165,"6","6"
"TGGAACACGCTAAC-1","pbmc3k",1654,695,2.47883917775091,"4","4"
"TGGAAGCTCAGATC-1","pbmc3k",1931,725,1.34645261522527,"0","0"
"TGGACCCTACACTG-1","pbmc3k",695,364,1.8705035971223,"1","1"
"TGGACCCTCATGGT-1","pbmc3k",1911,810,2.35478806907378,"4","4"
"TGGACCCTGGTACT-1","pbmc3k",3734,1212,3.13336904124264,"1","1"
"TGGACTGAGTATGC-1","pbmc3k",3266,1177,1.71463563992652,"2","2"
"TGGAGACTATCAGC-1","pbmc3k",3291,1130,1.48890914615618,"1","1"
"TGGAGACTTCAAGC-1","pbmc3k",2014,660,0.99304865938431,"0","0"
"TGGAGACTTGACCA-1","pbmc3k",2128,829,1.2687969924812,"4","4"
"TGGAGGGACGGAGA-1","pbmc3k",2106,786,2.37416904083571,"1","1"
"TGGAGGGAGCTATG-1","pbmc3k",1147,471,1.3949433304272,"0","0"
"TGGATCGATAAAGG-1","pbmc3k",2568,835,0.973520249221184,"0","0"
"TGGATGTGACCTAG-1","pbmc3k",1633,563,2.20453153704838,"3","3"
"TGGATGTGTGAAGA-1","pbmc3k",2632,926,1.89969604863222,"3","3"
"TGGATTCTCATACG-1","pbmc3k",2451,958,2.5703794369645,"4","4"
"TGGCAATGCTTGTT-1","pbmc3k",1723,703,2.55368543238537,"3","3"
"TGGCACCTTCACGA-1","pbmc3k",768,388,2.60416666666667,"4","4"
"TGGCACCTTCAGTG-1","pbmc3k",1806,840,1.93798449612403,"1","1"
"TGGGTATGAAGAGT-1","pbmc3k",3114,964,1.41297366730893,"2","2"
"TGGGTATGCACAAC-1","pbmc3k",3099,1087,1.41981284285253,"2","2"
"TGGGTATGGTACGT-1","pbmc3k",1137,511,1.84696569920844,"3","3"
"TGGGTATGTTTGGG-1","pbmc3k",2341,794,1.964972234088,"1","1"
"TGGTAGACATGCCA-1","pbmc3k",2963,900,1.55248059399258,"2","2"
"TGGTAGACCCTCAC-1","pbmc3k",1801,864,2.8317601332593,"6","6"
"TGGTAGACCTGATG-1","pbmc3k",1696,789,1.12028301886792,"2","2"
"TGGTAGTGCACTGA-1","pbmc3k",1110,503,1.17117117117117,"1","1"
"TGGTATCTAAACAG-1","pbmc3k",2095,701,1.81384248210024,"0","0"
"TGGTATCTCTTCCG-1","pbmc3k",2483,817,2.05396697543294,"0","0"
"TGGTCAGACCCAAA-1","pbmc3k",1942,790,1.956745623069,"0","0"
"TGGTTACTGACGTT-1","pbmc3k",2737,971,0.584581658750457,"1","1"
"TGGTTACTGTTCTT-1","pbmc3k",2609,904,2.14641625143733,"0","0"
"TGTAACCTAGAGGC-1","pbmc3k",2765,871,1.66365280289331,"0","0"
"TGTAACCTTGCCTC-1","pbmc3k",2334,919,2.99914310197087,"1","1"
"TGTAATGACACAAC-1","pbmc3k",1461,723,1.43737166324435,"6","6"
"TGTAATGAGGTAAA-1","pbmc3k",1205,628,1.41078838174274,"6","6"
"TGTACTTGCTCTAT-1","pbmc3k",4907,1479,1.67108212757286,"5","5"
"TGTAGGTGCGAGAG-1","pbmc3k",1142,531,3.1523642732049,"3","3"
"TGTAGGTGCTATGG-1","pbmc3k",4232,1099,2.48109640831758,"2","2"
"TGTAGGTGCTCTAT-1","pbmc3k",6280,1906,2.72292993630573,"7","7"
"TGTAGGTGTGCTGA-1","pbmc3k",2541,852,2.0857929948839,"0","0"
"TGTAGTCTTCCAGA-1","pbmc3k",4143,1255,1.39995172580256,"0","0"
"TGTAGTCTTGCACA-1","pbmc3k",2176,883,3.49264705882353,"4","4"
"TGTATCTGTTAGGC-1","pbmc3k",1996,817,1.35270541082164,"2","2"
"TGTATGCTCATGGT-1","pbmc3k",1479,619,3.24543610547667,"3","3"
"TGTATGCTGTAGGG-1","pbmc3k",1454,590,2.13204951856946,"0","0"
"TGTATGCTTTCATC-1","pbmc3k",1966,683,2.18718209562564,"0","0"
"TGTCAGGAATACCG-1","pbmc3k",2763,883,3.18494390155628,"0","0"
"TGTCAGGAGATGAA-1","pbmc3k",4079,1332,1.98578082863447,"5","5"
"TGTCTAACCCCTTG-1","pbmc3k",1978,656,2.78058645096057,"0","0"
"TGTGACGATTCTCA-1","pbmc3k",3097,1226,1.54988698740717,"4","4"
"TGTGAGACTGTCAG-1","pbmc3k",2665,979,1.57598499061914,"5","5"
"TGTGAGACTTGAGC-1","pbmc3k",2446,816,2.37121831561733,"2","2"
"TGTGAGTGACCACA-1","pbmc3k",1583,582,3.15855969677827,"0","0"
"TGTGAGTGAGTGCT-1","pbmc3k",4108,1368,2.04479065238559,"5","5"
"TGTGAGTGGAGATA-1","pbmc3k",968,459,0.723140495867769,"4","4"
"TGTGATCTCTCTAT-1","pbmc3k",1690,638,2.9585798816568,"3","3"
"TGTGATCTGACACT-1","pbmc3k",1107,470,3.8843721770551,"0","0"
"TGTGGATGGCCAAT-1","pbmc3k",1942,647,2.67765190525232,"3","3"
"TGTTAAGACAAAGA-1","pbmc3k",848,414,1.7688679245283,"1","1"
"TGTTAAGATAAGGA-1","pbmc3k",2172,906,3.31491712707182,"1","1"
"TGTTACACCGCATA-1","pbmc3k",3410,1147,1.8475073313783,"5","5"
"TGTTACACGACTAC-1","pbmc3k",1953,732,3.07219662058372,"5","5"
"TGTTACTGGCTACA-1","pbmc3k",2483,992,3.02053966975433,"4","4"
"TGTTACTGTAGTCG-1","pbmc3k",1771,800,3.44438170525127,"4","4"
"TTAACCACCGTAAC-1","pbmc3k",2191,821,2.73847558192606,"0","0"
"TTAACCACTAAGGA-1","pbmc3k",1197,528,1.92147034252297,"4","4"
"TTAACCACTCAGAC-1","pbmc3k",1826,735,2.95728368017525,"4","4"
"TTACACACGTGTTG-1","pbmc3k",2612,805,1.56967840735069,"2","2"
"TTACACACTCCTAT-1","pbmc3k",2507,815,2.19385719984045,"0","0"
"TTACCATGAATCGC-1","pbmc3k",2420,888,3.30578512396694,"1","1"
"TTACCATGGTTGAC-1","pbmc3k",4142,1305,1.01400289715113,"2","2"
"TTACCATGTGTCTT-1","pbmc3k",1123,588,3.29474621549421,"4","4"
"TTACCATGTTGTGG-1","pbmc3k",1547,656,1.42210730446025,"3","3"
"TTACGACTGAGAGC-1","pbmc3k",3287,1153,1.73410404624277,"2","2"
"TTACGACTTGACAC-1","pbmc3k",1901,712,2.20936349289847,"1","1"
"TTACGTACGTTCAG-1","pbmc3k",942,321,2.76008492569002,"8","8"
"TTACTCGAAGAATG-1","pbmc3k",3860,1126,2.59067357512953,"1","1"
"TTACTCGACGCAAT-1","pbmc3k",5030,1602,2.48508946322068,"7","7"
"TTACTCGAGGGTGA-1","pbmc3k",2549,879,2.11847783444488,"0","0"
"TTACTCGATCTACT-1","pbmc3k",2550,1155,1.72549019607843,"6","6"
"TTAGAATGTGGTGT-1","pbmc3k",1740,642,1.72413793103448,"0","0"
"TTAGAATGTGTAGC-1","pbmc3k",627,285,3.34928229665072,"0","0"
"TTAGACCTCCTACC-1","pbmc3k",2485,825,4.34607645875252,"0","0"
"TTAGACCTCCTTTA-1","pbmc3k",2311,823,1.51449588922544,"1","1"
"TTAGCTACAACCGT-1","pbmc3k",2100,718,2.0952380952381,"0","0"
"TTAGCTACTGTCCC-1","pbmc3k",3699,1249,1.86536901865369,"1","1"
"TTAGCTACTTTCGT-1","pbmc3k",2921,971,4.31359123587812,"2","2"
"TTAGGGACGCGAAG-1","pbmc3k",2199,852,2.36471123237835,"4","4"
"TTAGGGTGCTGGAT-1","pbmc3k",2845,915,1.6871704745167,"3","3"
"TTAGGGTGTCCTGC-1","pbmc3k",2734,1053,3.10899780541331,"1","1"
"TTAGGTCTACTTTC-1","pbmc3k",1106,515,3.43580470162749,"1","1"
"TTAGTCACCAGTTG-1","pbmc3k",2674,1017,1.57068062827225,"2","2"
"TTAGTCTGAAAGCA-1","pbmc3k",2746,952,3.02257829570284,"3","3"
"TTAGTCTGCCAACA-1","pbmc3k",1733,830,2.42354298903635,"6","6"
"TTAGTCTGTGCACA-1","pbmc3k",1690,643,4.02366863905325,"2","2"
"TTATCCGACTAGTG-1","pbmc3k",1901,665,2.47238295633877,"3","3"
"TTATCCGAGAAAGT-1","pbmc3k",4229,1324,3.19224402932135,"1","1"
"TTATGAGAGATAAG-1","pbmc3k",1292,546,2.78637770897833,"0","0"
"TTATGCACGTCACA-1","pbmc3k",1590,636,1.82389937106918,"3","3"
"TTATGGCTTATGGC-1","pbmc3k",6164,1782,2.20635950681376,"7","7"
"TTATTCCTATGCTG-1","pbmc3k",3962,1210,2.19586067642605,"1","1"
"TTATTCCTGGACAG-1","pbmc3k",2513,787,1.31317150815758,"3","3"
"TTATTCCTGGTACT-1","pbmc3k",2492,804,2.44783306581059,"3","3"
"TTATTCCTTCGTGA-1","pbmc3k",3203,1100,2.46643771464252,"2","2"
"TTCAAAGATAAAGG-1","pbmc3k",2384,883,2.39093959731544,"4","4"
"TTCAACACAACAGA-1","pbmc3k",2429,847,1.19390695759572,"0","0"
"TTCAACACCCCAAA-1","pbmc3k",2092,786,2.39005736137667,"1","1"
"TTCAACACGGACGA-1","pbmc3k",2584,1013,2.01238390092879,"5","5"
"TTCAAGCTAAGAAC-1","pbmc3k",2640,1002,2.61363636363636,"1","1"
"TTCAAGCTAGATGA-1","pbmc3k",2972,914,2.35531628532974,"2","2"
"TTCAAGCTGTTGAC-1","pbmc3k",2373,816,1.98061525495154,"2","2"
"TTCAAGCTTGATGC-1","pbmc3k",2403,827,1.62297128589263,"0","0"
"TTCAAGCTTTCGCC-1","pbmc3k",2876,880,2.81641168289291,"0","0"
"TTCACAACCCGTTC-1","pbmc3k",2526,959,0.950118764845606,"1","1"
"TTCACAACGTCTGA-1","pbmc3k",677,394,0.590841949778434,"5","5"
"TTCAGACTACCCAA-1","pbmc3k",789,368,3.67553865652725,"0","0"
"TTCAGACTCTCGAA-1","pbmc3k",2261,784,0.973020787262273,"0","0"
"TTCAGTACCGACTA-1","pbmc3k",2767,927,1.73473075533068,"2","2"
"TTCAGTACTCAAGC-1","pbmc3k",5218,1377,2.26140283633576,"2","2"
"TTCAGTACTCCTAT-1","pbmc3k",1850,711,2.86486486486486,"1","1"
"TTCAGTTGCCAAGT-1","pbmc3k",2002,732,2.3976023976024,"2","2"
"TTCAGTTGTCCTTA-1","pbmc3k",1974,751,0.861195542046606,"7","7"
"TTCAGTTGTCTAGG-1","pbmc3k",1031,464,1.1639185257032,"0","0"
"TTCAGTTGTCTCGC-1","pbmc3k",1863,624,1.77133655394525,"3","3"
"TTCATCGAGGTGGA-1","pbmc3k",1913,734,1.4636696288552,"1","1"
"TTCATGTGTGGTGT-1","pbmc3k",3024,945,1.85185185185185,"2","2"
"TTCATTCTATGTCG-1","pbmc3k",2625,876,1.44761904761905,"1","1"
"TTCATTCTTCTCTA-1","pbmc3k",1985,646,3.8287153652393,"0","0"
"TTCCAAACCTATGG-1","pbmc3k",1054,533,1.23339658444023,"1","1"
"TTCCAAACCTCCCA-1","pbmc3k",2722,950,1.32255694342395,"3","3"
"TTCCAAACTCCCAC-1","pbmc3k",792,485,1.64141414141414,"6","6"
"TTCCAAACTTGACG-1","pbmc3k",1647,712,2.97510625379478,"4","4"
"TTCCATGACGAGAG-1","pbmc3k",1840,786,3.26086956521739,"1","1"
"TTCCATGACTGTCC-1","pbmc3k",1048,437,2.95801526717557,"0","0"
"TTCCCACTTGAGGG-1","pbmc3k",1518,805,2.30566534914361,"6","6"
"TTCCCACTTGTCTT-1","pbmc3k",3159,1012,1.80436847103514,"1","1"
"TTCCTAGAAAGTGA-1","pbmc3k",1551,550,0.386847195357834,"0","0"
"TTCCTAGACTAGTG-1","pbmc3k",1942,840,1.23583934088568,"5","5"
"TTCGAGGACTCTAT-1","pbmc3k",2744,927,2.29591836734694,"2","2"
"TTCGAGGAGGGCAA-1","pbmc3k",1816,757,1.65198237885463,"2","2"
"TTCGAGGATAGAAG-1","pbmc3k",2747,969,2.69384783400073,"5","5"
"TTCGATTGAGCATC-1","pbmc3k",1909,707,1.51911995809324,"0","0"
"TTCGGAGAATGCCA-1","pbmc3k",1189,565,2.85954583683768,"1","1"
"TTCGGAGATGTGCA-1","pbmc3k",2411,880,1.16134384072999,"0","0"
"TTCGTATGAAAAGC-1","pbmc3k",1990,800,1.60804020100503,"4","4"
"TTCGTATGGATAGA-1","pbmc3k",1980,870,1.31313131313131,"4","4"
"TTCGTATGGTCTGA-1","pbmc3k",2256,803,2.88120567375887,"0","0"
"TTCGTATGTCCTTA-1","pbmc3k",4346,1357,2.00184077312471,"1","1"
"TTCTACGAACGTAC-1","pbmc3k",2493,865,1.323706377858,"0","0"
"TTCTACGAGTTGGT-1","pbmc3k",2589,945,1.23599845500193,"2","2"
"TTCTAGTGACACGT-1","pbmc3k",3018,1068,1.02717031146455,"2","2"
"TTCTAGTGCATGAC-1","pbmc3k",2073,819,3.56970574047275,"1","1"
"TTCTAGTGGAGAGC-1","pbmc3k",1585,814,2.8391167192429,"6","6"
"TTCTAGTGGTCACA-1","pbmc3k",2832,1058,1.48305084745763,"1","1"
"TTCTCAGAAGAGAT-1","pbmc3k",2186,843,1.69258920402562,"0","0"
"TTCTCAGAAGCATC-1","pbmc3k",2497,881,2.12254705646776,"3","3"
"TTCTCAGATGGAGG-1","pbmc3k",2641,1049,0.719424460431655,"2","2"
"TTCTGATGGAGACG-1","pbmc3k",2434,1179,1.8898931799507,"6","6"
"TTCTTACTCTGGAT-1","pbmc3k",1740,717,2.24137931034483,"5","5"
"TTGAACCTCCTTGC-1","pbmc3k",1745,656,1.48997134670487,"3","3"
"TTGAATGAACTACG-1","pbmc3k",2286,879,2.40594925634296,"5","5"
"TTGAATGACTTACT-1","pbmc3k",2102,709,1.6650808753568,"0","0"
"TTGAATGATCTCAT-1","pbmc3k",2013,752,1.73869846000994,"3","3"
"TTGACACTCTGTAG-1","pbmc3k",1942,734,1.33882595262616,"0","0"
"TTGACACTGATAAG-1","pbmc3k",1314,602,2.66362252663623,"3","3"
"TTGAGGACAGAACA-1","pbmc3k",2955,943,2.91032148900169,"1","1"
"TTGAGGACTACGCA-1","pbmc3k",6342,1792,2.44402396720278,"7","7"
"TTGAGGTGGACGGA-1","pbmc3k",2011,712,1.04425658876181,"0","0"
"TTGCATTGAGCTAC-1","pbmc3k",1990,720,1.75879396984925,"4","4"
"TTGCATTGCTAAGC-1","pbmc3k",3244,1093,4.99383477188656,"1","1"
"TTGCATTGTGACTG-1","pbmc3k",2438,810,1.72272354388843,"0","0"
"TTGCTAACACCAAC-1","pbmc3k",1918,785,2.13764337851929,"4","4"
"TTGCTAACACGCTA-1","pbmc3k",2573,914,1.98212203653323,"5","5"
"TTGCTAACCACTCC-1","pbmc3k",1939,652,2.26921093347086,"0","0"
"TTGCTATGGTACGT-1","pbmc3k",3108,1103,2.05920205920206,"1","1"
"TTGCTATGGTAGGG-1","pbmc3k",3404,1266,2.40893066980024,"5","5"
"TTGGAGACCAATCG-1","pbmc3k",4164,1237,1.17675312199808,"2","2"
"TTGGAGACGCTATG-1","pbmc3k",2662,862,2.40420736288505,"1","1"
"TTGGAGACTATGGC-1","pbmc3k",1778,738,2.86839145106862,"3","3"
"TTGGGAACTGAACC-1","pbmc3k",2651,857,2.1124104111656,"0","0"
"TTGGTACTACTGGT-1","pbmc3k",3265,1063,2.84839203675345,"1","1"
"TTGGTACTCTTAGG-1","pbmc3k",2926,750,1.74299384825701,"0","0"
"TTGGTACTGAATCC-1","pbmc3k",1855,615,2.53369272237197,"3","3"
"TTGGTACTGGATTC-1","pbmc3k",1883,721,1.91184280403611,"3","3"
"TTGTACACGTTGTG-1","pbmc3k",1536,570,3.77604166666667,"3","3"
"TTGTACACTTGCAG-1","pbmc3k",2258,859,1.37289636846767,"2","2"
"TTGTAGCTAGCTCA-1","pbmc3k",2517,931,2.2248708780294,"2","2"
"TTGTAGCTCTCTTA-1","pbmc3k",2134,805,2.62417994376757,"3","3"
"TTGTCATGGACGGA-1","pbmc3k",2176,1080,1.83823529411765,"6","6"
"TTTAGAGATCCTCG-1","pbmc3k",2362,820,1.35478408128704,"3","3"
"TTTAGCTGATACCG-1","pbmc3k",2754,885,2.2875816993464,"0","0"
"TTTAGCTGGATACC-1","pbmc3k",2454,850,1.10024449877751,"1","1"
"TTTAGCTGTACTCT-1","pbmc3k",5671,1560,2.11602891906189,"7","7"
"TTTAGGCTCCTTTA-1","pbmc3k",1981,800,2.32205956587582,"1","1"
"TTTATCCTGTTGTG-1","pbmc3k",3679,1155,1.30470236477304,"1","1"
"TTTCACGAGGTTCA-1","pbmc3k",2036,720,1.32612966601179,"0","0"
"TTTCAGTGGAAGGC-1","pbmc3k",1780,691,1.51685393258427,"4","4"
"TTTCAGTGTCACGA-1","pbmc3k",1632,698,3.43137254901961,"3","3"
"TTTCAGTGTCTATC-1","pbmc3k",937,458,2.45464247598719,"1","1"
"TTTCAGTGTGCAGT-1","pbmc3k",1321,636,1.89250567751703,"3","3"
"TTTCCAGAGGTGAG-1","pbmc3k",2187,873,0.685871056241427,"2","2"
"TTTCGAACACCTGA-1","pbmc3k",4455,1539,1.30190796857464,"7","7"
"TTTCGAACTCTCAT-1","pbmc3k",3459,1153,2.11043654235328,"1","1"
"TTTCTACTGAGGCA-1","pbmc3k",3443,1224,0.929422015683997,"3","3"
"TTTCTACTTCCTCG-1","pbmc3k",1684,622,2.19714964370546,"3","3"
"TTTGCATGAGAGGC-1","pbmc3k",1022,452,2.05479452054794,"3","3"
"TTTGCATGCCTCAC-1","pbmc3k",1984,723,0.806451612903226,"0","0"
